{"RandomPaperID":1000,"Questions":[{"QuestionID":392,"QuestionType":"禁毒知识","Content":"孕妇涉毒犯罪有可能免除刑责。","Score":5,"Options":[{"Sign":"A","Content":"正确"},{"Sign":"B","Content":"错误"}]},{"QuestionID":118,"QuestionType":"禁毒知识","Content":"金新月国际毒源地是指以下哪几个国家的交界地带？","Score":5,"Options":[{"Sign":"A","Content":"老挝、缅甸、泰国"},{"Sign":"B","Content":"伊朗、阿富汗、巴基斯坦"},{"Sign":"C","Content":"印度、斯里兰卡、阿联酋"},{"Sign":"D","Content":"新加坡、伊朗、菲律宾"}]},{"QuestionID":222,"QuestionType":"禁毒知识","Content":"长期吸食以后，情绪激昂冲动。就算是停止复吸，戒断很久以后，都容易出现幻听、幻觉、被害妄想等精神病稽延症状。这是（　）类毒品的精神病态特征。","Score":5,"Options":[{"Sign":"A","Content":"麻醉类"},{"Sign":"B","Content":"海洛因"},{"Sign":"C","Content":"苯丙胺(冰毒)"},{"Sign":"D","Content":"杜冷丁"}]},{"QuestionID":161,"QuestionType":"禁毒知识","Content":"如果自己一个人在家，遇到有不明的快递物品送到家里，我们应该先电话向父母问核实情况，才能开门接受快递员送的东西。这种说法正确吗？","Score":5,"Options":[{"Sign":"A","Content":"正确"},{"Sign":"B","Content":"错误"}]},{"QuestionID":27,"QuestionType":"禁毒知识","Content":"《中华人民共和国禁毒法》自（ ）起施行。","Score":5,"Options":[{"Sign":"A","Content":"2007年12月29日"},{"Sign":"B","Content":"2008年1月1日"},{"Sign":"C","Content":"2008年6月1日"},{"Sign":"D","Content":"2008年6月26日"}]},{"QuestionID":302,"QuestionType":"禁毒知识","Content":"下列不属于合成毒品的是（　） 。","Score":5,"Options":[{"Sign":"A","Content":"海洛因"},{"Sign":"B","Content":"摇头丸"},{"Sign":"C","Content":"冰毒"},{"Sign":"D","Content":"K粉"}]},{"QuestionID":405,"QuestionType":"禁毒知识","Content":"张某吸毒，有时让王某为其购买毒品，王某借机从中牟利，对王某的行为是否应追究刑事责任？（  ）","Score":5,"Options":[{"Sign":"A","Content":"应该"},{"Sign":"B","Content":"不应该"},{"Sign":"C","Content":"由所涉毒品数量决定"}]},{"QuestionID":117,"QuestionType":"禁毒知识","Content":"戒毒治疗不得以营利为目的。","Score":5,"Options":[{"Sign":"A","Content":"正确"},{"Sign":"B","Content":"错误"}]},{"QuestionID":309,"QuestionType":"禁毒知识","Content":"下列属于合成毒品的是（　）。","Score":5,"Options":[{"Sign":"A","Content":"可卡因"},{"Sign":"B","Content":"鸦片"},{"Sign":"C","Content":"冰毒"},{"Sign":"D","Content":"大麻"}]},{"QuestionID":190,"QuestionType":"禁毒知识","Content":"吸食毒品因共用针具容易导致艾滋病与丙型肝炎等类疾病的传播。","Score":5,"Options":[{"Sign":"A","Content":"正确"},{"Sign":"B","Content":"错误"}]},{"QuestionID":227,"QuestionType":"禁毒知识","Content":"众多种类的毒品之中有很多的致幻类药品，这其中有迷幻剂药物的代表，它是已知药力最强的致幻剂。它是（　）。","Score":5,"Options":[{"Sign":"A","Content":"K粉"},{"Sign":"B","Content":"三唑伦"},{"Sign":"C","Content":"麦角酰二乙胺"},{"Sign":"D","Content":"可卡因"}]},{"QuestionID":16,"QuestionType":"禁毒知识","Content":"（ ）俗名“可可精”，是从古柯叶中分离出来的一种最主要的生物碱，属中枢神经兴奋剂，呈白色晶体状，无气味，味略苦而麻，兴奋作用强。","Score":5,"Options":[{"Sign":"A","Content":"海洛因"},{"Sign":"B","Content":"可卡因"},{"Sign":"C","Content":"大麻"},{"Sign":"D","Content":"鸦片"}]},{"QuestionID":401,"QuestionType":"禁毒知识","Content":"在药理上，海洛因的镇痛效力是吗啡的几倍？（  ）","Score":5,"Options":[{"Sign":"A","Content":"4至8倍"},{"Sign":"B","Content":"1至2倍"},{"Sign":"C","Content":"8倍以上"}]},{"QuestionID":396,"QuestionType":"禁毒知识","Content":"在容易接触的的毒品中，有一种属于荨麻目大麻科草本植物，其主要有化学成分为四氢大麻酚（THC），它被人们成为“（　） ”。","Score":5,"Options":[{"Sign":"A","Content":"氟硝安定"},{"Sign":"B","Content":"大麻"},{"Sign":"C","Content":"冰毒"},{"Sign":"D","Content":"海洛因"}]},{"QuestionID":6,"QuestionType":"禁毒知识","Content":"按药物对人体大脑中枢神经所产生的作用，可将毒品分为麻醉药品和精神药品。","Score":5,"Options":[{"Sign":"A","Content":"正确"},{"Sign":"B","Content":"错误"}]},{"QuestionID":311,"QuestionType":"禁毒知识","Content":"下列说法正确的是 。（  ）","Score":5,"Options":[{"Sign":"A","Content":"吸毒成瘾是一种脑病"},{"Sign":"B","Content":"少量吸毒对身体没有损害"},{"Sign":"C","Content":"只吸几次毒不会上瘾"},{"Sign":"D","Content":"吸食合成毒品危害比较传统毒品要小"}]},{"QuestionID":324,"QuestionType":"禁毒知识","Content":"小丁13岁，被毒贩子教唆利用帮助贩毒集团贩毒，并伴随有吸毒行为，小丁虽然不用承担刑事责任，但应该进行戒毒治疗。这种说法（  ）。","Score":5,"Options":[{"Sign":"A","Content":"正确"},{"Sign":"B","Content":"错误"}]},{"QuestionID":429,"QuestionType":"禁毒知识","Content":"古柯原植物经过提纯以后得到的毒品是（）","Score":5,"Options":[{"Sign":"A","Content":"迷幻蘑菇"},{"Sign":"B","Content":"海洛因"},{"Sign":"C","Content":"冰毒"},{"Sign":"D","Content":"可卡因"}]},{"QuestionID":249,"QuestionType":"禁毒知识","Content":"未成年人的父母或者其他监护人应当对未成年人进行毒品危害的教育，防止其吸食、注射毒品或者进行其他毒品违法犯罪活动。","Score":5,"Options":[{"Sign":"A","Content":"正确"},{"Sign":"B","Content":"错误"}]},{"QuestionID":10,"QuestionType":"禁毒知识","Content":"经强制隔离戒毒后又吸食，注射毒品的，构成吸食毒品罪。","Score":5,"Options":[{"Sign":"A","Content":"正确"},{"Sign":"B","Content":"错误"}]}]}