{"RandomPaperID":104,"Questions":[{"QuestionID":261,"QuestionType":"禁毒知识","Content":"我国吸毒人员吸食的毒品中，吸食最多的毒品是（　）。","Score":5,"Options":[{"Sign":"A","Content":"传统毒品"},{"Sign":"B","Content":"合成毒品"},{"Sign":"C","Content":"新精神活性物质"}]},{"QuestionID":231,"QuestionType":"禁毒知识","Content":"社区康复的期限为（　）。","Score":5,"Options":[{"Sign":"A","Content":"1年"},{"Sign":"B","Content":"2年"},{"Sign":"C","Content":"不超过3年"},{"Sign":"D","Content":"6个月"}]},{"QuestionID":410,"QuestionType":"禁毒知识","Content":"长期吸毒会使吸毒者沉溺于虚幻的自我体验中而不能自拔，使其丧失对生活的热爱、丧失对人际交往的兴趣，这是毒品的社会危害。","Score":5,"Options":[{"Sign":"A","Content":"正确"},{"Sign":"B","Content":"错误"}]},{"QuestionID":330,"QuestionType":"禁毒知识","Content":"新闻、出版、文化、广播、电影、电视等有关单位，应当有针对性地面向社会进行禁毒宣传教育。","Score":5,"Options":[{"Sign":"A","Content":"正确"},{"Sign":"B","Content":"错误"}]},{"QuestionID":132,"QuestionType":"禁毒知识","Content":"麻醉药品、精神药品和易制毒化学品管理的具体办法，由（　）规定。","Score":5,"Options":[{"Sign":"A","Content":"公安部"},{"Sign":"B","Content":"国家禁毒委"},{"Sign":"C","Content":"国务院"},{"Sign":"D","Content":"卫生部"}]},{"QuestionID":42,"QuestionType":"禁毒知识","Content":"当发现有人可能正在吸毒或实施涉及毒品的违法犯罪行为时，应该 （  ）。","Score":5,"Options":[{"Sign":"A","Content":"尽快离开，确保安全情况下报警"},{"Sign":"B","Content":"事不关己"},{"Sign":"C","Content":"好奇上前去看个究竟"},{"Sign":"D","Content":"马上阻止其违法犯罪行为"}]},{"QuestionID":128,"QuestionType":"禁毒知识","Content":"李某为炫耀，将50克冰毒放在身上，后被民警抓获，李某构成（　）。","Score":5,"Options":[{"Sign":"A","Content":"吸毒"},{"Sign":"B","Content":"非法持有毒品罪"},{"Sign":"C","Content":"贩卖毒品罪"},{"Sign":"D","Content":"窝藏毒品罪"}]},{"QuestionID":246,"QuestionType":"禁毒知识","Content":"为吸毒者提供打火机、吸管等吸毒场所、工具，但自己并不吸毒，所以不用承担法律责任。这种说法（  ）","Score":5,"Options":[{"Sign":"A","Content":"正确"},{"Sign":"B","Content":"错误"}]},{"QuestionID":136,"QuestionType":"禁毒知识","Content":"麦角酰二乙胺属于新兴合成毒品中致幻剂的典型代表。","Score":5,"Options":[{"Sign":"A","Content":"正确"},{"Sign":"B","Content":"错误"}]},{"QuestionID":117,"QuestionType":"禁毒知识","Content":"戒毒治疗不得以营利为目的。","Score":5,"Options":[{"Sign":"A","Content":"正确"},{"Sign":"B","Content":"错误"}]},{"QuestionID":277,"QuestionType":"禁毒知识","Content":"吸毒会耗费越来越多的家庭财产。","Score":5,"Options":[{"Sign":"A","Content":"正确"},{"Sign":"B","Content":"错误"}]},{"QuestionID":109,"QuestionType":"禁毒知识","Content":"教育部门应编写禁毒教材，各级各类学校必须专门开设禁毒教育课，将禁毒教育列为学校教育的内容。","Score":5,"Options":[{"Sign":"A","Content":"正确"},{"Sign":"B","Content":"错误"}]},{"QuestionID":227,"QuestionType":"禁毒知识","Content":"众多种类的毒品之中有很多的致幻类药品，这其中有迷幻剂药物的代表，它是已知药力最强的致幻剂。它是（　）。","Score":5,"Options":[{"Sign":"A","Content":"K粉"},{"Sign":"B","Content":"三唑伦"},{"Sign":"C","Content":"麦角酰二乙胺"},{"Sign":"D","Content":"可卡因"}]},{"QuestionID":300,"QuestionType":"禁毒知识","Content":"吸食注射毒品成瘾的，应当戒除毒瘾。","Score":5,"Options":[{"Sign":"A","Content":"正确"},{"Sign":"B","Content":"错误"}]},{"QuestionID":413,"QuestionType":"禁毒知识","Content":"长期吸食以后，情绪亢奋冲动。就算是停止复吸，戒断很久以后，都容易出现幻听、幻觉、被害妄想等精神病稽延症状。这是（　）类毒品的精神病态特征。","Score":5,"Options":[{"Sign":"A","Content":"大麻类"},{"Sign":"B","Content":"鸦片类"},{"Sign":"C","Content":"苯丙胺类"},{"Sign":"D","Content":"古柯类"}]},{"QuestionID":381,"QuestionType":"禁毒知识","Content":"由于我国西南边境毗邻世界最主要的毒源地（　），造成毒源地的毒品大量流入我国，部分经我国中转走私到其他国家和地区。","Score":5,"Options":[{"Sign":"A","Content":"金三角"},{"Sign":"B","Content":"银三角"},{"Sign":"C","Content":"金新月"}]},{"QuestionID":360,"QuestionType":"禁毒知识","Content":"以下哪些是我国刑法所界定的毒品？（  ）","Score":5,"Options":[{"Sign":"A","Content":"鸦片、海洛因、甲基苯丙胺(冰毒)、吗啡、大麻、可卡因"},{"Sign":"B","Content":"挥发性溶剂"},{"Sign":"C","Content":"烟草、酒精"}]},{"QuestionID":319,"QuestionType":"禁毒知识","Content":"下列有关世界三大毒源地叙述正确的是（　）。","Score":5,"Options":[{"Sign":"A","Content":"“金三角”位于老挝、越南、缅甸三国的接壤地区"},{"Sign":"B","Content":"“金新月”位于阿富汗、巴基斯坦、伊朗三国的接壤地区"},{"Sign":"C","Content":"“银三角”位于南美洲的哥伦比亚境内"}]},{"QuestionID":377,"QuestionType":"禁毒知识","Content":"罂粟是几年生草本植物？（  ）","Score":5,"Options":[{"Sign":"A","Content":"1"},{"Sign":"B","Content":"2"},{"Sign":"C","Content":"3"}]},{"QuestionID":354,"QuestionType":"禁毒知识","Content":"一位“朋友”以“参加朋友聚会”为由将你带至他的家中，然后提出玩点“小刺激”，引诱你使用某种物品，你应该选择的拒绝方式是（  ）","Score":5,"Options":[{"Sign":"A","Content":"直接说不"},{"Sign":"B","Content":"寻找借口离开"},{"Sign":"C","Content":"提出新建议"},{"Sign":"D","Content":"ABC都是"}]}]}