{"RandomPaperID":109,"Questions":[{"QuestionID":165,"QuestionType":"禁毒知识","Content":"生理戒断是指尿检呈阴性，戒断症状消失。","Score":5,"Options":[{"Sign":"A","Content":"正确"},{"Sign":"B","Content":"错误"}]},{"QuestionID":176,"QuestionType":"禁毒知识","Content":"吸毒，也称“药物滥用”，就是出于（　）目的，通过注射、口服、鼻吸或其他方式将毒品摄入人体的行为。","Score":5,"Options":[{"Sign":"A","Content":"非医疗"},{"Sign":"B","Content":"治病"},{"Sign":"C","Content":"麻醉"},{"Sign":"D","Content":"交友"}]},{"QuestionID":59,"QuestionType":"禁毒知识","Content":"对吸毒成瘾人员，公安机关可以责令其接受（  ），期限为三年，同时通知吸毒人员户籍所在地或者现居住地的城市街道办事处、乡镇人民政府。","Score":5,"Options":[{"Sign":"A","Content":"社区戒毒"},{"Sign":"B","Content":"强制隔离戒毒"},{"Sign":"C","Content":"限期戒毒"},{"Sign":"D","Content":"社区康复"}]},{"QuestionID":155,"QuestionType":"禁毒知识","Content":"人们常说“毒品猛于虎”，毒品的危害除了对身心的危害，严重摧残吸毒者的身体之外，还包括（　） 。（  ）","Score":5,"Options":[{"Sign":"A","Content":"对家庭的危害"},{"Sign":"B","Content":"对社会的危害"},{"Sign":"C","Content":"对他人的危害"},{"Sign":"D","Content":"以上A和B"}]},{"QuestionID":285,"QuestionType":"禁毒知识","Content":"吸毒是违法行为。（  ）","Score":5,"Options":[{"Sign":"A","Content":"正确"},{"Sign":"B","Content":"错误"}]},{"QuestionID":159,"QuestionType":"禁毒知识","Content":"如果有人在我们周围大量生产制造冰毒，很容易产生大量刺鼻的刺激性气味。这种说法正确吗？","Score":5,"Options":[{"Sign":"A","Content":"正确"},{"Sign":"B","Content":"错误"}]},{"QuestionID":385,"QuestionType":"禁毒知识","Content":"有人说大麻成瘾性小，偶尔吸食一两次没关系；但实际上大麻危害极大，吸食会造成“致畸、致癌、致突变”。","Score":5,"Options":[{"Sign":"A","Content":"正确"},{"Sign":"B","Content":"错误"}]},{"QuestionID":291,"QuestionType":"禁毒知识","Content":"吸毒者在今后的人生道路上应该选择的正确生活态度是（　）。","Score":5,"Options":[{"Sign":"A","Content":"最后吸一次，以后再也不吸了"},{"Sign":"B","Content":"及时行乐，吸毒无害"},{"Sign":"C","Content":"时而坚定，时而动摇"},{"Sign":"D","Content":"戒除毒瘾，回归社会"}]},{"QuestionID":10,"QuestionType":"禁毒知识","Content":"经强制隔离戒毒后又吸食，注射毒品的，构成吸食毒品罪。","Score":5,"Options":[{"Sign":"A","Content":"正确"},{"Sign":"B","Content":"错误"}]},{"QuestionID":52,"QuestionType":"禁毒知识","Content":"毒品起源于（　） 。","Score":5,"Options":[{"Sign":"A","Content":"矿物"},{"Sign":"B","Content":"动物"},{"Sign":"C","Content":"植物"},{"Sign":"D","Content":"毒物"}]},{"QuestionID":377,"QuestionType":"禁毒知识","Content":"罂粟是几年生草本植物？（  ）","Score":5,"Options":[{"Sign":"A","Content":"1"},{"Sign":"B","Content":"2"},{"Sign":"C","Content":"3"}]},{"QuestionID":203,"QuestionType":"禁毒知识","Content":"一个完整的戒毒过程，包含（ ）。","Score":5,"Options":[{"Sign":"A","Content":"脱毒、康复、回归社会三部分"},{"Sign":"B","Content":"B强制戒毒一部分"},{"Sign":"C","Content":"社区戒毒"},{"Sign":"D","Content":"社区康复"}]},{"QuestionID":421,"QuestionType":"禁毒知识","Content":"制定《禁毒法》的必要性是（  ）","Score":5,"Options":[{"Sign":"A","Content":"应对严峻的毒品违法犯罪形势的需要"},{"Sign":"B","Content":"进一步完善我国预防和惩治毒品违法犯罪法律体系的需要"},{"Sign":"C","Content":"履行国际禁毒公约的需要"},{"Sign":"D","Content":"A.B和C"}]},{"QuestionID":416,"QuestionType":"禁毒知识","Content":"只要坚决不接触毒品，不交毒友，时刻保持警惕，就不会沾染毒品。","Score":5,"Options":[{"Sign":"A","Content":"正确"},{"Sign":"B","Content":"错误"}]},{"QuestionID":53,"QuestionType":"禁毒知识","Content":"毒品区别于其他毒物的自然特征是（　） 。","Score":5,"Options":[{"Sign":"A","Content":"非法性"},{"Sign":"B","Content":"成瘾性"},{"Sign":"C","Content":"危害性"},{"Sign":"D","Content":"合法性"}]},{"QuestionID":180,"QuestionType":"禁毒知识","Content":"吸毒成瘾人员自愿接受强制隔离戒毒的，经公安机关同意，可以进入强制隔离戒毒场所戒毒。","Score":5,"Options":[{"Sign":"A","Content":"正确"},{"Sign":"B","Content":"错误"}]},{"QuestionID":171,"QuestionType":"禁毒知识","Content":"我国《禁毒法》明确了（　），综合治理，禁种、禁制、禁贩、禁吸的禁毒方针？","Score":5,"Options":[{"Sign":"A","Content":"预防为本"},{"Sign":"B","Content":"预防为主"},{"Sign":"C","Content":"打击为主"},{"Sign":"D","Content":"打防并举"}]},{"QuestionID":228,"QuestionType":"禁毒知识","Content":"擅自开办戒毒脱瘾治疗业务的，由卫生部门依法予以取缔和处罚。有毒品违法犯罪行为的，应当移送公安机关处理。","Score":5,"Options":[{"Sign":"A","Content":"正确"},{"Sign":"B","Content":"错误"}]},{"QuestionID":27,"QuestionType":"禁毒知识","Content":"《中华人民共和国禁毒法》自（ ）起施行。","Score":5,"Options":[{"Sign":"A","Content":"2007年12月29日"},{"Sign":"B","Content":"2008年1月1日"},{"Sign":"C","Content":"2008年6月1日"},{"Sign":"D","Content":"2008年6月26日"}]},{"QuestionID":77,"QuestionType":"禁毒知识","Content":"根据（　） 需要，依法可以生产、经营、使用、储存、运输麻醉药品和精神药品。","Score":5,"Options":[{"Sign":"A","Content":"医疗、教学、及科研"},{"Sign":"B","Content":"宣传"},{"Sign":"C","Content":"消费市场"},{"Sign":"D","Content":"大众生活"}]}]}