{"RandomPaperID":116,"Questions":[{"QuestionID":241,"QuestionType":"禁毒知识","Content":"天然类毒品是指直接从毒品原植物中提取的毒品，常见的主要有大麻、鸦片、冰毒及麦司卡林等。","Score":5,"Options":[{"Sign":"A","Content":"正确"},{"Sign":"B","Content":"错误"}]},{"QuestionID":406,"QuestionType":"禁毒知识","Content":"张某在甲市吸毒，被当地公安机关依法处理。到乙市后，当地公安机关发现其曾在甲市吸毒，乙市公安机关( )对同一行为作出处理决定。","Score":5,"Options":[{"Sign":"A","Content":"可以"},{"Sign":"B","Content":"应当"},{"Sign":"C","Content":"不得"}]},{"QuestionID":171,"QuestionType":"禁毒知识","Content":"我国《禁毒法》明确了（　），综合治理，禁种、禁制、禁贩、禁吸的禁毒方针？","Score":5,"Options":[{"Sign":"A","Content":"预防为本"},{"Sign":"B","Content":"预防为主"},{"Sign":"C","Content":"打击为主"},{"Sign":"D","Content":"打防并举"}]},{"QuestionID":24,"QuestionType":"禁毒知识","Content":"《禁毒法》规定，娱乐场所应当建立（  ）制度，发现娱乐场所内有毒品违法犯罪活动的，应当立即向公安机关报告。","Score":5,"Options":[{"Sign":"A","Content":"巡查"},{"Sign":"B","Content":"巡逻"},{"Sign":"C","Content":"检查"},{"Sign":"D","Content":"清查"}]},{"QuestionID":136,"QuestionType":"禁毒知识","Content":"麦角酰二乙胺属于新兴合成毒品中致幻剂的典型代表。","Score":5,"Options":[{"Sign":"A","Content":"正确"},{"Sign":"B","Content":"错误"}]},{"QuestionID":195,"QuestionType":"禁毒知识","Content":"下列哪个不属于吸毒者吸食毒品的方式？（  ）","Score":5,"Options":[{"Sign":"A","Content":"吸入式"},{"Sign":"B","Content":"口服式"},{"Sign":"C","Content":"静脉注射式"},{"Sign":"D","Content":"滴入式"}]},{"QuestionID":233,"QuestionType":"禁毒知识","Content":"世界上第一个国际禁毒公约是（　） 。","Score":5,"Options":[{"Sign":"A","Content":"《1971年精神药物公约》"},{"Sign":"B","Content":"《海牙禁烟公约》"},{"Sign":"C","Content":"《61公约》"},{"Sign":"D","Content":"《88公约》"}]},{"QuestionID":222,"QuestionType":"禁毒知识","Content":"长期吸食以后，情绪激昂冲动。就算是停止复吸，戒断很久以后，都容易出现幻听、幻觉、被害妄想等精神病稽延症状。这是（　）类毒品的精神病态特征。","Score":5,"Options":[{"Sign":"A","Content":"麻醉类"},{"Sign":"B","Content":"海洛因"},{"Sign":"C","Content":"苯丙胺(冰毒)"},{"Sign":"D","Content":"杜冷丁"}]},{"QuestionID":120,"QuestionType":"禁毒知识","Content":"经有关部门批准，个人可以开办戒毒脱瘾治疗业务。","Score":5,"Options":[{"Sign":"A","Content":"正确"},{"Sign":"B","Content":"错误"}]},{"QuestionID":10,"QuestionType":"禁毒知识","Content":"经强制隔离戒毒后又吸食，注射毒品的，构成吸食毒品罪。","Score":5,"Options":[{"Sign":"A","Content":"正确"},{"Sign":"B","Content":"错误"}]},{"QuestionID":363,"QuestionType":"禁毒知识","Content":"以下哪种说法不正确？（  ）","Score":5,"Options":[{"Sign":"A","Content":"心理治疗是帮助成瘾者戒毒的有效方法之一"},{"Sign":"B","Content":"冷火鸡疗法是海洛因成瘾者戒毒的方法之一"},{"Sign":"C","Content":"美沙酮替代治疗能帮助冰毒成瘾者戒断毒瘾"},{"Sign":"D","Content":"美沙酮替代治疗能帮助海洛因成瘾者降低危害"}]},{"QuestionID":8,"QuestionType":"禁毒知识","Content":"不属于阿片类毒品的是（  ）","Score":5,"Options":[{"Sign":"A","Content":"吗啡"},{"Sign":"B","Content":"海洛因"},{"Sign":"C","Content":"冰毒"},{"Sign":"D","Content":"美沙酮"}]},{"QuestionID":387,"QuestionType":"禁毒知识","Content":"娱乐场所应当开展禁毒宣传教育，建立巡查制度，发现娱乐场所内 有毒品违法犯罪活的，应当（　）。","Score":5,"Options":[{"Sign":"A","Content":"自行处理"},{"Sign":"B","Content":"立即向公安机关报告"},{"Sign":"C","Content":"自愿报告"}]},{"QuestionID":74,"QuestionType":"禁毒知识","Content":"负责社区戒毒工作的是（  ）。","Score":5,"Options":[{"Sign":"A","Content":"公安机关"},{"Sign":"B","Content":"卫生行政部门"},{"Sign":"C","Content":"城市街道办事处、乡镇人民政府"},{"Sign":"D","Content":"司法机关"}]},{"QuestionID":277,"QuestionType":"禁毒知识","Content":"吸毒会耗费越来越多的家庭财产。","Score":5,"Options":[{"Sign":"A","Content":"正确"},{"Sign":"B","Content":"错误"}]},{"QuestionID":319,"QuestionType":"禁毒知识","Content":"下列有关世界三大毒源地叙述正确的是（　）。","Score":5,"Options":[{"Sign":"A","Content":"“金三角”位于老挝、越南、缅甸三国的接壤地区"},{"Sign":"B","Content":"“金新月”位于阿富汗、巴基斯坦、伊朗三国的接壤地区"},{"Sign":"C","Content":"“银三角”位于南美洲的哥伦比亚境内"}]},{"QuestionID":183,"QuestionType":"禁毒知识","Content":"吸毒的危害有哪些方面？（  ）","Score":5,"Options":[{"Sign":"A","Content":"危害个人，包括：摧残人的身体、扭曲人格、引发自伤、自残、自杀的行为、传播疾病等。"},{"Sign":"B","Content":"危害家庭，包括：对家庭成员身心摧残、导致倾家荡产、家破人亡、贻害后代等。"},{"Sign":"C","Content":"危害社会，包括：诱发违法犯罪、影响国民素质、吞噬社会巨额财富、影响国计民生等。"},{"Sign":"D","Content":"A.B和C"}]},{"QuestionID":85,"QuestionType":"禁毒知识","Content":"根据我国现行法律法规，对夫妻一方在从事赌博、吸毒等违法犯罪活动中所负债务，另一方仍需承担责任。","Score":5,"Options":[{"Sign":"A","Content":"正确"},{"Sign":"B","Content":"错误"}]},{"QuestionID":46,"QuestionType":"禁毒知识","Content":"到民国时期，（　）已经取代英国成为向中国输入毒品最多的国家。","Score":5,"Options":[{"Sign":"A","Content":"美国"},{"Sign":"B","Content":"荷兰"},{"Sign":"C","Content":"日本"},{"Sign":"D","Content":"意大利"}]},{"QuestionID":259,"QuestionType":"禁毒知识","Content":"我国新发现的90%以上的艾滋病病毒感染者主要感染途径是（　）。","Score":5,"Options":[{"Sign":"A","Content":"母婴传播"},{"Sign":"B","Content":"性传播"},{"Sign":"C","Content":"注射毒品"},{"Sign":"D","Content":"输血"}]}]}