{"RandomPaperID":120,"Questions":[{"QuestionID":223,"QuestionType":"禁毒知识","Content":"郑某在南方某地购得15克海洛因藏在家中准备自己吸食，后被公安机关查获，郑某的行为构成了什么罪？（  ）","Score":5,"Options":[{"Sign":"A","Content":"贩卖毒品罪"},{"Sign":"B","Content":"非法持有毒品罪"},{"Sign":"C","Content":"不构成犯罪"},{"Sign":"D","Content":"私藏毒品罪"}]},{"QuestionID":66,"QuestionType":"禁毒知识","Content":"发现吸贩毒情况，想向公安机关举报应拨打电话号码（  ）。","Score":5,"Options":[{"Sign":"A","Content":"114"},{"Sign":"B","Content":"119"},{"Sign":"C","Content":"110"},{"Sign":"D","Content":"120"}]},{"QuestionID":39,"QuestionType":"禁毒知识","Content":"从毒品对人的中枢神经的作用看，可分为抑制剂、致幻剂和兴奋剂等，其中属于抑制剂的毒品种类是（  ）。","Score":5,"Options":[{"Sign":"A","Content":"巴比妥类"},{"Sign":"B","Content":"苯丙胺类"},{"Sign":"C","Content":"麦司卡林"},{"Sign":"D","Content":"LSD"}]},{"QuestionID":50,"QuestionType":"禁毒知识","Content":"第一次将毒品犯罪规定为国际犯罪的公约是（　） 。","Score":5,"Options":[{"Sign":"A","Content":"《禁止非法贩运麻醉药品和精神药物公约》"},{"Sign":"B","Content":"《海牙鸦片公约》"},{"Sign":"C","Content":"《日内瓦禁毒公约》"},{"Sign":"D","Content":"《麻醉药品单一公约》"}]},{"QuestionID":169,"QuestionType":"禁毒知识","Content":"为了引起人们更广泛的关注，世界卫生组织将每年（ ）定为“世界艾滋病日”。","Score":5,"Options":[{"Sign":"A","Content":"3月14日"},{"Sign":"B","Content":"6月26日"},{"Sign":"C","Content":"9月10日"},{"Sign":"D","Content":"12月1日"}]},{"QuestionID":298,"QuestionType":"禁毒知识","Content":"吸食合成毒品危害比较传统毒品要小。","Score":5,"Options":[{"Sign":"A","Content":"正确"},{"Sign":"B","Content":"错误"}]},{"QuestionID":198,"QuestionType":"禁毒知识","Content":"下列选项中对我国毒品消费形势表述正确的是 。（  ）","Score":5,"Options":[{"Sign":"A","Content":"毒品消费者市场逐步减少"},{"Sign":"B","Content":"35岁以下青少年吸毒人数约比高"},{"Sign":"C","Content":"吸食合成毒品的人数下降"},{"Sign":"D","Content":"吸毒人数减少"}]},{"QuestionID":391,"QuestionType":"禁毒知识","Content":"远离毒品仅指“空间远离”。","Score":5,"Options":[{"Sign":"A","Content":"正确"},{"Sign":"B","Content":"错误"}]},{"QuestionID":128,"QuestionType":"禁毒知识","Content":"李某为炫耀，将50克冰毒放在身上，后被民警抓获，李某构成（　）。","Score":5,"Options":[{"Sign":"A","Content":"吸毒"},{"Sign":"B","Content":"非法持有毒品罪"},{"Sign":"C","Content":"贩卖毒品罪"},{"Sign":"D","Content":"窝藏毒品罪"}]},{"QuestionID":64,"QuestionType":"禁毒知识","Content":"对自愿接受戒毒治疗的吸毒人员，公安机关对其原吸毒行为可（　）。","Score":5,"Options":[{"Sign":"A","Content":"减轻处罚"},{"Sign":"B","Content":"不予处罚"},{"Sign":"C","Content":"从重处罚"}]},{"QuestionID":405,"QuestionType":"禁毒知识","Content":"张某吸毒，有时让王某为其购买毒品，王某借机从中牟利，对王某的行为是否应追究刑事责任？（  ）","Score":5,"Options":[{"Sign":"A","Content":"应该"},{"Sign":"B","Content":"不应该"},{"Sign":"C","Content":"由所涉毒品数量决定"}]},{"QuestionID":316,"QuestionType":"禁毒知识","Content":"下列选项中属于吸毒成瘾的表现的是（　） 。","Score":5,"Options":[{"Sign":"A","Content":"不顾不良后果，强迫性寻求及使用毒品的行为"},{"Sign":"B","Content":"戒断后复吸的"},{"Sign":"C","Content":"多次吸食毒品的行为"},{"Sign":"D","Content":"以上选项都是"}]},{"QuestionID":415,"QuestionType":"禁毒知识","Content":"只要处于观赏的目的，种植大麻、古柯或罂粟就是合法的。以上说法正确吗?","Score":5,"Options":[{"Sign":"A","Content":"正确"},{"Sign":"B","Content":"错误"}]},{"QuestionID":313,"QuestionType":"禁毒知识","Content":"下列选项中属于毒品的是（  ）。","Score":5,"Options":[{"Sign":"A","Content":"瘦肉精"},{"Sign":"B","Content":"老鼠药"},{"Sign":"C","Content":"砒霜"},{"Sign":"D","Content":"K粉"}]},{"QuestionID":17,"QuestionType":"禁毒知识","Content":"“快克”是一种高纯度的海洛因，属于海洛因中的精制品。","Score":5,"Options":[{"Sign":"A","Content":"正确"},{"Sign":"B","Content":"错误"}]},{"QuestionID":244,"QuestionType":"禁毒知识","Content":"为了安全起见，我们应该拒绝陌生人给的糖果、点心或任何饮料。（  ）","Score":5,"Options":[{"Sign":"A","Content":"正确"},{"Sign":"B","Content":"错误"}]},{"QuestionID":330,"QuestionType":"禁毒知识","Content":"新闻、出版、文化、广播、电影、电视等有关单位，应当有针对性地面向社会进行禁毒宣传教育。","Score":5,"Options":[{"Sign":"A","Content":"正确"},{"Sign":"B","Content":"错误"}]},{"QuestionID":125,"QuestionType":"禁毒知识","Content":"滥用大量止咳水会导致中毒性精神病、心跳停止及呼吸停顿导致窒息死亡。","Score":5,"Options":[{"Sign":"A","Content":"正确"},{"Sign":"B","Content":"错误"}]},{"QuestionID":180,"QuestionType":"禁毒知识","Content":"吸毒成瘾人员自愿接受强制隔离戒毒的，经公安机关同意，可以进入强制隔离戒毒场所戒毒。","Score":5,"Options":[{"Sign":"A","Content":"正确"},{"Sign":"B","Content":"错误"}]},{"QuestionID":132,"QuestionType":"禁毒知识","Content":"麻醉药品、精神药品和易制毒化学品管理的具体办法，由（　）规定。","Score":5,"Options":[{"Sign":"A","Content":"公安部"},{"Sign":"B","Content":"国家禁毒委"},{"Sign":"C","Content":"国务院"},{"Sign":"D","Content":"卫生部"}]}]}