{"RandomPaperID":126,"Questions":[{"QuestionID":92,"QuestionType":"禁毒知识","Content":"国家对麻醉药品、精神药品和易制毒化学品的进口、出口实行许可制度。国务院有关部门应当按照规定的职责，对进口、出口麻醉药品、精神药品和易制毒化学品依法进行管理。禁止走私麻醉药品、精神药品和易制毒化学品。以上说法正确吗？（  ）","Score":5,"Options":[{"Sign":"A","Content":"正确"},{"Sign":"B","Content":"错误"}]},{"QuestionID":181,"QuestionType":"禁毒知识","Content":"吸毒成瘾一般具有哪些特征？","Score":5,"Options":[{"Sign":"A","Content":"药物耐受性"},{"Sign":"B","Content":"生理依赖性"},{"Sign":"C","Content":"心理依赖性"},{"Sign":"D","Content":"以上三项均正确"}]},{"QuestionID":146,"QuestionType":"禁毒知识","Content":"强制隔离戒毒的期限为（ ）。","Score":5,"Options":[{"Sign":"A","Content":"1年"},{"Sign":"B","Content":"2年"},{"Sign":"C","Content":"3年"},{"Sign":"D","Content":"6个月"}]},{"QuestionID":15,"QuestionType":"禁毒知识","Content":"（ ）,即甲基苯丙胺,外观为纯白或黄色结晶体,晶莹剔透。","Score":5,"Options":[{"Sign":"A","Content":"可卡因"},{"Sign":"B","Content":"冰毒"},{"Sign":"C","Content":"海洛因"},{"Sign":"D","Content":"吗啡"}]},{"QuestionID":166,"QuestionType":"禁毒知识","Content":"属于（  ）种情形的，处以15年有期徒刑、无期徒刑或者死刑，并处没收财产。","Score":5,"Options":[{"Sign":"A","Content":"走私、贩卖、运输、制造鸦片200克以上不满1000克"},{"Sign":"B","Content":"走私、贩卖、运输、制造海洛因或者甲基苯丙胺10克以上"},{"Sign":"C","Content":"走私、贩卖、运输、制造海洛因或者甲基苯丙胺50克以上"},{"Sign":"D","Content":"走私、贩卖、运输、制造鸦片140克以上不满200克"}]},{"QuestionID":349,"QuestionType":"禁毒知识","Content":"要拒绝毒品，我们除了要知道什么是毒品、知道毒品极易成瘾、知道毒品的危害，还要（　） 。","Score":5,"Options":[{"Sign":"A","Content":"树立正确的人生观"},{"Sign":"B","Content":"养成良好行为习惯"},{"Sign":"C","Content":"拒绝不良诱惑"},{"Sign":"D","Content":"ABC都是"}]},{"QuestionID":211,"QuestionType":"禁毒知识","Content":"邮寄毒品进出国（边）境的行为不是走私毒品罪。","Score":5,"Options":[{"Sign":"A","Content":"正确"},{"Sign":"B","Content":"错误"}]},{"QuestionID":301,"QuestionType":"禁毒知识","Content":"吸烟会使肺癌的发生几率增加，从而威胁人们的身体健康。（  ）","Score":5,"Options":[{"Sign":"A","Content":"正确"},{"Sign":"B","Content":"错误"}]},{"QuestionID":257,"QuestionType":"禁毒知识","Content":"我国禁毒工作的治本之策是（　）。","Score":5,"Options":[{"Sign":"A","Content":"预防教育"},{"Sign":"B","Content":"依法严厉打击"},{"Sign":"C","Content":"切断毒品来源"},{"Sign":"D","Content":"戒断治疗"}]},{"QuestionID":246,"QuestionType":"禁毒知识","Content":"为吸毒者提供打火机、吸管等吸毒场所、工具，但自己并不吸毒，所以不用承担法律责任。这种说法（  ）","Score":5,"Options":[{"Sign":"A","Content":"正确"},{"Sign":"B","Content":"错误"}]},{"QuestionID":126,"QuestionType":"禁毒知识","Content":"李某发现儿子小强吸毒后，便将其关在家中，并与家人轮流看守令其戒毒。起初，断了毒品的小强呼天喊地，半个月后，小强又恢复了正常。试问小强是否已全部戒除毒瘾？（  ）","Score":5,"Options":[{"Sign":"A","Content":"已完全戒断毒瘾"},{"Sign":"B","Content":"只戒断生理上毒瘾"}]},{"QuestionID":158,"QuestionType":"禁毒知识","Content":"如果外国人在中国违法犯罪，中国根据属地管辖原则，有权对其违法犯罪行为进行处罚；该外国人所属国的法律规定了有属人管辖原则的，我国无法对该外国人在中国的犯罪行为进行处罚。","Score":5,"Options":[{"Sign":"A","Content":"正确"},{"Sign":"B","Content":"错误"}]},{"QuestionID":184,"QuestionType":"禁毒知识","Content":"吸毒对人的身心危害有：吸毒对身体的毒性作用、戒断反应、精神障碍与变态、感染各种疾病。","Score":5,"Options":[{"Sign":"A","Content":"正确"},{"Sign":"B","Content":"错误"}]},{"QuestionID":208,"QuestionType":"禁毒知识","Content":"引诱、教唆或者强迫未成年人吸食、注射毒品或者卖淫的，依法从重处罚。","Score":5,"Options":[{"Sign":"A","Content":"正确"},{"Sign":"B","Content":"错误"}]},{"QuestionID":264,"QuestionType":"禁毒知识","Content":"我们在网络上和陌生人交流和交友的时候，应该保持警惕心，不能轻易泄露自己的个人信息。（  ）","Score":5,"Options":[{"Sign":"A","Content":"正确"},{"Sign":"B","Content":"错误"}]},{"QuestionID":180,"QuestionType":"禁毒知识","Content":"吸毒成瘾人员自愿接受强制隔离戒毒的，经公安机关同意，可以进入强制隔离戒毒场所戒毒。","Score":5,"Options":[{"Sign":"A","Content":"正确"},{"Sign":"B","Content":"错误"}]},{"QuestionID":434,"QuestionType":"禁毒知识","Content":"十九大报告提出完善以(  )为核心的中国特色社会主义法律体系，建设中国特色社会主义法治体系。","Score":5,"Options":[{"Sign":"A","Content":"党章"},{"Sign":"B","Content":"宪法"},{"Sign":"C","Content":"党纪国法"},{"Sign":"D","Content":"全民守法"}]},{"QuestionID":368,"QuestionType":"禁毒知识","Content":"以下属于吸毒者吸食毒品原因的是（　）。","Score":5,"Options":[{"Sign":"A","Content":"无知和亲信"},{"Sign":"B","Content":"借助吸毒逃避现实，寻求解脱"},{"Sign":"C","Content":"受贩毒者引诱、处境性滥用"},{"Sign":"D","Content":"以上A.B.C三项表述均是"}]},{"QuestionID":198,"QuestionType":"禁毒知识","Content":"下列选项中对我国毒品消费形势表述正确的是 。（  ）","Score":5,"Options":[{"Sign":"A","Content":"毒品消费者市场逐步减少"},{"Sign":"B","Content":"35岁以下青少年吸毒人数约比高"},{"Sign":"C","Content":"吸食合成毒品的人数下降"},{"Sign":"D","Content":"吸毒人数减少"}]},{"QuestionID":225,"QuestionType":"禁毒知识","Content":"制定《禁毒法》的目的是（  ）","Score":5,"Options":[{"Sign":"A","Content":"预防和惩治毒品违法犯罪行为"},{"Sign":"B","Content":"保护公民身心健康"},{"Sign":"C","Content":"维护社会秩序"},{"Sign":"D","Content":"A.B和C"}]}]}