{"RandomPaperID":13,"Questions":[{"QuestionID":170,"QuestionType":"禁毒知识","Content":"为什么有的吸毒者在炎热的夏天仍穿着长衣长裤？（  ）","Score":5,"Options":[{"Sign":"A","Content":"怕冷"},{"Sign":"B","Content":"免疫力低下，怕得感冒"},{"Sign":"C","Content":"为了掩饰因为注射在身上留下的针孔和针疤"}]},{"QuestionID":239,"QuestionType":"禁毒知识","Content":"安定有助于睡眠，可以擅自服用，不需医生指导使用，也不会对身体造成什么危害。","Score":5,"Options":[{"Sign":"A","Content":"正确"},{"Sign":"B","Content":"错误"}]},{"QuestionID":84,"QuestionType":"禁毒知识","Content":"根据我国《治安管理处罚法》，三年内有吸食、注射毒品行为或者解除强制隔离戒毒措施未满两年的，不得申请驾照。","Score":5,"Options":[{"Sign":"A","Content":"正确"},{"Sign":"B","Content":"错误"}]},{"QuestionID":246,"QuestionType":"禁毒知识","Content":"为吸毒者提供打火机、吸管等吸毒场所、工具，但自己并不吸毒，所以不用承担法律责任。这种说法（  ）","Score":5,"Options":[{"Sign":"A","Content":"正确"},{"Sign":"B","Content":"错误"}]},{"QuestionID":309,"QuestionType":"禁毒知识","Content":"下列属于合成毒品的是（　）。","Score":5,"Options":[{"Sign":"A","Content":"可卡因"},{"Sign":"B","Content":"鸦片"},{"Sign":"C","Content":"冰毒"},{"Sign":"D","Content":"大麻"}]},{"QuestionID":45,"QuestionType":"禁毒知识","Content":"当在你身边出现毒品时，正确的做法是（　）。","Score":5,"Options":[{"Sign":"A","Content":"变卖"},{"Sign":"B","Content":"丢弃"},{"Sign":"C","Content":"报告公安机关"},{"Sign":"D","Content":"假装看不见"}]},{"QuestionID":413,"QuestionType":"禁毒知识","Content":"长期吸食以后，情绪亢奋冲动。就算是停止复吸，戒断很久以后，都容易出现幻听、幻觉、被害妄想等精神病稽延症状。这是（　）类毒品的精神病态特征。","Score":5,"Options":[{"Sign":"A","Content":"大麻类"},{"Sign":"B","Content":"鸦片类"},{"Sign":"C","Content":"苯丙胺类"},{"Sign":"D","Content":"古柯类"}]},{"QuestionID":308,"QuestionType":"禁毒知识","Content":"下列人员中，不属于吸毒检测对象的是（　）。","Score":5,"Options":[{"Sign":"A","Content":"涉嫌吸毒人员"},{"Sign":"B","Content":"社区戒毒期间人员"},{"Sign":"C","Content":"已经康复的吸毒人员"}]},{"QuestionID":97,"QuestionType":"禁毒知识","Content":"国家鼓励志愿人员参与（  ）工作。地方各级人民政府应当对志愿人员进行指导、培训，并提供必要的工作条件。","Score":5,"Options":[{"Sign":"A","Content":"缉毒侦查"},{"Sign":"B","Content":"禁毒管理"},{"Sign":"C","Content":"禁毒宣传教育和戒毒社会服务"},{"Sign":"D","Content":"禁毒知识普及教育"}]},{"QuestionID":213,"QuestionType":"禁毒知识","Content":"娱乐场所因违反《娱乐场所管理条例》规定，被吊销或者撤销娱乐经营许可证的，自被吊销或者撤销之日起，其法定代表人、负责人在（  ）内不得担任娱乐场所的法定代表人、负责人。","Score":5,"Options":[{"Sign":"A","Content":"二年"},{"Sign":"B","Content":"三年"},{"Sign":"C","Content":"四年"},{"Sign":"D","Content":"五年"}]},{"QuestionID":123,"QuestionType":"禁毒知识","Content":"据我国《禁毒法》之有关规定，以下不属于我国目前禁毒模式的是（　）。","Score":5,"Options":[{"Sign":"A","Content":"家庭戒毒"},{"Sign":"B","Content":"自愿戒毒"},{"Sign":"C","Content":"强制隔离戒毒"},{"Sign":"D","Content":"社区戒毒"}]},{"QuestionID":76,"QuestionType":"禁毒知识","Content":"各级人民政府应当建立毒品违法犯罪举报制度。","Score":5,"Options":[{"Sign":"A","Content":"正确"},{"Sign":"B","Content":"错误"}]},{"QuestionID":225,"QuestionType":"禁毒知识","Content":"制定《禁毒法》的目的是（  ）","Score":5,"Options":[{"Sign":"A","Content":"预防和惩治毒品违法犯罪行为"},{"Sign":"B","Content":"保护公民身心健康"},{"Sign":"C","Content":"维护社会秩序"},{"Sign":"D","Content":"A.B和C"}]},{"QuestionID":373,"QuestionType":"禁毒知识","Content":"吸毒人员应当戒除毒瘾（）","Score":5,"Options":[{"Sign":"A","Content":"应当"},{"Sign":"B","Content":"可以"},{"Sign":"C","Content":"不需要"}]},{"QuestionID":262,"QuestionType":"禁毒知识","Content":"我国云南、新疆紧邻哪两大毒品产地？（  ）","Score":5,"Options":[{"Sign":"A","Content":"金三角和金新月"},{"Sign":"B","Content":"金新月和银三角"},{"Sign":"C","Content":"金三角和银三角"}]},{"QuestionID":385,"QuestionType":"禁毒知识","Content":"有人说大麻成瘾性小，偶尔吸食一两次没关系；但实际上大麻危害极大，吸食会造成“致畸、致癌、致突变”。","Score":5,"Options":[{"Sign":"A","Content":"正确"},{"Sign":"B","Content":"错误"}]},{"QuestionID":397,"QuestionType":"禁毒知识","Content":"根据毒品对于人的大脑中枢神经作用，将毒品分为合成类毒品与天然类毒品。","Score":5,"Options":[{"Sign":"A","Content":"正确"},{"Sign":"B","Content":"错误"}]},{"QuestionID":130,"QuestionType":"禁毒知识","Content":"氯胺酮，是一种静脉全麻药，也用作兽用麻醉药，但是一般人只要足量接触二、三次即可上瘾，是一种极度危险的精神药品。","Score":5,"Options":[{"Sign":"A","Content":"正确"},{"Sign":"B","Content":"错误"}]},{"QuestionID":168,"QuestionType":"禁毒知识","Content":"王某在自己开垦的山地里种植罂粟，收获前他学习了《禁毒法》，将所有罂粟铲除，对于王某应该（　） 。","Score":5,"Options":[{"Sign":"A","Content":"拘留"},{"Sign":"B","Content":"罚款"},{"Sign":"C","Content":"不予处罚"},{"Sign":"D","Content":"判刑"}]},{"QuestionID":279,"QuestionType":"禁毒知识","Content":"吸毒人群中青少年所占比例较高，吸毒群体趋于低龄化。","Score":5,"Options":[{"Sign":"A","Content":"正确"},{"Sign":"B","Content":"错误"}]}]}