{"RandomPaperID":134,"Questions":[{"QuestionID":63,"QuestionType":"禁毒知识","Content":"对于吸毒成瘾严重，通过社区戒毒难以戒除毒瘾的人员，公安机关可以直接作出强制隔离戒毒的决定。以上说法正确吗？","Score":5,"Options":[{"Sign":"A","Content":"正确"},{"Sign":"B","Content":"错误"}]},{"QuestionID":13,"QuestionType":"禁毒知识","Content":"（  ）俗称K粉，属于合成类新型毒品。","Score":5,"Options":[{"Sign":"A","Content":"氯胺酮"},{"Sign":"B","Content":"海洛因"},{"Sign":"C","Content":"大麻"},{"Sign":"D","Content":"美沙酮"}]},{"QuestionID":287,"QuestionType":"禁毒知识","Content":"吸毒者不健康的心理有盲目好奇、慕虚荣、赶时髦、追求刺激和享乐、赌气或逆反、无知和轻信、自暴自弃。","Score":5,"Options":[{"Sign":"A","Content":"正确"},{"Sign":"B","Content":"错误"}]},{"QuestionID":46,"QuestionType":"禁毒知识","Content":"到民国时期，（　）已经取代英国成为向中国输入毒品最多的国家。","Score":5,"Options":[{"Sign":"A","Content":"美国"},{"Sign":"B","Content":"荷兰"},{"Sign":"C","Content":"日本"},{"Sign":"D","Content":"意大利"}]},{"QuestionID":310,"QuestionType":"禁毒知识","Content":"下列属于合成毒品的是（ ）","Score":5,"Options":[{"Sign":"A","Content":"大麻"},{"Sign":"B","Content":"海洛因"},{"Sign":"C","Content":"K粉"},{"Sign":"D","Content":"北美仙人球"}]},{"QuestionID":141,"QuestionType":"禁毒知识","Content":"你的好朋友给你一种样子像糖果的东西，说特别好玩，让你尝尝。你的选择应该是：（ ）","Score":5,"Options":[{"Sign":"A","Content":"相信朋友不会害你，直接吞下"},{"Sign":"B","Content":"不想吃，但是碍于朋友之间的面子，勉强吃了。"},{"Sign":"C","Content":"拒绝或者收下但是不会吃。因为对于任何要摄入体内的东西在没有确定是否安全的情况下绝不能服用。即使是朋友可能也不知道或者没有意识到他给你的东西是有害的。"}]},{"QuestionID":92,"QuestionType":"禁毒知识","Content":"国家对麻醉药品、精神药品和易制毒化学品的进口、出口实行许可制度。国务院有关部门应当按照规定的职责，对进口、出口麻醉药品、精神药品和易制毒化学品依法进行管理。禁止走私麻醉药品、精神药品和易制毒化学品。以上说法正确吗？（  ）","Score":5,"Options":[{"Sign":"A","Content":"正确"},{"Sign":"B","Content":"错误"}]},{"QuestionID":110,"QuestionType":"禁毒知识","Content":"接受社区戒毒的戒毒人员应当遵守法律、法规，自觉履行( )，并根据公安机关的要求，定期接受检测。","Score":5,"Options":[{"Sign":"A","Content":"社区戒毒保证"},{"Sign":"B","Content":"社区戒毒约定"},{"Sign":"C","Content":"社区戒毒协议"}]},{"QuestionID":294,"QuestionType":"禁毒知识","Content":"吸食毒品，既害国家，又害家庭，更害自己。","Score":5,"Options":[{"Sign":"A","Content":"正确"},{"Sign":"B","Content":"错误"}]},{"QuestionID":189,"QuestionType":"禁毒知识","Content":"吸食K粉、摇头丸等药物会导致血压上升、心跳过快、心律失常，甚至可能诱发精神分裂症及急性心脑疾病。但不会致人死亡。","Score":5,"Options":[{"Sign":"A","Content":"正确"},{"Sign":"B","Content":"错误"}]},{"QuestionID":280,"QuestionType":"禁毒知识","Content":"吸毒人员可以自行到具有戒毒治疗资质的医疗机构接受戒毒治疗。以上说法正确吗？（  ）","Score":5,"Options":[{"Sign":"A","Content":"正确"},{"Sign":"B","Content":"错误"}]},{"QuestionID":93,"QuestionType":"禁毒知识","Content":"国家对麻醉药品药用原植物种植实行管制。禁止非法种植罂粟、古柯植物、大麻植物以及国家规定管制的可以用于提炼加工毒品的其他原植物。","Score":5,"Options":[{"Sign":"A","Content":"正确"},{"Sign":"B","Content":"错误"}]},{"QuestionID":171,"QuestionType":"禁毒知识","Content":"我国《禁毒法》明确了（　），综合治理，禁种、禁制、禁贩、禁吸的禁毒方针？","Score":5,"Options":[{"Sign":"A","Content":"预防为本"},{"Sign":"B","Content":"预防为主"},{"Sign":"C","Content":"打击为主"},{"Sign":"D","Content":"打防并举"}]},{"QuestionID":77,"QuestionType":"禁毒知识","Content":"根据（　） 需要，依法可以生产、经营、使用、储存、运输麻醉药品和精神药品。","Score":5,"Options":[{"Sign":"A","Content":"医疗、教学、及科研"},{"Sign":"B","Content":"宣传"},{"Sign":"C","Content":"消费市场"},{"Sign":"D","Content":"大众生活"}]},{"QuestionID":333,"QuestionType":"禁毒知识","Content":"（）是指对中枢神经有麻醉作用,连续使用后易产生身体依赖性、能形成瘾癖的药品。","Score":5,"Options":[{"Sign":"A","Content":"麻醉药品"},{"Sign":"B","Content":"精神药品"},{"Sign":"C","Content":"新精神活性物质"}]},{"QuestionID":242,"QuestionType":"禁毒知识","Content":"王某在多次贩毒后，因畏惧法律的严惩，主动前往公安机关投案并如实供述了自己的犯罪事实，对他可以（  ）。","Score":5,"Options":[{"Sign":"A","Content":"从轻或减轻处罚"},{"Sign":"B","Content":"从重处罚"}]},{"QuestionID":413,"QuestionType":"禁毒知识","Content":"长期吸食以后，情绪亢奋冲动。就算是停止复吸，戒断很久以后，都容易出现幻听、幻觉、被害妄想等精神病稽延症状。这是（　）类毒品的精神病态特征。","Score":5,"Options":[{"Sign":"A","Content":"大麻类"},{"Sign":"B","Content":"鸦片类"},{"Sign":"C","Content":"苯丙胺类"},{"Sign":"D","Content":"古柯类"}]},{"QuestionID":156,"QuestionType":"禁毒知识","Content":"任何陌生人委托我们帮他保管任何物品，我们都应该拒绝。（  ）","Score":5,"Options":[{"Sign":"A","Content":"正确"},{"Sign":"B","Content":"错误"}]},{"QuestionID":257,"QuestionType":"禁毒知识","Content":"我国禁毒工作的治本之策是（　）。","Score":5,"Options":[{"Sign":"A","Content":"预防教育"},{"Sign":"B","Content":"依法严厉打击"},{"Sign":"C","Content":"切断毒品来源"},{"Sign":"D","Content":"戒断治疗"}]},{"QuestionID":331,"QuestionType":"禁毒知识","Content":"合成毒品成瘾患者可以使用美沙酮维持治疗疗法。","Score":5,"Options":[{"Sign":"A","Content":"正确"},{"Sign":"B","Content":"错误"}]}]}