{"RandomPaperID":136,"Questions":[{"QuestionID":366,"QuestionType":"禁毒知识","Content":"以下属于青少年所面临的毒品陷阱是（　）  。","Score":5,"Options":[{"Sign":"A","Content":"吸毒朋友的影响"},{"Sign":"B","Content":"毒贩子的毒招"},{"Sign":"C","Content":"明星和“榜样”的效应"},{"Sign":"D","Content":"以上A.B.C三项均是"}]},{"QuestionID":274,"QuestionType":"禁毒知识","Content":"尿检呈现阳性，说明被检测者有吸毒行为（   ）","Score":5,"Options":[{"Sign":"A","Content":"正确"},{"Sign":"B","Content":"错误"}]},{"QuestionID":220,"QuestionType":"禁毒知识","Content":"在众多毒品，有很多抑制剂类药物，被不法之徒用来对女性实施性侵犯，它们也被称之为“约会迷奸药”。以下属于此类毒品的是（　）？","Score":5,"Options":[{"Sign":"A","Content":"氟硝安定"},{"Sign":"B","Content":"摇头丸"},{"Sign":"C","Content":"咖啡因"},{"Sign":"D","Content":"大麻"}]},{"QuestionID":387,"QuestionType":"禁毒知识","Content":"娱乐场所应当开展禁毒宣传教育，建立巡查制度，发现娱乐场所内 有毒品违法犯罪活的，应当（　）。","Score":5,"Options":[{"Sign":"A","Content":"自行处理"},{"Sign":"B","Content":"立即向公安机关报告"},{"Sign":"C","Content":"自愿报告"}]},{"QuestionID":195,"QuestionType":"禁毒知识","Content":"下列哪个不属于吸毒者吸食毒品的方式？（  ）","Score":5,"Options":[{"Sign":"A","Content":"吸入式"},{"Sign":"B","Content":"口服式"},{"Sign":"C","Content":"静脉注射式"},{"Sign":"D","Content":"滴入式"}]},{"QuestionID":326,"QuestionType":"禁毒知识","Content":"小王在网上及微信群里教人制作毒品的方法，但他自己从来没有吸毒、贩毒和制毒，所以他仅仅算是传播了毒品的相关知识，并不算违法。这种说法正确吗？（  ）。","Score":5,"Options":[{"Sign":"A","Content":"正确"},{"Sign":"B","Content":"错误"}]},{"QuestionID":15,"QuestionType":"禁毒知识","Content":"（ ）,即甲基苯丙胺,外观为纯白或黄色结晶体,晶莹剔透。","Score":5,"Options":[{"Sign":"A","Content":"可卡因"},{"Sign":"B","Content":"冰毒"},{"Sign":"C","Content":"海洛因"},{"Sign":"D","Content":"吗啡"}]},{"QuestionID":68,"QuestionType":"禁毒知识","Content":"贩卖毒品应当（  ）。","Score":5,"Options":[{"Sign":"A","Content":"批评教育"},{"Sign":"B","Content":"追究刑事责任"},{"Sign":"C","Content":"送劳动教养"},{"Sign":"D","Content":"行政处罚"}]},{"QuestionID":87,"QuestionType":"禁毒知识","Content":"公安机关可以对涉嫌吸毒的人员进行必要的检测，被检测人员应当予以配合；对拒绝接受检测的，经县级以上人民政府公安机关或者其派出机构负责人批准，可以（  ）。","Score":5,"Options":[{"Sign":"A","Content":"行政罚款"},{"Sign":"B","Content":"依法惩治"},{"Sign":"C","Content":"行政拘留"},{"Sign":"D","Content":"强制检测"}]},{"QuestionID":221,"QuestionType":"禁毒知识","Content":"长期服用安眠药不会使人成瘾。","Score":5,"Options":[{"Sign":"A","Content":"正确"},{"Sign":"B","Content":"错误"}]},{"QuestionID":240,"QuestionType":"禁毒知识","Content":"随着社会的发展，大麻已经不是世界上滥用人数最多的毒品。","Score":5,"Options":[{"Sign":"A","Content":"正确"},{"Sign":"B","Content":"错误"}]},{"QuestionID":268,"QuestionType":"禁毒知识","Content":"吸毒是一种违法行为，需要受到刑法处罚（  ）","Score":5,"Options":[{"Sign":"A","Content":"正确"},{"Sign":"B","Content":"错误"}]},{"QuestionID":419,"QuestionType":"禁毒知识","Content":"止咳露（或止咳水）只是一种常见的中成药，大量服用不会形成药物依赖。这种说法","Score":5,"Options":[{"Sign":"A","Content":"正确"},{"Sign":"B","Content":"错误"}]},{"QuestionID":178,"QuestionType":"禁毒知识","Content":"吸毒成瘾的三个基本过程包括：耐药作用的形成，（  ），强化的形成。","Score":5,"Options":[{"Sign":"A","Content":"对毒品反映减弱"},{"Sign":"B","Content":"身体依赖性的产生"},{"Sign":"C","Content":"对毒品反映增强"},{"Sign":"D","Content":"身体依赖性的消失"}]},{"QuestionID":399,"QuestionType":"禁毒知识","Content":"在我国目前现有的几种戒毒模式中，具有限制人身自由的行政强制措施性质的是（　） 。","Score":5,"Options":[{"Sign":"A","Content":"自愿戒毒"},{"Sign":"B","Content":"社区戒毒与社区康复"},{"Sign":"C","Content":"强制隔离戒毒"},{"Sign":"D","Content":"以上均不属于"}]},{"QuestionID":280,"QuestionType":"禁毒知识","Content":"吸毒人员可以自行到具有戒毒治疗资质的医疗机构接受戒毒治疗。以上说法正确吗？（  ）","Score":5,"Options":[{"Sign":"A","Content":"正确"},{"Sign":"B","Content":"错误"}]},{"QuestionID":373,"QuestionType":"禁毒知识","Content":"吸毒人员应当戒除毒瘾（）","Score":5,"Options":[{"Sign":"A","Content":"应当"},{"Sign":"B","Content":"可以"},{"Sign":"C","Content":"不需要"}]},{"QuestionID":24,"QuestionType":"禁毒知识","Content":"《禁毒法》规定，娱乐场所应当建立（  ）制度，发现娱乐场所内有毒品违法犯罪活动的，应当立即向公安机关报告。","Score":5,"Options":[{"Sign":"A","Content":"巡查"},{"Sign":"B","Content":"巡逻"},{"Sign":"C","Content":"检查"},{"Sign":"D","Content":"清查"}]},{"QuestionID":94,"QuestionType":"禁毒知识","Content":"国家对易制毒化学品的生产、经营、购买、运输实行（ ）制度。","Score":5,"Options":[{"Sign":"A","Content":"审查"},{"Sign":"B","Content":"许可"},{"Sign":"C","Content":"管理"},{"Sign":"D","Content":"禁止"}]},{"QuestionID":403,"QuestionType":"禁毒知识","Content":"在中国，K粉列入第一类精神药品管制。","Score":5,"Options":[{"Sign":"A","Content":"正确"},{"Sign":"B","Content":"错误"}]}]}