{"RandomPaperID":147,"Questions":[{"QuestionID":214,"QuestionType":"禁毒知识","Content":"娱乐场所应当建立（ ）制度，发现娱乐场所内有毒品违法犯罪活动的，应当立即向公安机关报告。","Score":5,"Options":[{"Sign":"A","Content":"查验"},{"Sign":"B","Content":"监测"},{"Sign":"C","Content":"巡查"},{"Sign":"D","Content":"抽查"}]},{"QuestionID":85,"QuestionType":"禁毒知识","Content":"根据我国现行法律法规，对夫妻一方在从事赌博、吸毒等违法犯罪活动中所负债务，另一方仍需承担责任。","Score":5,"Options":[{"Sign":"A","Content":"正确"},{"Sign":"B","Content":"错误"}]},{"QuestionID":174,"QuestionType":"禁毒知识","Content":"我国对毒品违法犯罪尚不够成犯罪的行为予以处罚，处罚的形式有警告、罚款、行政拘留和吊销公安机关发放的许可证。","Score":5,"Options":[{"Sign":"A","Content":"正确"},{"Sign":"B","Content":"错误"}]},{"QuestionID":224,"QuestionType":"禁毒知识","Content":"止咳水通常含有可待因、麻黄碱等成分，（ ）服用可形成心理依赖，戒断症状类似海洛因毒品。","Score":5,"Options":[{"Sign":"A","Content":"长期大量"},{"Sign":"B","Content":"B遵医嘱"},{"Sign":"C","Content":"按药品说明计量服用"},{"Sign":"D","Content":"一次过量服用"}]},{"QuestionID":204,"QuestionType":"禁毒知识","Content":"一位“朋友”以“参加朋友聚会”为由将你带至他的家中，然后提出玩点“小刺激”，引诱你使用某种物品，你应该选择的最佳拒绝方式是（  ）","Score":5,"Options":[{"Sign":"A","Content":"直接说不"},{"Sign":"B","Content":"寻找借口离开"},{"Sign":"C","Content":"提出新建议"},{"Sign":"D","Content":"ABC都是"}]},{"QuestionID":6,"QuestionType":"禁毒知识","Content":"按药物对人体大脑中枢神经所产生的作用，可将毒品分为麻醉药品和精神药品。","Score":5,"Options":[{"Sign":"A","Content":"正确"},{"Sign":"B","Content":"错误"}]},{"QuestionID":222,"QuestionType":"禁毒知识","Content":"长期吸食以后，情绪激昂冲动。就算是停止复吸，戒断很久以后，都容易出现幻听、幻觉、被害妄想等精神病稽延症状。这是（　）类毒品的精神病态特征。","Score":5,"Options":[{"Sign":"A","Content":"麻醉类"},{"Sign":"B","Content":"海洛因"},{"Sign":"C","Content":"苯丙胺(冰毒)"},{"Sign":"D","Content":"杜冷丁"}]},{"QuestionID":223,"QuestionType":"禁毒知识","Content":"郑某在南方某地购得15克海洛因藏在家中准备自己吸食，后被公安机关查获，郑某的行为构成了什么罪？（  ）","Score":5,"Options":[{"Sign":"A","Content":"贩卖毒品罪"},{"Sign":"B","Content":"非法持有毒品罪"},{"Sign":"C","Content":"不构成犯罪"},{"Sign":"D","Content":"私藏毒品罪"}]},{"QuestionID":153,"QuestionType":"禁毒知识","Content":"青少年要远离毒品，增强自我保护意识，其中最重要的因素是（　）。（  ）","Score":5,"Options":[{"Sign":"A","Content":"社会环境"},{"Sign":"B","Content":"家庭"},{"Sign":"C","Content":"人自身"},{"Sign":"D","Content":"身边朋友"}]},{"QuestionID":39,"QuestionType":"禁毒知识","Content":"从毒品对人的中枢神经的作用看，可分为抑制剂、致幻剂和兴奋剂等，其中属于抑制剂的毒品种类是（  ）。","Score":5,"Options":[{"Sign":"A","Content":"巴比妥类"},{"Sign":"B","Content":"苯丙胺类"},{"Sign":"C","Content":"麦司卡林"},{"Sign":"D","Content":"LSD"}]},{"QuestionID":287,"QuestionType":"禁毒知识","Content":"吸毒者不健康的心理有盲目好奇、慕虚荣、赶时髦、追求刺激和享乐、赌气或逆反、无知和轻信、自暴自弃。","Score":5,"Options":[{"Sign":"A","Content":"正确"},{"Sign":"B","Content":"错误"}]},{"QuestionID":23,"QuestionType":"禁毒知识","Content":"《禁毒法》规定，强制隔离戒毒场所应当根据戒毒人员（　）   等，对戒毒人员进行有针对性的生理、心理治疗和身体康复训练。","Score":5,"Options":[{"Sign":"A","Content":"吸食、注射毒品的方法"},{"Sign":"B","Content":"吸食、注射毒品的频次"},{"Sign":"C","Content":"吸食、注射毒品的种类和成瘾程度"},{"Sign":"D","Content":"吸食、注射毒品的时间"}]},{"QuestionID":146,"QuestionType":"禁毒知识","Content":"强制隔离戒毒的期限为（ ）。","Score":5,"Options":[{"Sign":"A","Content":"1年"},{"Sign":"B","Content":"2年"},{"Sign":"C","Content":"3年"},{"Sign":"D","Content":"6个月"}]},{"QuestionID":396,"QuestionType":"禁毒知识","Content":"在容易接触的的毒品中，有一种属于荨麻目大麻科草本植物，其主要有化学成分为四氢大麻酚（THC），它被人们成为“（　） ”。","Score":5,"Options":[{"Sign":"A","Content":"氟硝安定"},{"Sign":"B","Content":"大麻"},{"Sign":"C","Content":"冰毒"},{"Sign":"D","Content":"海洛因"}]},{"QuestionID":387,"QuestionType":"禁毒知识","Content":"娱乐场所应当开展禁毒宣传教育，建立巡查制度，发现娱乐场所内 有毒品违法犯罪活的，应当（　）。","Score":5,"Options":[{"Sign":"A","Content":"自行处理"},{"Sign":"B","Content":"立即向公安机关报告"},{"Sign":"C","Content":"自愿报告"}]},{"QuestionID":255,"QuestionType":"禁毒知识","Content":"我国近代史上著名的“虎门销烟”中销毁的是哪种烟？","Score":5,"Options":[{"Sign":"A","Content":"鸦片烟"},{"Sign":"B","Content":"卷烟"},{"Sign":"C","Content":"大麻烟"}]},{"QuestionID":420,"QuestionType":"禁毒知识","Content":"止咳水的主要成分虽然为可待因及麻黄碱等，但其实是一种镇咳处方药，即便非法乱用也不是吸毒。这种说法对吗？","Score":5,"Options":[{"Sign":"A","Content":"正确"},{"Sign":"B","Content":"错误"}]},{"QuestionID":411,"QuestionType":"禁毒知识","Content":"长期吸食鸦片的会导致什么样的危害？（  ）","Score":5,"Options":[{"Sign":"A","Content":"会使人的先天免疫力丧失"},{"Sign":"B","Content":"容易感染各种疾病"},{"Sign":"C","Content":"A和B都是"}]},{"QuestionID":155,"QuestionType":"禁毒知识","Content":"人们常说“毒品猛于虎”，毒品的危害除了对身心的危害，严重摧残吸毒者的身体之外，还包括（　） 。（  ）","Score":5,"Options":[{"Sign":"A","Content":"对家庭的危害"},{"Sign":"B","Content":"对社会的危害"},{"Sign":"C","Content":"对他人的危害"},{"Sign":"D","Content":"以上A和B"}]},{"QuestionID":45,"QuestionType":"禁毒知识","Content":"当在你身边出现毒品时，正确的做法是（　）。","Score":5,"Options":[{"Sign":"A","Content":"变卖"},{"Sign":"B","Content":"丢弃"},{"Sign":"C","Content":"报告公安机关"},{"Sign":"D","Content":"假装看不见"}]}]}