{"RandomPaperID":148,"Questions":[{"QuestionID":357,"QuestionType":"禁毒知识","Content":"以下（　） 不属于阿片类毒品。","Score":5,"Options":[{"Sign":"A","Content":"冰毒"},{"Sign":"B","Content":"美沙酮"},{"Sign":"C","Content":"吗啡"},{"Sign":"D","Content":"海洛因"}]},{"QuestionID":292,"QuestionType":"禁毒知识","Content":"吸食、注射毒品严重破坏人体的生理机能和免疫机能，引起各种并发症，最终导致（ ）。","Score":5,"Options":[{"Sign":"A","Content":"昏睡"},{"Sign":"B","Content":"毒瘾发作"},{"Sign":"C","Content":"吸毒死亡"}]},{"QuestionID":114,"QuestionType":"禁毒知识","Content":"戒毒是一个长期的过程，包括生理脱毒与医学治疗、（）、善后辅导与回归社会三个阶段。（  ）","Score":5,"Options":[{"Sign":"A","Content":"心理成瘾戒断"},{"Sign":"B","Content":"心理治疗与心理康复"},{"Sign":"C","Content":"毒瘾戒断"},{"Sign":"D","Content":"社区康复"}]},{"QuestionID":376,"QuestionType":"禁毒知识","Content":"罂粟壳是罂粟的成熟干燥果壳，呈椭圆形或瓶状卵形，残留有吗啡等成分。","Score":5,"Options":[{"Sign":"A","Content":"正确"},{"Sign":"B","Content":"错误"}]},{"QuestionID":284,"QuestionType":"禁毒知识","Content":"吸毒是国家法律禁止的行为。","Score":5,"Options":[{"Sign":"A","Content":"正确"},{"Sign":"B","Content":"错误"}]},{"QuestionID":359,"QuestionType":"禁毒知识","Content":"以下几种毒品，成瘾性和毒副作用最强的是（　）。","Score":5,"Options":[{"Sign":"A","Content":"古柯叶"},{"Sign":"B","Content":"海洛因"},{"Sign":"C","Content":"鸦片"},{"Sign":"D","Content":"大麻"}]},{"QuestionID":300,"QuestionType":"禁毒知识","Content":"吸食注射毒品成瘾的，应当戒除毒瘾。","Score":5,"Options":[{"Sign":"A","Content":"正确"},{"Sign":"B","Content":"错误"}]},{"QuestionID":27,"QuestionType":"禁毒知识","Content":"《中华人民共和国禁毒法》自（ ）起施行。","Score":5,"Options":[{"Sign":"A","Content":"2007年12月29日"},{"Sign":"B","Content":"2008年1月1日"},{"Sign":"C","Content":"2008年6月1日"},{"Sign":"D","Content":"2008年6月26日"}]},{"QuestionID":127,"QuestionType":"禁毒知识","Content":"李某是某酒吧老板，明知一些人经常在该酒吧内吸食冰毒，李某却视而不见。对李某的行为如何进行处罚 （  ）。","Score":5,"Options":[{"Sign":"A","Content":"批评教育"},{"Sign":"B","Content":"以容留他人吸毒罪论处"},{"Sign":"C","Content":"以贩卖毒品罪论处"},{"Sign":"D","Content":"罚款并吊销营业执照"}]},{"QuestionID":139,"QuestionType":"禁毒知识","Content":"奶油气弹实际上就是氧化亚氮即笑气。","Score":5,"Options":[{"Sign":"A","Content":"正确"},{"Sign":"B","Content":"错误"}]},{"QuestionID":431,"QuestionType":"禁毒知识","Content":"《全国青少年毒品预防教育规划（2016—2018）》要求，2017年年底前，全国300万人口以上大城市各建(  )所禁毒教育基地","Score":5,"Options":[{"Sign":"A","Content":"1"},{"Sign":"B","Content":"2"},{"Sign":"C","Content":"3"}]},{"QuestionID":420,"QuestionType":"禁毒知识","Content":"止咳水的主要成分虽然为可待因及麻黄碱等，但其实是一种镇咳处方药，即便非法乱用也不是吸毒。这种说法对吗？","Score":5,"Options":[{"Sign":"A","Content":"正确"},{"Sign":"B","Content":"错误"}]},{"QuestionID":355,"QuestionType":"禁毒知识","Content":"医务人员可为自己开处方使用麻醉药品。","Score":5,"Options":[{"Sign":"A","Content":"正确"},{"Sign":"B","Content":"错误"}]},{"QuestionID":325,"QuestionType":"禁毒知识","Content":"小王把20克冰毒寄存在小张家里后离开了，但后来被公安机关查获。由于小张自己不吸毒，小王也承认毒品是他自己放的，没有告诉小张是毒品，所以小张他不需要负任何法律责任。这种说法（ ）。","Score":5,"Options":[{"Sign":"A","Content":"正确"},{"Sign":"B","Content":"错误"}]},{"QuestionID":177,"QuestionType":"禁毒知识","Content":"吸毒成瘾的认定办法，由（  ）规定。","Score":5,"Options":[{"Sign":"A","Content":"国务院卫生行政部门"},{"Sign":"B","Content":"国务院卫生行政部门、药品监督管理部门"},{"Sign":"C","Content":"国务院卫生行政部门、药品监督管理部门、公安部门"},{"Sign":"D","Content":"国务院药品监督管理部门"}]},{"QuestionID":108,"QuestionType":"禁毒知识","Content":"荷兰不限制贩卖和吸食大麻。","Score":5,"Options":[{"Sign":"A","Content":"正确"},{"Sign":"B","Content":"错误"}]},{"QuestionID":49,"QuestionType":"禁毒知识","Content":"不满十六周岁的未成年人吸毒成瘾严重的，可以不适用(  )。","Score":5,"Options":[{"Sign":"A","Content":"强制隔离戒毒"},{"Sign":"B","Content":"责令其接受社区戒毒"},{"Sign":"C","Content":"责令其接受社区康复"},{"Sign":"D","Content":"自愿戒毒"}]},{"QuestionID":92,"QuestionType":"禁毒知识","Content":"国家对麻醉药品、精神药品和易制毒化学品的进口、出口实行许可制度。国务院有关部门应当按照规定的职责，对进口、出口麻醉药品、精神药品和易制毒化学品依法进行管理。禁止走私麻醉药品、精神药品和易制毒化学品。以上说法正确吗？（  ）","Score":5,"Options":[{"Sign":"A","Content":"正确"},{"Sign":"B","Content":"错误"}]},{"QuestionID":378,"QuestionType":"禁毒知识","Content":"罂粟籽、大麻籽属于毒品原植物种子。","Score":5,"Options":[{"Sign":"A","Content":"正确"},{"Sign":"B","Content":"错误"}]},{"QuestionID":256,"QuestionType":"禁毒知识","Content":"我国近代史中的第一次“鸦片战争”是哪国发起的？","Score":5,"Options":[{"Sign":"A","Content":"美国"},{"Sign":"B","Content":"德国"},{"Sign":"C","Content":"英国"},{"Sign":"D","Content":"日本"}]}]}