{"RandomPaperID":15,"Questions":[{"QuestionID":240,"QuestionType":"禁毒知识","Content":"随着社会的发展，大麻已经不是世界上滥用人数最多的毒品。","Score":5,"Options":[{"Sign":"A","Content":"正确"},{"Sign":"B","Content":"错误"}]},{"QuestionID":336,"QuestionType":"禁毒知识","Content":"鸦片，俗称大烟、福寿膏、阿芙蓉等，医学名阿片。其滥用方式为口吸，是一种传统麻醉品，具有保健作用。","Score":5,"Options":[{"Sign":"A","Content":"正确"},{"Sign":"B","Content":"错误"}]},{"QuestionID":236,"QuestionType":"禁毒知识","Content":"世界上最大的可卡因产地是哪里？（  ）","Score":5,"Options":[{"Sign":"A","Content":"金三角"},{"Sign":"B","Content":"金新月"},{"Sign":"C","Content":"银三角"},{"Sign":"D","Content":"贝卡谷地"}]},{"QuestionID":351,"QuestionType":"禁毒知识","Content":"要树立正确的人生观、价值观、世界观，努力学习，追求进取，正确把握自己的行动与交友，以免走上歧途、误入毒海。","Score":5,"Options":[{"Sign":"A","Content":"对"},{"Sign":"B","Content":"错"}]},{"QuestionID":392,"QuestionType":"禁毒知识","Content":"孕妇涉毒犯罪有可能免除刑责。","Score":5,"Options":[{"Sign":"A","Content":"正确"},{"Sign":"B","Content":"错误"}]},{"QuestionID":29,"QuestionType":"禁毒知识","Content":"《中华人民共和国刑法》规定，走私、贩卖、运输、制造鸦片不满二百克、海洛因或者甲基苯丙胺不满（  ）克或者其他少量毒品的，处三年以下有期徒刑、拘役或者管制，并处罚金；情节严重的，处三年以上七年以下有期徒刑，并处罚金。","Score":5,"Options":[{"Sign":"A","Content":"十"},{"Sign":"B","Content":"二十"},{"Sign":"C","Content":"三十"},{"Sign":"D","Content":"四十"}]},{"QuestionID":61,"QuestionType":"禁毒知识","Content":"对不适用强制隔离戒毒的吸毒成瘾人员，依照《禁毒法》规定进行( )。","Score":5,"Options":[{"Sign":"A","Content":"自愿戒毒"},{"Sign":"B","Content":"社区戒毒"},{"Sign":"C","Content":"社区康复"},{"Sign":"D","Content":"批评教育"}]},{"QuestionID":379,"QuestionType":"禁毒知识","Content":"有的吸毒者为了获取毒品和毒资，丧失人格，违反道德和法律，实施盗窃、抢劫和抢夺等破坏社会秩序的行为。","Score":5,"Options":[{"Sign":"A","Content":"正确"},{"Sign":"B","Content":"错误"}]},{"QuestionID":283,"QuestionType":"禁毒知识","Content":"吸毒如果仅仅偶尔吸一两次，一般都不会上瘾。这种说法（  ）","Score":5,"Options":[{"Sign":"A","Content":"正确"},{"Sign":"B","Content":"错误"}]},{"QuestionID":131,"QuestionType":"禁毒知识","Content":"麻古具有强烈的兴奋和致幻功能，吸食后容易造成人体中枢神经（　）的损伤。","Score":5,"Options":[{"Sign":"A","Content":"不可逆性"},{"Sign":"B","Content":"可逆性"},{"Sign":"C","Content":"一过性"},{"Sign":"D","Content":"临时性"}]},{"QuestionID":35,"QuestionType":"禁毒知识","Content":"麻黄碱是从哪种原植物中提取的（　）  。","Score":5,"Options":[{"Sign":"A","Content":"罂粟"},{"Sign":"B","Content":"大麻"},{"Sign":"C","Content":"麻黄草"},{"Sign":"D","Content":"古柯"}]},{"QuestionID":275,"QuestionType":"禁毒知识","Content":"吸毒行为可以通过采集当事人血液、尿液或毛发等检测出来。","Score":5,"Options":[{"Sign":"A","Content":"正确"},{"Sign":"B","Content":"错误"}]},{"QuestionID":3,"QuestionType":"禁毒知识","Content":"“国际禁毒日”是每年的（  ）。","Score":5,"Options":[{"Sign":"A","Content":"7月9日"},{"Sign":"B","Content":"6月26日"},{"Sign":"C","Content":"12月1日"},{"Sign":"D","Content":"5月17日"}]},{"QuestionID":430,"QuestionType":"禁毒知识","Content":"《全国青少年毒品预防教育规划（2016—2018）》要求，小学五年级至高中二年级每学年至少安排(  )课时毒品预防教育专题课程。","Score":5,"Options":[{"Sign":"A","Content":"1"},{"Sign":"B","Content":"2"},{"Sign":"C","Content":"3"},{"Sign":"D","Content":"4"}]},{"QuestionID":234,"QuestionType":"禁毒知识","Content":"世界上三大毒品产地中哪一个不在亚洲？","Score":5,"Options":[{"Sign":"A","Content":"“金三角”"},{"Sign":"B","Content":"“金新月”"},{"Sign":"C","Content":"“银三角”"}]},{"QuestionID":263,"QuestionType":"禁毒知识","Content":"我们的爸爸、妈妈、爷爷、奶奶都可以喝酒，所以我们也可以喝酒。（  ）","Score":5,"Options":[{"Sign":"A","Content":"正确"},{"Sign":"B","Content":"错误"}]},{"QuestionID":381,"QuestionType":"禁毒知识","Content":"由于我国西南边境毗邻世界最主要的毒源地（　），造成毒源地的毒品大量流入我国，部分经我国中转走私到其他国家和地区。","Score":5,"Options":[{"Sign":"A","Content":"金三角"},{"Sign":"B","Content":"银三角"},{"Sign":"C","Content":"金新月"}]},{"QuestionID":367,"QuestionType":"禁毒知识","Content":"以下属于生活技能教育主要内容的是（　）  。","Score":5,"Options":[{"Sign":"A","Content":"正确的自我认识"},{"Sign":"B","Content":"学会倾听、有效交流与沟通"},{"Sign":"C","Content":"调节情绪，缓解紧张和压力"},{"Sign":"D","Content":"以上A.B.C三项表述均是"}]},{"QuestionID":382,"QuestionType":"禁毒知识","Content":"由于吸毒者极易感染各种疾病，包括性病，丙型肝炎等，注射毒品是传染（　） 的主要途径。","Score":5,"Options":[{"Sign":"A","Content":"痢疾"},{"Sign":"B","Content":"艾滋病"},{"Sign":"C","Content":"肺病"}]},{"QuestionID":299,"QuestionType":"禁毒知识","Content":"吸食新型合成毒品后，只要自己注意，不可能染上性病或艾滋病。","Score":5,"Options":[{"Sign":"A","Content":"正确"},{"Sign":"B","Content":"错误"}]}]}