{"RandomPaperID":151,"Questions":[{"QuestionID":419,"QuestionType":"禁毒知识","Content":"止咳露（或止咳水）只是一种常见的中成药，大量服用不会形成药物依赖。这种说法","Score":5,"Options":[{"Sign":"A","Content":"正确"},{"Sign":"B","Content":"错误"}]},{"QuestionID":18,"QuestionType":"禁毒知识","Content":"《禁毒法》规定，国家采取各种措施帮助吸毒人员戒除毒瘾，（  ）吸毒人员。吸毒成瘾人员应当进行戒毒治疗。","Score":5,"Options":[{"Sign":"A","Content":"打击处理"},{"Sign":"B","Content":"依法惩治"},{"Sign":"C","Content":"教育和挽救"},{"Sign":"D","Content":"收容看管"}]},{"QuestionID":138,"QuestionType":"禁毒知识","Content":"蘑菇是一种蔬菜。郊外雨后的草地上长出了漂亮的新鲜蘑菇，所以我们可以把这些漂亮的野蘑菇随便采回家里做菜吃。（  ）","Score":5,"Options":[{"Sign":"A","Content":"正确"},{"Sign":"B","Content":"错误"}]},{"QuestionID":178,"QuestionType":"禁毒知识","Content":"吸毒成瘾的三个基本过程包括：耐药作用的形成，（  ），强化的形成。","Score":5,"Options":[{"Sign":"A","Content":"对毒品反映减弱"},{"Sign":"B","Content":"身体依赖性的产生"},{"Sign":"C","Content":"对毒品反映增强"},{"Sign":"D","Content":"身体依赖性的消失"}]},{"QuestionID":353,"QuestionType":"禁毒知识","Content":"要养成良好的生活习惯、行为习惯，不吸烟，不饮酒，不涉足青少年不宜进入的场所，包括歌舞厅、游戏厅、酒吧等地方，以（  ）。","Score":5,"Options":[{"Sign":"A","Content":"远离毒品"},{"Sign":"B","Content":"亲近毒品"}]},{"QuestionID":17,"QuestionType":"禁毒知识","Content":"“快克”是一种高纯度的海洛因，属于海洛因中的精制品。","Score":5,"Options":[{"Sign":"A","Content":"正确"},{"Sign":"B","Content":"错误"}]},{"QuestionID":403,"QuestionType":"禁毒知识","Content":"在中国，K粉列入第一类精神药品管制。","Score":5,"Options":[{"Sign":"A","Content":"正确"},{"Sign":"B","Content":"错误"}]},{"QuestionID":206,"QuestionType":"禁毒知识","Content":"以下哪种行为不予处罚。（  ）","Score":5,"Options":[{"Sign":"A","Content":"有人在自己经营的娱乐场所内吸毒，不制止、不报告"},{"Sign":"B","Content":"携带毒品原植物种子"},{"Sign":"C","Content":"非法种植毒品原植物，在收获前自动铲除"},{"Sign":"D","Content":"为走私、贩卖、运输、制造鸦片的犯罪分子提供财物"}]},{"QuestionID":310,"QuestionType":"禁毒知识","Content":"下列属于合成毒品的是（ ）","Score":5,"Options":[{"Sign":"A","Content":"大麻"},{"Sign":"B","Content":"海洛因"},{"Sign":"C","Content":"K粉"},{"Sign":"D","Content":"北美仙人球"}]},{"QuestionID":110,"QuestionType":"禁毒知识","Content":"接受社区戒毒的戒毒人员应当遵守法律、法规，自觉履行( )，并根据公安机关的要求，定期接受检测。","Score":5,"Options":[{"Sign":"A","Content":"社区戒毒保证"},{"Sign":"B","Content":"社区戒毒约定"},{"Sign":"C","Content":"社区戒毒协议"}]},{"QuestionID":247,"QuestionType":"禁毒知识","Content":"“虎门销烟”是哪一天开始的（）。","Score":5,"Options":[{"Sign":"A","Content":"1839年6月3日"},{"Sign":"B","Content":"1840年6月9日"},{"Sign":"C","Content":"1841年7月17日"},{"Sign":"D","Content":"1842年10月10日"}]},{"QuestionID":237,"QuestionType":"禁毒知识","Content":"（）是被滥用最早的毒品，历史悠久，地域广泛，滥用者众多。","Score":5,"Options":[{"Sign":"A","Content":"可卡因"},{"Sign":"B","Content":"阿片类毒品"},{"Sign":"C","Content":"苯丙胺类兴奋剂"},{"Sign":"D","Content":"大麻"}]},{"QuestionID":61,"QuestionType":"禁毒知识","Content":"对不适用强制隔离戒毒的吸毒成瘾人员，依照《禁毒法》规定进行( )。","Score":5,"Options":[{"Sign":"A","Content":"自愿戒毒"},{"Sign":"B","Content":"社区戒毒"},{"Sign":"C","Content":"社区康复"},{"Sign":"D","Content":"批评教育"}]},{"QuestionID":20,"QuestionType":"禁毒知识","Content":"《禁毒法》规定，国家鼓励对禁毒工作的社会捐赠，并依法给予（  ）。","Score":5,"Options":[{"Sign":"A","Content":"税收减免"},{"Sign":"B","Content":"税收优惠"},{"Sign":"C","Content":"表彰奖励"},{"Sign":"D","Content":"税收减免和优惠"}]},{"QuestionID":381,"QuestionType":"禁毒知识","Content":"由于我国西南边境毗邻世界最主要的毒源地（　），造成毒源地的毒品大量流入我国，部分经我国中转走私到其他国家和地区。","Score":5,"Options":[{"Sign":"A","Content":"金三角"},{"Sign":"B","Content":"银三角"},{"Sign":"C","Content":"金新月"}]},{"QuestionID":234,"QuestionType":"禁毒知识","Content":"世界上三大毒品产地中哪一个不在亚洲？","Score":5,"Options":[{"Sign":"A","Content":"“金三角”"},{"Sign":"B","Content":"“金新月”"},{"Sign":"C","Content":"“银三角”"}]},{"QuestionID":96,"QuestionType":"禁毒知识","Content":"国家鼓励公民举报毒品违法犯罪行为。各级人民政府和有关部门应当对举报人予以保护，对( )，给予表彰和奖励。","Score":5,"Options":[{"Sign":"A","Content":"举报人员"},{"Sign":"B","Content":"举报积极人员"},{"Sign":"C","Content":"举报有功人员"},{"Sign":"D","Content":"实名举报人员"}]},{"QuestionID":404,"QuestionType":"禁毒知识","Content":"造成情绪暴躁而引发针对他人的肢体暴力（例如啃脸、咬耳）行为的“僵尸浴盐”，其主要的化学成分是卡西酮类物质。是一种新型的（  ）","Score":5,"Options":[{"Sign":"A","Content":"传统毒品"},{"Sign":"B","Content":"合成毒品"}]},{"QuestionID":325,"QuestionType":"禁毒知识","Content":"小王把20克冰毒寄存在小张家里后离开了，但后来被公安机关查获。由于小张自己不吸毒，小王也承认毒品是他自己放的，没有告诉小张是毒品，所以小张他不需要负任何法律责任。这种说法（ ）。","Score":5,"Options":[{"Sign":"A","Content":"正确"},{"Sign":"B","Content":"错误"}]},{"QuestionID":37,"QuestionType":"禁毒知识","Content":"成瘾是由于(  )某种有依赖性药物或物质引起的一种慢性中毒状态。","Score":5,"Options":[{"Sign":"A","Content":"反复使用"},{"Sign":"B","Content":"一次使用"},{"Sign":"C","Content":"偶尔使用"},{"Sign":"D","Content":"曾经使用"}]}]}