{"RandomPaperID":158,"Questions":[{"QuestionID":323,"QuestionType":"禁毒知识","Content":"对戒毒人员戒毒的个人信息应当依法予以保密。对戒断3年未复吸的人员，不再实行动态管控。","Score":5,"Options":[{"Sign":"A","Content":"正确"},{"Sign":"B","Content":"错误"}]},{"QuestionID":315,"QuestionType":"禁毒知识","Content":"下列选项中属于禁毒志愿者义务的是。（  ）","Score":5,"Options":[{"Sign":"A","Content":"履行禁毒志愿者服务承诺"},{"Sign":"B","Content":"自身远离毒品"},{"Sign":"C","Content":"每年参加不少于48小时禁毒志愿服务活动"},{"Sign":"D","Content":"以上选项都是"}]},{"QuestionID":4,"QuestionType":"禁毒知识","Content":"“金三角”是指泰国、缅甸、（ ）。","Score":5,"Options":[{"Sign":"A","Content":"老挝"},{"Sign":"B","Content":"越南"},{"Sign":"C","Content":"柬埔寨"},{"Sign":"D","Content":"印度"}]},{"QuestionID":421,"QuestionType":"禁毒知识","Content":"制定《禁毒法》的必要性是（  ）","Score":5,"Options":[{"Sign":"A","Content":"应对严峻的毒品违法犯罪形势的需要"},{"Sign":"B","Content":"进一步完善我国预防和惩治毒品违法犯罪法律体系的需要"},{"Sign":"C","Content":"履行国际禁毒公约的需要"},{"Sign":"D","Content":"A.B和C"}]},{"QuestionID":296,"QuestionType":"禁毒知识","Content":"全球吸毒人数多达2.5亿人，其中大多数是（　）。","Score":5,"Options":[{"Sign":"A","Content":"未成年人"},{"Sign":"B","Content":"成年人"},{"Sign":"C","Content":"老人"}]},{"QuestionID":257,"QuestionType":"禁毒知识","Content":"我国禁毒工作的治本之策是（　）。","Score":5,"Options":[{"Sign":"A","Content":"预防教育"},{"Sign":"B","Content":"依法严厉打击"},{"Sign":"C","Content":"切断毒品来源"},{"Sign":"D","Content":"戒断治疗"}]},{"QuestionID":352,"QuestionType":"禁毒知识","Content":"要想真正远离毒品，我们首先就必须要了解人们选择吸食毒品之原因。","Score":5,"Options":[{"Sign":"A","Content":"正确"},{"Sign":"B","Content":"错误"}]},{"QuestionID":317,"QuestionType":"禁毒知识","Content":"吸毒成瘾的原因有（　）。","Score":5,"Options":[{"Sign":"A","Content":"个人"},{"Sign":"B","Content":"家庭"},{"Sign":"C","Content":"社会"},{"Sign":"D","Content":"以上选项都是"}]},{"QuestionID":392,"QuestionType":"禁毒知识","Content":"孕妇涉毒犯罪有可能免除刑责。","Score":5,"Options":[{"Sign":"A","Content":"正确"},{"Sign":"B","Content":"错误"}]},{"QuestionID":247,"QuestionType":"禁毒知识","Content":"“虎门销烟”是哪一天开始的（）。","Score":5,"Options":[{"Sign":"A","Content":"1839年6月3日"},{"Sign":"B","Content":"1840年6月9日"},{"Sign":"C","Content":"1841年7月17日"},{"Sign":"D","Content":"1842年10月10日"}]},{"QuestionID":290,"QuestionType":"禁毒知识","Content":"吸毒者既是违法者又是病人。","Score":5,"Options":[{"Sign":"A","Content":"正确"},{"Sign":"B","Content":"错误"}]},{"QuestionID":398,"QuestionType":"禁毒知识","Content":"在食品中掺用罂粟壳的行为，不构成犯罪，也无需进行行政处罚。","Score":5,"Options":[{"Sign":"A","Content":"正确"},{"Sign":"B","Content":"错误"}]},{"QuestionID":110,"QuestionType":"禁毒知识","Content":"接受社区戒毒的戒毒人员应当遵守法律、法规，自觉履行( )，并根据公安机关的要求，定期接受检测。","Score":5,"Options":[{"Sign":"A","Content":"社区戒毒保证"},{"Sign":"B","Content":"社区戒毒约定"},{"Sign":"C","Content":"社区戒毒协议"}]},{"QuestionID":275,"QuestionType":"禁毒知识","Content":"吸毒行为可以通过采集当事人血液、尿液或毛发等检测出来。","Score":5,"Options":[{"Sign":"A","Content":"正确"},{"Sign":"B","Content":"错误"}]},{"QuestionID":210,"QuestionType":"禁毒知识","Content":"罂粟籽属于一种毒品原料。","Score":5,"Options":[{"Sign":"A","Content":"正确"},{"Sign":"B","Content":"错误"}]},{"QuestionID":65,"QuestionType":"禁毒知识","Content":"二十世纪（　） ，中国获得近三十年“无毒国”美誉。（  ）","Score":5,"Options":[{"Sign":"A","Content":"40年代末到80年代初"},{"Sign":"B","Content":"50年代初到70年代末"},{"Sign":"C","Content":"50年代末到80年代初"},{"Sign":"D","Content":"40年代末到90年代初"}]},{"QuestionID":9,"QuestionType":"禁毒知识","Content":"氟硝安定、安眠酮、丁丙诺啡、地西泮及有机溶剂和鼻吸剂是合成毒品。","Score":5,"Options":[{"Sign":"A","Content":"正确"},{"Sign":"B","Content":"错误"}]},{"QuestionID":98,"QuestionType":"禁毒知识","Content":"国家确定的麻醉药品药用原植物种植企业的提取加工场所，以及国家设立的麻醉药品储存仓库，列为（  ）。","Score":5,"Options":[{"Sign":"A","Content":"国家重点工程"},{"Sign":"B","Content":"国家禁区"},{"Sign":"C","Content":"国家重点警戒目标"},{"Sign":"D","Content":"保密单位"}]},{"QuestionID":222,"QuestionType":"禁毒知识","Content":"长期吸食以后，情绪激昂冲动。就算是停止复吸，戒断很久以后，都容易出现幻听、幻觉、被害妄想等精神病稽延症状。这是（　）类毒品的精神病态特征。","Score":5,"Options":[{"Sign":"A","Content":"麻醉类"},{"Sign":"B","Content":"海洛因"},{"Sign":"C","Content":"苯丙胺(冰毒)"},{"Sign":"D","Content":"杜冷丁"}]},{"QuestionID":431,"QuestionType":"禁毒知识","Content":"《全国青少年毒品预防教育规划（2016—2018）》要求，2017年年底前，全国300万人口以上大城市各建(  )所禁毒教育基地","Score":5,"Options":[{"Sign":"A","Content":"1"},{"Sign":"B","Content":"2"},{"Sign":"C","Content":"3"}]}]}