{"RandomPaperID":161,"Questions":[{"QuestionID":360,"QuestionType":"禁毒知识","Content":"以下哪些是我国刑法所界定的毒品？（  ）","Score":5,"Options":[{"Sign":"A","Content":"鸦片、海洛因、甲基苯丙胺(冰毒)、吗啡、大麻、可卡因"},{"Sign":"B","Content":"挥发性溶剂"},{"Sign":"C","Content":"烟草、酒精"}]},{"QuestionID":200,"QuestionType":"禁毒知识","Content":"小明今年上五年级，沉迷于网络游戏，然后到黑网吧去上网，结交了不良的朋友，最后染上了烟瘾和学会了吸毒。这个故事告诉我们什么道理？（  ）","Score":5,"Options":[{"Sign":"A","Content":"不在危险的地方逗留，尤其是网吧这样人多和复杂的环境"},{"Sign":"B","Content":"要养成自律的好习惯"},{"Sign":"C","Content":"要学会抵制诱惑"},{"Sign":"D","Content":"以上选项都是"}]},{"QuestionID":52,"QuestionType":"禁毒知识","Content":"毒品起源于（　） 。","Score":5,"Options":[{"Sign":"A","Content":"矿物"},{"Sign":"B","Content":"动物"},{"Sign":"C","Content":"植物"},{"Sign":"D","Content":"毒物"}]},{"QuestionID":378,"QuestionType":"禁毒知识","Content":"罂粟籽、大麻籽属于毒品原植物种子。","Score":5,"Options":[{"Sign":"A","Content":"正确"},{"Sign":"B","Content":"错误"}]},{"QuestionID":31,"QuestionType":"禁毒知识","Content":"GHB是一种无色无味的液体，由于它可以轻易的放入饮料之中交给不知情的受害人使用，且受害人经常会不记得遭受过攻击。所以被称为“液体迷魂药”、“迷奸水”。","Score":5,"Options":[{"Sign":"A","Content":"正确"},{"Sign":"B","Content":"错误"}]},{"QuestionID":343,"QuestionType":"禁毒知识","Content":"摇头丸就像跳跳糖或是跑跑糖一样，是一种娱乐食品，不是毒品。（  ）","Score":5,"Options":[{"Sign":"A","Content":"正确"},{"Sign":"B","Content":"错误"}]},{"QuestionID":435,"QuestionType":"禁毒知识","Content":"十九大报告提出，成立（），加强对法治中国建设的统一领导。","Score":5,"Options":[{"Sign":"A","Content":"中国依法治国领导小组"},{"Sign":"B","Content":"中央全面依法治国领导小组"},{"Sign":"C","Content":"中央法制领导小组"},{"Sign":"D","Content":"国务院依法治国领导小组"}]},{"QuestionID":9,"QuestionType":"禁毒知识","Content":"氟硝安定、安眠酮、丁丙诺啡、地西泮及有机溶剂和鼻吸剂是合成毒品。","Score":5,"Options":[{"Sign":"A","Content":"正确"},{"Sign":"B","Content":"错误"}]},{"QuestionID":226,"QuestionType":"禁毒知识","Content":"中学生应该怎样做才能远离毒品、拒绝毒品？","Score":5,"Options":[{"Sign":"A","Content":"了解毒品的特征"},{"Sign":"B","Content":"认识到毒品的危害"},{"Sign":"C","Content":"能够辨别毒品"},{"Sign":"D","Content":"以上选项都是"}]},{"QuestionID":176,"QuestionType":"禁毒知识","Content":"吸毒，也称“药物滥用”，就是出于（　）目的，通过注射、口服、鼻吸或其他方式将毒品摄入人体的行为。","Score":5,"Options":[{"Sign":"A","Content":"非医疗"},{"Sign":"B","Content":"治病"},{"Sign":"C","Content":"麻醉"},{"Sign":"D","Content":"交友"}]},{"QuestionID":260,"QuestionType":"禁毒知识","Content":"我国目前吸毒人员主要以吸食海洛因为主，大约占70%以上。","Score":5,"Options":[{"Sign":"A","Content":"正确"},{"Sign":"B","Content":"错误"}]},{"QuestionID":198,"QuestionType":"禁毒知识","Content":"下列选项中对我国毒品消费形势表述正确的是 。（  ）","Score":5,"Options":[{"Sign":"A","Content":"毒品消费者市场逐步减少"},{"Sign":"B","Content":"35岁以下青少年吸毒人数约比高"},{"Sign":"C","Content":"吸食合成毒品的人数下降"},{"Sign":"D","Content":"吸毒人数减少"}]},{"QuestionID":235,"QuestionType":"禁毒知识","Content":"世界上生产的鸦片类毒品最多的国家是（　） ?","Score":5,"Options":[{"Sign":"A","Content":"缅甸"},{"Sign":"B","Content":"阿富汗"},{"Sign":"C","Content":"哥伦比亚"},{"Sign":"D","Content":"墨西哥"}]},{"QuestionID":69,"QuestionType":"禁毒知识","Content":"非法持有海洛因（  ）克以上的，构成非法持有毒品罪。","Score":5,"Options":[{"Sign":"A","Content":"5"},{"Sign":"B","Content":"50"},{"Sign":"C","Content":"10"},{"Sign":"D","Content":"20克"}]},{"QuestionID":404,"QuestionType":"禁毒知识","Content":"造成情绪暴躁而引发针对他人的肢体暴力（例如啃脸、咬耳）行为的“僵尸浴盐”，其主要的化学成分是卡西酮类物质。是一种新型的（  ）","Score":5,"Options":[{"Sign":"A","Content":"传统毒品"},{"Sign":"B","Content":"合成毒品"}]},{"QuestionID":101,"QuestionType":"禁毒知识","Content":"海洛因同吗啡相比，其成瘾性（  ）。","Score":5,"Options":[{"Sign":"A","Content":"更强"},{"Sign":"B","Content":"较弱"},{"Sign":"C","Content":"相当"},{"Sign":"D","Content":"更弱"}]},{"QuestionID":147,"QuestionType":"禁毒知识","Content":"强制隔离戒毒期满前，经诊断评估，对于需要延长戒毒期限的戒毒人员，由强制隔离戒毒场所提出延长戒毒期限的意见，报强制隔离戒毒的决定机关批准。强制隔离戒毒的最长延长期限不得超过半年。","Score":5,"Options":[{"Sign":"A","Content":"正确"},{"Sign":"B","Content":"错误"}]},{"QuestionID":66,"QuestionType":"禁毒知识","Content":"发现吸贩毒情况，想向公安机关举报应拨打电话号码（  ）。","Score":5,"Options":[{"Sign":"A","Content":"114"},{"Sign":"B","Content":"119"},{"Sign":"C","Content":"110"},{"Sign":"D","Content":"120"}]},{"QuestionID":91,"QuestionType":"禁毒知识","Content":"国际上习惯称吸毒为麻醉药品和精神药品的滥用。","Score":5,"Options":[{"Sign":"A","Content":"正确"},{"Sign":"B","Content":"错误"}]},{"QuestionID":395,"QuestionType":"禁毒知识","Content":"在荷兰吸毒，也属违法。","Score":5,"Options":[{"Sign":"A","Content":"正确"},{"Sign":"B","Content":"错误"}]}]}