{"RandomPaperID":164,"Questions":[{"QuestionID":229,"QuestionType":"禁毒知识","Content":"社区戒毒为我国现有戒毒模式之一，其虽具有强制性但却不得限制人身自由，此模式期限为（　）。","Score":5,"Options":[{"Sign":"A","Content":"2年"},{"Sign":"B","Content":"3年"},{"Sign":"C","Content":"1年"},{"Sign":"D","Content":"6个月"}]},{"QuestionID":125,"QuestionType":"禁毒知识","Content":"滥用大量止咳水会导致中毒性精神病、心跳停止及呼吸停顿导致窒息死亡。","Score":5,"Options":[{"Sign":"A","Content":"正确"},{"Sign":"B","Content":"错误"}]},{"QuestionID":375,"QuestionType":"禁毒知识","Content":"1874年英国化学家莱特（R.Wright），在吗啡中加入醋酸酐等物质，首次提炼出镇痛效果更佳的半合成化衍生物，海洛因","Score":5,"Options":[{"Sign":"A","Content":"正确"},{"Sign":"B","Content":"错误"}]},{"QuestionID":20,"QuestionType":"禁毒知识","Content":"《禁毒法》规定，国家鼓励对禁毒工作的社会捐赠，并依法给予（  ）。","Score":5,"Options":[{"Sign":"A","Content":"税收减免"},{"Sign":"B","Content":"税收优惠"},{"Sign":"C","Content":"表彰奖励"},{"Sign":"D","Content":"税收减免和优惠"}]},{"QuestionID":223,"QuestionType":"禁毒知识","Content":"郑某在南方某地购得15克海洛因藏在家中准备自己吸食，后被公安机关查获，郑某的行为构成了什么罪？（  ）","Score":5,"Options":[{"Sign":"A","Content":"贩卖毒品罪"},{"Sign":"B","Content":"非法持有毒品罪"},{"Sign":"C","Content":"不构成犯罪"},{"Sign":"D","Content":"私藏毒品罪"}]},{"QuestionID":40,"QuestionType":"禁毒知识","Content":"从医学角度看，吸毒成瘾作为一种疾病。以下哪个表述是正确的（  ）。","Score":5,"Options":[{"Sign":"A","Content":"心理障碍"},{"Sign":"B","Content":"精神疾病"},{"Sign":"C","Content":"躯体疾病"},{"Sign":"D","Content":"慢性的复发性的脑疾病"}]},{"QuestionID":93,"QuestionType":"禁毒知识","Content":"国家对麻醉药品药用原植物种植实行管制。禁止非法种植罂粟、古柯植物、大麻植物以及国家规定管制的可以用于提炼加工毒品的其他原植物。","Score":5,"Options":[{"Sign":"A","Content":"正确"},{"Sign":"B","Content":"错误"}]},{"QuestionID":272,"QuestionType":"禁毒知识","Content":"吸毒对女性怀孕后胎儿的影响是（　）。","Score":5,"Options":[{"Sign":"A","Content":"可能导致胎儿畸形死胎"},{"Sign":"B","Content":"没有任何影响"},{"Sign":"C","Content":"可能导致难产"},{"Sign":"D","Content":"会让胎儿更健康"}]},{"QuestionID":428,"QuestionType":"禁毒知识","Content":"朱某将盗窃的毒品卖给周某，朱某构成（ ）。","Score":5,"Options":[{"Sign":"A","Content":"盗窃罪"},{"Sign":"B","Content":"贩卖毒品罪"},{"Sign":"C","Content":"盗窃罪和贩卖毒品罪,数罪并罚"}]},{"QuestionID":155,"QuestionType":"禁毒知识","Content":"人们常说“毒品猛于虎”，毒品的危害除了对身心的危害，严重摧残吸毒者的身体之外，还包括（　） 。（  ）","Score":5,"Options":[{"Sign":"A","Content":"对家庭的危害"},{"Sign":"B","Content":"对社会的危害"},{"Sign":"C","Content":"对他人的危害"},{"Sign":"D","Content":"以上A和B"}]},{"QuestionID":236,"QuestionType":"禁毒知识","Content":"世界上最大的可卡因产地是哪里？（  ）","Score":5,"Options":[{"Sign":"A","Content":"金三角"},{"Sign":"B","Content":"金新月"},{"Sign":"C","Content":"银三角"},{"Sign":"D","Content":"贝卡谷地"}]},{"QuestionID":262,"QuestionType":"禁毒知识","Content":"我国云南、新疆紧邻哪两大毒品产地？（  ）","Score":5,"Options":[{"Sign":"A","Content":"金三角和金新月"},{"Sign":"B","Content":"金新月和银三角"},{"Sign":"C","Content":"金三角和银三角"}]},{"QuestionID":269,"QuestionType":"禁毒知识","Content":"吸毒的人不会长寿。","Score":5,"Options":[{"Sign":"A","Content":"正确"},{"Sign":"B","Content":"错误"}]},{"QuestionID":9,"QuestionType":"禁毒知识","Content":"氟硝安定、安眠酮、丁丙诺啡、地西泮及有机溶剂和鼻吸剂是合成毒品。","Score":5,"Options":[{"Sign":"A","Content":"正确"},{"Sign":"B","Content":"错误"}]},{"QuestionID":131,"QuestionType":"禁毒知识","Content":"麻古具有强烈的兴奋和致幻功能，吸食后容易造成人体中枢神经（　）的损伤。","Score":5,"Options":[{"Sign":"A","Content":"不可逆性"},{"Sign":"B","Content":"可逆性"},{"Sign":"C","Content":"一过性"},{"Sign":"D","Content":"临时性"}]},{"QuestionID":165,"QuestionType":"禁毒知识","Content":"生理戒断是指尿检呈阴性，戒断症状消失。","Score":5,"Options":[{"Sign":"A","Content":"正确"},{"Sign":"B","Content":"错误"}]},{"QuestionID":424,"QuestionType":"禁毒知识","Content":"中宣部、中央网信办、公安部等14个部门联合制定的《全国青少年毒品预防教育工作规划（2016——2018）》规定，力争用3年时间，使省级禁毒办专门从事毒品预防教育工作的在编人员不得少于本部门在编总人数的（）。","Score":5,"Options":[{"Sign":"A","Content":"10%"},{"Sign":"B","Content":"15%"},{"Sign":"C","Content":"20%"},{"Sign":"D","Content":"25%"}]},{"QuestionID":372,"QuestionType":"禁毒知识","Content":"易制毒化学品分为三类。第一类是可以用于制毒的主要原料，第二类、第三类是可以用于制毒的化学配剂。以上说法正确吗？（  ）","Score":5,"Options":[{"Sign":"A","Content":"正确"},{"Sign":"B","Content":"错误"}]},{"QuestionID":304,"QuestionType":"禁毒知识","Content":"下列关于戒毒说法正确的是（ ）。","Score":5,"Options":[{"Sign":"A","Content":"戒毒有特效药"},{"Sign":"B","Content":"毒瘾能轻易戒除"},{"Sign":"C","Content":"一旦染上毒瘾很难戒除"}]},{"QuestionID":79,"QuestionType":"禁毒知识","Content":"根据毒品来源和生产方法不同，可分为天然毒品和（  ）。","Score":5,"Options":[{"Sign":"A","Content":"合成毒品"},{"Sign":"B","Content":"传统毒品"},{"Sign":"C","Content":"化学毒品"},{"Sign":"D","Content":"新型毒品"}]}]}