{"RandomPaperID":165,"Questions":[{"QuestionID":365,"QuestionType":"禁毒知识","Content":"以下属于古柯类毒品的是（　）。","Score":5,"Options":[{"Sign":"A","Content":"吗啡"},{"Sign":"B","Content":"快克"},{"Sign":"C","Content":"安眠酮"},{"Sign":"D","Content":"咖啡因"}]},{"QuestionID":380,"QuestionType":"禁毒知识","Content":"我国目前海洛因仍然在医疗上使用吗？","Score":5,"Options":[{"Sign":"A","Content":"常使用"},{"Sign":"B","Content":"不使用"},{"Sign":"C","Content":"偶尔使用"}]},{"QuestionID":184,"QuestionType":"禁毒知识","Content":"吸毒对人的身心危害有：吸毒对身体的毒性作用、戒断反应、精神障碍与变态、感染各种疾病。","Score":5,"Options":[{"Sign":"A","Content":"正确"},{"Sign":"B","Content":"错误"}]},{"QuestionID":342,"QuestionType":"禁毒知识","Content":"研究表明，80%以上的苯丙胺滥用者即使停止滥用最长达8-12年 ，仍有一些精神病症状，乃至精神分裂，一遇刺激便会发作。","Score":5,"Options":[{"Sign":"A","Content":"正确"},{"Sign":"B","Content":"错误"}]},{"QuestionID":51,"QuestionType":"禁毒知识","Content":"毒品的心理依赖是指人在多次用药后所产生的在心理上、精神上对所用药物的（　）或强制性觅药的心理倾向。","Score":5,"Options":[{"Sign":"A","Content":"被动渴求"},{"Sign":"B","Content":"客观渴求"},{"Sign":"C","Content":"主观渴求"},{"Sign":"D","Content":"B和C"}]},{"QuestionID":134,"QuestionType":"禁毒知识","Content":"吗啡一般是从（   ）中提炼出来的？","Score":5,"Options":[{"Sign":"A","Content":"海洛因"},{"Sign":"B","Content":"鸦片"},{"Sign":"C","Content":"古柯叶"},{"Sign":"D","Content":"大麻"}]},{"QuestionID":371,"QuestionType":"禁毒知识","Content":"以下哪一种不是毒品原植物。（  ）","Score":5,"Options":[{"Sign":"A","Content":"罂粟"},{"Sign":"B","Content":"大麻"},{"Sign":"C","Content":"烟叶"},{"Sign":"D","Content":"古柯"}]},{"QuestionID":113,"QuestionType":"禁毒知识","Content":"戒毒人员在（  ）等方面不受歧视。有关部门、组织和人员应当在这些方面对戒毒人员给予必要的指导和帮助。","Score":5,"Options":[{"Sign":"A","Content":"入学"},{"Sign":"B","Content":"就业"},{"Sign":"C","Content":"享受社会保障"},{"Sign":"D","Content":"A.B和C"}]},{"QuestionID":138,"QuestionType":"禁毒知识","Content":"蘑菇是一种蔬菜。郊外雨后的草地上长出了漂亮的新鲜蘑菇，所以我们可以把这些漂亮的野蘑菇随便采回家里做菜吃。（  ）","Score":5,"Options":[{"Sign":"A","Content":"正确"},{"Sign":"B","Content":"错误"}]},{"QuestionID":197,"QuestionType":"禁毒知识","Content":"下列那种属于兴奋剂？","Score":5,"Options":[{"Sign":"A","Content":"摇头丸"},{"Sign":"B","Content":"二甲基色胺"},{"Sign":"C","Content":"巴比妥"},{"Sign":"D","Content":"吗啡"}]},{"QuestionID":206,"QuestionType":"禁毒知识","Content":"以下哪种行为不予处罚。（  ）","Score":5,"Options":[{"Sign":"A","Content":"有人在自己经营的娱乐场所内吸毒，不制止、不报告"},{"Sign":"B","Content":"携带毒品原植物种子"},{"Sign":"C","Content":"非法种植毒品原植物，在收获前自动铲除"},{"Sign":"D","Content":"为走私、贩卖、运输、制造鸦片的犯罪分子提供财物"}]},{"QuestionID":7,"QuestionType":"禁毒知识","Content":"苯丙胺因其纯品无色透明，像冰一样，故俗称“冰毒”。","Score":5,"Options":[{"Sign":"A","Content":"正确"},{"Sign":"B","Content":"错误"}]},{"QuestionID":163,"QuestionType":"禁毒知识","Content":"社区戒毒的期限为（ ）。","Score":5,"Options":[{"Sign":"A","Content":"1年"},{"Sign":"B","Content":"2年"},{"Sign":"C","Content":"3年"}]},{"QuestionID":288,"QuestionType":"禁毒知识","Content":"吸毒者对毒品都具有较强的依赖性，而依赖性仅表现在身体（生理）上对毒品的依赖。","Score":5,"Options":[{"Sign":"A","Content":"正确"},{"Sign":"B","Content":"错误"}]},{"QuestionID":140,"QuestionType":"禁毒知识","Content":"南美的秘鲁、玻利维亚（　）是可卡因的最大生产基地。（  ）","Score":5,"Options":[{"Sign":"A","Content":"巴西"},{"Sign":"B","Content":"阿根廷"},{"Sign":"C","Content":"哥伦比亚"},{"Sign":"D","Content":"厄瓜多尔"}]},{"QuestionID":352,"QuestionType":"禁毒知识","Content":"要想真正远离毒品，我们首先就必须要了解人们选择吸食毒品之原因。","Score":5,"Options":[{"Sign":"A","Content":"正确"},{"Sign":"B","Content":"错误"}]},{"QuestionID":237,"QuestionType":"禁毒知识","Content":"（）是被滥用最早的毒品，历史悠久，地域广泛，滥用者众多。","Score":5,"Options":[{"Sign":"A","Content":"可卡因"},{"Sign":"B","Content":"阿片类毒品"},{"Sign":"C","Content":"苯丙胺类兴奋剂"},{"Sign":"D","Content":"大麻"}]},{"QuestionID":417,"QuestionType":"禁毒知识","Content":"只要依靠坚强的意志，戒毒就一定能成功。这种说法正确吗？","Score":5,"Options":[{"Sign":"A","Content":"正确"},{"Sign":"B","Content":"错误"}]},{"QuestionID":102,"QuestionType":"禁毒知识","Content":"海洛因的滥用方式有（　） 。","Score":5,"Options":[{"Sign":"A","Content":"口吸"},{"Sign":"B","Content":"鼻吸"},{"Sign":"C","Content":"注射"},{"Sign":"D","Content":"以上均正确"}]},{"QuestionID":47,"QuestionType":"禁毒知识","Content":"登记参加药物维持治疗的戒毒人员的信息应当及时报(  )备案。","Score":5,"Options":[{"Sign":"A","Content":"药品监督管理部门"},{"Sign":"B","Content":"公安机关"},{"Sign":"C","Content":"卫生行政部门"},{"Sign":"D","Content":"检查机关"}]}]}