{"RandomPaperID":166,"Questions":[{"QuestionID":193,"QuestionType":"禁毒知识","Content":"吸食可卡因可能导致心律不齐，血压升高，心肺与肝功能损害，丧失判断能力，产生幻觉出现自杀等。这种说法正确吗？","Score":5,"Options":[{"Sign":"A","Content":"正确"},{"Sign":"B","Content":"错误"}]},{"QuestionID":211,"QuestionType":"禁毒知识","Content":"邮寄毒品进出国（边）境的行为不是走私毒品罪。","Score":5,"Options":[{"Sign":"A","Content":"正确"},{"Sign":"B","Content":"错误"}]},{"QuestionID":86,"QuestionType":"禁毒知识","Content":"公安机关对吸毒成瘾人员决定予以强制隔离戒毒的，应当制作强制隔离戒毒决定书，在执行强制隔离戒毒前送达被决定人，并在送达后（　）以内通知被决定人的家属、所在单位和户籍所在地公安派出所。","Score":5,"Options":[{"Sign":"A","Content":"48小时"},{"Sign":"B","Content":"24小时"},{"Sign":"C","Content":"三天"},{"Sign":"D","Content":"一周"}]},{"QuestionID":39,"QuestionType":"禁毒知识","Content":"从毒品对人的中枢神经的作用看，可分为抑制剂、致幻剂和兴奋剂等，其中属于抑制剂的毒品种类是（  ）。","Score":5,"Options":[{"Sign":"A","Content":"巴比妥类"},{"Sign":"B","Content":"苯丙胺类"},{"Sign":"C","Content":"麦司卡林"},{"Sign":"D","Content":"LSD"}]},{"QuestionID":69,"QuestionType":"禁毒知识","Content":"非法持有海洛因（  ）克以上的，构成非法持有毒品罪。","Score":5,"Options":[{"Sign":"A","Content":"5"},{"Sign":"B","Content":"50"},{"Sign":"C","Content":"10"},{"Sign":"D","Content":"20克"}]},{"QuestionID":78,"QuestionType":"禁毒知识","Content":"根据查缉毒品的需要，（    ）可以在边境地区、交通要道、口岸以及飞机场、火车站、长途汽车站、码头对来往人员、物品、货物以及交通工具进行毒品和易制毒化学品检查。","Score":5,"Options":[{"Sign":"A","Content":"公安机关"},{"Sign":"B","Content":"药品监督管理部门"},{"Sign":"C","Content":"禁毒委员会"},{"Sign":"D","Content":"以上选项都是"}]},{"QuestionID":277,"QuestionType":"禁毒知识","Content":"吸毒会耗费越来越多的家庭财产。","Score":5,"Options":[{"Sign":"A","Content":"正确"},{"Sign":"B","Content":"错误"}]},{"QuestionID":210,"QuestionType":"禁毒知识","Content":"罂粟籽属于一种毒品原料。","Score":5,"Options":[{"Sign":"A","Content":"正确"},{"Sign":"B","Content":"错误"}]},{"QuestionID":64,"QuestionType":"禁毒知识","Content":"对自愿接受戒毒治疗的吸毒人员，公安机关对其原吸毒行为可（　）。","Score":5,"Options":[{"Sign":"A","Content":"减轻处罚"},{"Sign":"B","Content":"不予处罚"},{"Sign":"C","Content":"从重处罚"}]},{"QuestionID":159,"QuestionType":"禁毒知识","Content":"如果有人在我们周围大量生产制造冰毒，很容易产生大量刺鼻的刺激性气味。这种说法正确吗？","Score":5,"Options":[{"Sign":"A","Content":"正确"},{"Sign":"B","Content":"错误"}]},{"QuestionID":11,"QuestionType":"禁毒知识","Content":"强制隔离戒毒场所的设置、管理体制和经费保障，可由各地政府视财政情况自行规定。","Score":5,"Options":[{"Sign":"A","Content":"正确"},{"Sign":"B","Content":"错误"}]},{"QuestionID":427,"QuestionType":"禁毒知识","Content":"众多种类的毒品之中有很多的致幻剂，（　）是已知药力最强的致幻剂之一。","Score":5,"Options":[{"Sign":"A","Content":"K粉"},{"Sign":"B","Content":"三唑伦"},{"Sign":"C","Content":"麦角酰二乙胺"},{"Sign":"D","Content":"可卡因"}]},{"QuestionID":299,"QuestionType":"禁毒知识","Content":"吸食新型合成毒品后，只要自己注意，不可能染上性病或艾滋病。","Score":5,"Options":[{"Sign":"A","Content":"正确"},{"Sign":"B","Content":"错误"}]},{"QuestionID":180,"QuestionType":"禁毒知识","Content":"吸毒成瘾人员自愿接受强制隔离戒毒的，经公安机关同意，可以进入强制隔离戒毒场所戒毒。","Score":5,"Options":[{"Sign":"A","Content":"正确"},{"Sign":"B","Content":"错误"}]},{"QuestionID":192,"QuestionType":"禁毒知识","Content":"吸食过量大麻烟可引起气管炎、咽炎、气喘发作、喉头水肿等疾病。","Score":5,"Options":[{"Sign":"A","Content":"正确"},{"Sign":"B","Content":"错误"}]},{"QuestionID":114,"QuestionType":"禁毒知识","Content":"戒毒是一个长期的过程，包括生理脱毒与医学治疗、（）、善后辅导与回归社会三个阶段。（  ）","Score":5,"Options":[{"Sign":"A","Content":"心理成瘾戒断"},{"Sign":"B","Content":"心理治疗与心理康复"},{"Sign":"C","Content":"毒瘾戒断"},{"Sign":"D","Content":"社区康复"}]},{"QuestionID":173,"QuestionType":"禁毒知识","Content":"我国的吸毒现象已遍及社会各阶层、各年龄段。","Score":5,"Options":[{"Sign":"A","Content":"正确"},{"Sign":"B","Content":"错误"}]},{"QuestionID":341,"QuestionType":"禁毒知识","Content":"鸦片最早是由（　）  传入中国的。（  ）","Score":5,"Options":[{"Sign":"A","Content":"阿拉伯人"},{"Sign":"B","Content":"埃及人"},{"Sign":"C","Content":"印度人"},{"Sign":"D","Content":"契丹人"}]},{"QuestionID":158,"QuestionType":"禁毒知识","Content":"如果外国人在中国违法犯罪，中国根据属地管辖原则，有权对其违法犯罪行为进行处罚；该外国人所属国的法律规定了有属人管辖原则的，我国无法对该外国人在中国的犯罪行为进行处罚。","Score":5,"Options":[{"Sign":"A","Content":"正确"},{"Sign":"B","Content":"错误"}]},{"QuestionID":160,"QuestionType":"禁毒知识","Content":"如果有同学或好朋友吃了一些东西以后，发生昏厥、呕吐或是抽搐等不适症状，我们可以拨打120急救电话。","Score":5,"Options":[{"Sign":"A","Content":"正确"},{"Sign":"B","Content":"错误"}]}]}