{"RandomPaperID":167,"Questions":[{"QuestionID":290,"QuestionType":"禁毒知识","Content":"吸毒者既是违法者又是病人。","Score":5,"Options":[{"Sign":"A","Content":"正确"},{"Sign":"B","Content":"错误"}]},{"QuestionID":394,"QuestionType":"禁毒知识","Content":"在对众多吸毒者进行调查时发现，占据第一位的吸毒原因是（　）  。","Score":5,"Options":[{"Sign":"A","Content":"贪慕虚荣，赶时髦"},{"Sign":"B","Content":"借助吸毒逃离现实，寻求解脱"},{"Sign":"C","Content":"受贩毒者引诱"},{"Sign":"D","Content":"盲目好奇，追求享乐和刺激"}]},{"QuestionID":31,"QuestionType":"禁毒知识","Content":"GHB是一种无色无味的液体，由于它可以轻易的放入饮料之中交给不知情的受害人使用，且受害人经常会不记得遭受过攻击。所以被称为“液体迷魂药”、“迷奸水”。","Score":5,"Options":[{"Sign":"A","Content":"正确"},{"Sign":"B","Content":"错误"}]},{"QuestionID":256,"QuestionType":"禁毒知识","Content":"我国近代史中的第一次“鸦片战争”是哪国发起的？","Score":5,"Options":[{"Sign":"A","Content":"美国"},{"Sign":"B","Content":"德国"},{"Sign":"C","Content":"英国"},{"Sign":"D","Content":"日本"}]},{"QuestionID":107,"QuestionType":"禁毒知识","Content":"合成毒品直接作用于人的（　）  。","Score":5,"Options":[{"Sign":"A","Content":"大脑"},{"Sign":"B","Content":"心脏"},{"Sign":"C","Content":"中枢神经"},{"Sign":"D","Content":"肌肉"}]},{"QuestionID":157,"QuestionType":"禁毒知识","Content":"容留他人吸食、注射毒品或者介绍买卖毒品，构成犯罪的，依法追究刑事责任；尚不构成犯罪的，由公安机关处十日以上十五日以下拘留，可以并处三千元以下罚款；情节较轻的，处五日以下拘留或者五百元以下罚款。以上说法正确吗？（  ）","Score":5,"Options":[{"Sign":"A","Content":"正确"},{"Sign":"B","Content":"不正确"}]},{"QuestionID":426,"QuestionType":"禁毒知识","Content":"中学生应该怎样做才能远离毒品、拒绝毒品？（  ）","Score":5,"Options":[{"Sign":"A","Content":"了解毒品的特征"},{"Sign":"B","Content":"认识到毒品的危害"},{"Sign":"C","Content":"能够辨别毒品"},{"Sign":"D","Content":"以上选项都是"}]},{"QuestionID":93,"QuestionType":"禁毒知识","Content":"国家对麻醉药品药用原植物种植实行管制。禁止非法种植罂粟、古柯植物、大麻植物以及国家规定管制的可以用于提炼加工毒品的其他原植物。","Score":5,"Options":[{"Sign":"A","Content":"正确"},{"Sign":"B","Content":"错误"}]},{"QuestionID":364,"QuestionType":"禁毒知识","Content":"以下属于毒品滥用的高危场所的是（　） 。","Score":5,"Options":[{"Sign":"A","Content":"歌舞厅、夜总会、洗浴中心等公共娱乐场所"},{"Sign":"B","Content":"个人家中"},{"Sign":"C","Content":"学校、医疗机构及药店"},{"Sign":"D","Content":"上班的公司"}]},{"QuestionID":54,"QuestionType":"禁毒知识","Content":"毒品是使用后能够产生（　）的物质。","Score":5,"Options":[{"Sign":"A","Content":"危害性"},{"Sign":"B","Content":"依赖性"},{"Sign":"C","Content":"兴奋性"},{"Sign":"D","Content":"抑制性"}]},{"QuestionID":390,"QuestionType":"禁毒知识","Content":"远离毒品关键在于自己。","Score":5,"Options":[{"Sign":"A","Content":"正确"},{"Sign":"B","Content":"错误"}]},{"QuestionID":202,"QuestionType":"禁毒知识","Content":"要构筑良好的拒毒心理防线只需做到正确把握好奇心，抵制不良诱惑即可。","Score":5,"Options":[{"Sign":"A","Content":"正确"},{"Sign":"B","Content":"错误"}]},{"QuestionID":33,"QuestionType":"禁毒知识","Content":"安纳咖，外观常为针剂，也有本色粉末状，长期使用会产生药物耐受性但不需要不断加大用药剂量。","Score":5,"Options":[{"Sign":"A","Content":"正确"},{"Sign":"B","Content":"错误"}]},{"QuestionID":173,"QuestionType":"禁毒知识","Content":"我国的吸毒现象已遍及社会各阶层、各年龄段。","Score":5,"Options":[{"Sign":"A","Content":"正确"},{"Sign":"B","Content":"错误"}]},{"QuestionID":169,"QuestionType":"禁毒知识","Content":"为了引起人们更广泛的关注，世界卫生组织将每年（ ）定为“世界艾滋病日”。","Score":5,"Options":[{"Sign":"A","Content":"3月14日"},{"Sign":"B","Content":"6月26日"},{"Sign":"C","Content":"9月10日"},{"Sign":"D","Content":"12月1日"}]},{"QuestionID":98,"QuestionType":"禁毒知识","Content":"国家确定的麻醉药品药用原植物种植企业的提取加工场所，以及国家设立的麻醉药品储存仓库，列为（  ）。","Score":5,"Options":[{"Sign":"A","Content":"国家重点工程"},{"Sign":"B","Content":"国家禁区"},{"Sign":"C","Content":"国家重点警戒目标"},{"Sign":"D","Content":"保密单位"}]},{"QuestionID":303,"QuestionType":"禁毒知识","Content":"下列毒品中属于抑制剂类毒品的是（  ）。","Score":5,"Options":[{"Sign":"A","Content":"冰毒"},{"Sign":"B","Content":"摇头丸"},{"Sign":"C","Content":"海洛因"},{"Sign":"D","Content":"麦斯卡林"}]},{"QuestionID":417,"QuestionType":"禁毒知识","Content":"只要依靠坚强的意志，戒毒就一定能成功。这种说法正确吗？","Score":5,"Options":[{"Sign":"A","Content":"正确"},{"Sign":"B","Content":"错误"}]},{"QuestionID":57,"QuestionType":"禁毒知识","Content":"对毒品犯罪的处罚包括生命刑，即死刑。","Score":5,"Options":[{"Sign":"A","Content":"正确"},{"Sign":"B","Content":"错误"}]},{"QuestionID":333,"QuestionType":"禁毒知识","Content":"（）是指对中枢神经有麻醉作用,连续使用后易产生身体依赖性、能形成瘾癖的药品。","Score":5,"Options":[{"Sign":"A","Content":"麻醉药品"},{"Sign":"B","Content":"精神药品"},{"Sign":"C","Content":"新精神活性物质"}]}]}