{"RandomPaperID":17,"Questions":[{"QuestionID":385,"QuestionType":"禁毒知识","Content":"有人说大麻成瘾性小，偶尔吸食一两次没关系；但实际上大麻危害极大，吸食会造成“致畸、致癌、致突变”。","Score":5,"Options":[{"Sign":"A","Content":"正确"},{"Sign":"B","Content":"错误"}]},{"QuestionID":289,"QuestionType":"禁毒知识","Content":"吸毒者会被治安处理，不会对今后的工作、生活造成多大影响。","Score":5,"Options":[{"Sign":"A","Content":"正确"},{"Sign":"B","Content":"错误"}]},{"QuestionID":225,"QuestionType":"禁毒知识","Content":"制定《禁毒法》的目的是（  ）","Score":5,"Options":[{"Sign":"A","Content":"预防和惩治毒品违法犯罪行为"},{"Sign":"B","Content":"保护公民身心健康"},{"Sign":"C","Content":"维护社会秩序"},{"Sign":"D","Content":"A.B和C"}]},{"QuestionID":346,"QuestionType":"禁毒知识","Content":"药物成瘾具有的特征之一：有一种不可抗拒的力量强制性地驱使人们使用该药，并（ ）去获得它。","Score":5,"Options":[{"Sign":"A","Content":"不择手段"},{"Sign":"B","Content":"正常手段"}]},{"QuestionID":219,"QuestionType":"禁毒知识","Content":"在中国，大约一直到20世纪20年代才开始使用“毒品”一词。","Score":5,"Options":[{"Sign":"A","Content":"正确"},{"Sign":"B","Content":"错误"}]},{"QuestionID":375,"QuestionType":"禁毒知识","Content":"1874年英国化学家莱特（R.Wright），在吗啡中加入醋酸酐等物质，首次提炼出镇痛效果更佳的半合成化衍生物，海洛因","Score":5,"Options":[{"Sign":"A","Content":"正确"},{"Sign":"B","Content":"错误"}]},{"QuestionID":156,"QuestionType":"禁毒知识","Content":"任何陌生人委托我们帮他保管任何物品，我们都应该拒绝。（  ）","Score":5,"Options":[{"Sign":"A","Content":"正确"},{"Sign":"B","Content":"错误"}]},{"QuestionID":417,"QuestionType":"禁毒知识","Content":"只要依靠坚强的意志，戒毒就一定能成功。这种说法正确吗？","Score":5,"Options":[{"Sign":"A","Content":"正确"},{"Sign":"B","Content":"错误"}]},{"QuestionID":251,"QuestionType":"禁毒知识","Content":"《中华人民共和国禁毒法》（　）规定了毒品的定义？（  ）","Score":5,"Options":[{"Sign":"A","Content":"第1条"},{"Sign":"B","Content":"第2条"},{"Sign":"C","Content":"第3条"}]},{"QuestionID":365,"QuestionType":"禁毒知识","Content":"以下属于古柯类毒品的是（　）。","Score":5,"Options":[{"Sign":"A","Content":"吗啡"},{"Sign":"B","Content":"快克"},{"Sign":"C","Content":"安眠酮"},{"Sign":"D","Content":"咖啡因"}]},{"QuestionID":73,"QuestionType":"禁毒知识","Content":"氟硝安定属于抑制剂类药物，是一种镇静催眠药，与酒精或其他镇静催眠药合用后可导致中毒死亡。","Score":5,"Options":[{"Sign":"A","Content":"正确"},{"Sign":"B","Content":"错误"}]},{"QuestionID":23,"QuestionType":"禁毒知识","Content":"《禁毒法》规定，强制隔离戒毒场所应当根据戒毒人员（　）   等，对戒毒人员进行有针对性的生理、心理治疗和身体康复训练。","Score":5,"Options":[{"Sign":"A","Content":"吸食、注射毒品的方法"},{"Sign":"B","Content":"吸食、注射毒品的频次"},{"Sign":"C","Content":"吸食、注射毒品的种类和成瘾程度"},{"Sign":"D","Content":"吸食、注射毒品的时间"}]},{"QuestionID":152,"QuestionType":"禁毒知识","Content":"青少年吸毒的原因是什么？（  ）","Score":5,"Options":[{"Sign":"A","Content":"好奇与虚荣"},{"Sign":"B","Content":"追求刺激"},{"Sign":"C","Content":"朋友的怂恿和心理障碍"},{"Sign":"D","Content":"以上选项都是"}]},{"QuestionID":90,"QuestionType":"禁毒知识","Content":"广大青少年在日常生活中防毒要做到四点：一是不要听人蛊惑，受 人引诱; 二是不要与吸毒者、贩毒者为伍;三是不要接受有吸 毒劣迹的人送的香烟; 四是（  ） 。","Score":5,"Options":[{"Sign":"A","Content":"只看不吸"},{"Sign":"B","Content":"远离毒品，不沾毒"},{"Sign":"C","Content":"不参与家人吸毒"},{"Sign":"D","Content":"不去歌厅等娱乐场所"}]},{"QuestionID":303,"QuestionType":"禁毒知识","Content":"下列毒品中属于抑制剂类毒品的是（  ）。","Score":5,"Options":[{"Sign":"A","Content":"冰毒"},{"Sign":"B","Content":"摇头丸"},{"Sign":"C","Content":"海洛因"},{"Sign":"D","Content":"麦斯卡林"}]},{"QuestionID":334,"QuestionType":"禁毒知识","Content":"学生也有一份禁毒的责任。","Score":5,"Options":[{"Sign":"A","Content":"正确"},{"Sign":"B","Content":"错误"}]},{"QuestionID":69,"QuestionType":"禁毒知识","Content":"非法持有海洛因（  ）克以上的，构成非法持有毒品罪。","Score":5,"Options":[{"Sign":"A","Content":"5"},{"Sign":"B","Content":"50"},{"Sign":"C","Content":"10"},{"Sign":"D","Content":"20克"}]},{"QuestionID":393,"QuestionType":"禁毒知识","Content":"依据毒品对于大脑中枢神经的作用，杜冷丁属于（  ）。","Score":5,"Options":[{"Sign":"A","Content":"兴奋类"},{"Sign":"B","Content":"抑制剂"},{"Sign":"C","Content":"致幻剂"}]},{"QuestionID":353,"QuestionType":"禁毒知识","Content":"要养成良好的生活习惯、行为习惯，不吸烟，不饮酒，不涉足青少年不宜进入的场所，包括歌舞厅、游戏厅、酒吧等地方，以（  ）。","Score":5,"Options":[{"Sign":"A","Content":"远离毒品"},{"Sign":"B","Content":"亲近毒品"}]},{"QuestionID":427,"QuestionType":"禁毒知识","Content":"众多种类的毒品之中有很多的致幻剂，（　）是已知药力最强的致幻剂之一。","Score":5,"Options":[{"Sign":"A","Content":"K粉"},{"Sign":"B","Content":"三唑伦"},{"Sign":"C","Content":"麦角酰二乙胺"},{"Sign":"D","Content":"可卡因"}]}]}