{"RandomPaperID":182,"Questions":[{"QuestionID":315,"QuestionType":"禁毒知识","Content":"下列选项中属于禁毒志愿者义务的是。（  ）","Score":5,"Options":[{"Sign":"A","Content":"履行禁毒志愿者服务承诺"},{"Sign":"B","Content":"自身远离毒品"},{"Sign":"C","Content":"每年参加不少于48小时禁毒志愿服务活动"},{"Sign":"D","Content":"以上选项都是"}]},{"QuestionID":164,"QuestionType":"禁毒知识","Content":"申请成为禁毒志愿者的年龄要求是（  ）。","Score":5,"Options":[{"Sign":"A","Content":"没要求"},{"Sign":"B","Content":"14周岁以上"},{"Sign":"C","Content":"16周岁以上"},{"Sign":"D","Content":"18周岁以上"}]},{"QuestionID":318,"QuestionType":"禁毒知识","Content":"吸毒的方式有（　）。","Score":5,"Options":[{"Sign":"A","Content":"通过呼吸道"},{"Sign":"B","Content":"通过消化道"},{"Sign":"C","Content":"静脉注射"},{"Sign":"D","Content":"以上选项都是"}]},{"QuestionID":3,"QuestionType":"禁毒知识","Content":"“国际禁毒日”是每年的（  ）。","Score":5,"Options":[{"Sign":"A","Content":"7月9日"},{"Sign":"B","Content":"6月26日"},{"Sign":"C","Content":"12月1日"},{"Sign":"D","Content":"5月17日"}]},{"QuestionID":81,"QuestionType":"禁毒知识","Content":"根据市场需求与大众要求，依法可以生产、经营、使用、储存、运输麻醉药品和精神药品。","Score":5,"Options":[{"Sign":"A","Content":"正确"},{"Sign":"B","Content":"错误"}]},{"QuestionID":124,"QuestionType":"禁毒知识","Content":"咖啡因是由化学合成或从茶叶、咖啡果中提炼出来的一种生物碱，是毒品；头疼粉中含有定量的咖啡因，所以人们服用服食头疼粉的行为是吸毒。","Score":5,"Options":[{"Sign":"A","Content":"正确"},{"Sign":"B","Content":"错误"}]},{"QuestionID":292,"QuestionType":"禁毒知识","Content":"吸食、注射毒品严重破坏人体的生理机能和免疫机能，引起各种并发症，最终导致（ ）。","Score":5,"Options":[{"Sign":"A","Content":"昏睡"},{"Sign":"B","Content":"毒瘾发作"},{"Sign":"C","Content":"吸毒死亡"}]},{"QuestionID":206,"QuestionType":"禁毒知识","Content":"以下哪种行为不予处罚。（  ）","Score":5,"Options":[{"Sign":"A","Content":"有人在自己经营的娱乐场所内吸毒，不制止、不报告"},{"Sign":"B","Content":"携带毒品原植物种子"},{"Sign":"C","Content":"非法种植毒品原植物，在收获前自动铲除"},{"Sign":"D","Content":"为走私、贩卖、运输、制造鸦片的犯罪分子提供财物"}]},{"QuestionID":196,"QuestionType":"禁毒知识","Content":"下列那种表述符合毒品可卡因的危害？（  ）","Score":5,"Options":[{"Sign":"A","Content":"皮下虫行蚁走感，奇痒难忍,造成严重抓伤甚至断肢自残,情绪不稳定,容易引发暴力或攻击行为"},{"Sign":"B","Content":"情感冲动、性欲亢进、嗜舞"},{"Sign":"C","Content":"偏执、妄想、自我约束力下降"},{"Sign":"D","Content":"嗜睡，精神萎靡"}]},{"QuestionID":40,"QuestionType":"禁毒知识","Content":"从医学角度看，吸毒成瘾作为一种疾病。以下哪个表述是正确的（  ）。","Score":5,"Options":[{"Sign":"A","Content":"心理障碍"},{"Sign":"B","Content":"精神疾病"},{"Sign":"C","Content":"躯体疾病"},{"Sign":"D","Content":"慢性的复发性的脑疾病"}]},{"QuestionID":131,"QuestionType":"禁毒知识","Content":"麻古具有强烈的兴奋和致幻功能，吸食后容易造成人体中枢神经（　）的损伤。","Score":5,"Options":[{"Sign":"A","Content":"不可逆性"},{"Sign":"B","Content":"可逆性"},{"Sign":"C","Content":"一过性"},{"Sign":"D","Content":"临时性"}]},{"QuestionID":16,"QuestionType":"禁毒知识","Content":"（ ）俗名“可可精”，是从古柯叶中分离出来的一种最主要的生物碱，属中枢神经兴奋剂，呈白色晶体状，无气味，味略苦而麻，兴奋作用强。","Score":5,"Options":[{"Sign":"A","Content":"海洛因"},{"Sign":"B","Content":"可卡因"},{"Sign":"C","Content":"大麻"},{"Sign":"D","Content":"鸦片"}]},{"QuestionID":32,"QuestionType":"禁毒知识","Content":"K粉呈白色结晶粉末状，易溶于水，可随意勾兑进饮料。","Score":5,"Options":[{"Sign":"A","Content":"正确"},{"Sign":"B","Content":"错误"}]},{"QuestionID":411,"QuestionType":"禁毒知识","Content":"长期吸食鸦片的会导致什么样的危害？（  ）","Score":5,"Options":[{"Sign":"A","Content":"会使人的先天免疫力丧失"},{"Sign":"B","Content":"容易感染各种疾病"},{"Sign":"C","Content":"A和B都是"}]},{"QuestionID":165,"QuestionType":"禁毒知识","Content":"生理戒断是指尿检呈阴性，戒断症状消失。","Score":5,"Options":[{"Sign":"A","Content":"正确"},{"Sign":"B","Content":"错误"}]},{"QuestionID":6,"QuestionType":"禁毒知识","Content":"按药物对人体大脑中枢神经所产生的作用，可将毒品分为麻醉药品和精神药品。","Score":5,"Options":[{"Sign":"A","Content":"正确"},{"Sign":"B","Content":"错误"}]},{"QuestionID":70,"QuestionType":"禁毒知识","Content":"非法持有甲基苯丙胺（即冰毒）（　）以上的，构成非法持有毒品罪。","Score":5,"Options":[{"Sign":"A","Content":"5克"},{"Sign":"B","Content":"10克"},{"Sign":"C","Content":"15克"},{"Sign":"D","Content":"20克"}]},{"QuestionID":133,"QuestionType":"禁毒知识","Content":"吗啡、海洛因，如采取静脉注射的方式，1至2次即可成瘾。","Score":5,"Options":[{"Sign":"A","Content":"正确"},{"Sign":"B","Content":"错误"}]},{"QuestionID":75,"QuestionType":"禁毒知识","Content":"复吸的一律强制隔离戒毒。","Score":5,"Options":[{"Sign":"A","Content":"正确"},{"Sign":"B","Content":"错误"}]},{"QuestionID":418,"QuestionType":"禁毒知识","Content":"只要自己的吸毒行为没有危害到社会、家庭和他人的生活，就是合法的。以上说法正确吗？","Score":5,"Options":[{"Sign":"A","Content":"正确"},{"Sign":"B","Content":"错误"}]}]}