{"RandomPaperID":187,"Questions":[{"QuestionID":375,"QuestionType":"禁毒知识","Content":"1874年英国化学家莱特（R.Wright），在吗啡中加入醋酸酐等物质，首次提炼出镇痛效果更佳的半合成化衍生物，海洛因","Score":5,"Options":[{"Sign":"A","Content":"正确"},{"Sign":"B","Content":"错误"}]},{"QuestionID":6,"QuestionType":"禁毒知识","Content":"按药物对人体大脑中枢神经所产生的作用，可将毒品分为麻醉药品和精神药品。","Score":5,"Options":[{"Sign":"A","Content":"正确"},{"Sign":"B","Content":"错误"}]},{"QuestionID":138,"QuestionType":"禁毒知识","Content":"蘑菇是一种蔬菜。郊外雨后的草地上长出了漂亮的新鲜蘑菇，所以我们可以把这些漂亮的野蘑菇随便采回家里做菜吃。（  ）","Score":5,"Options":[{"Sign":"A","Content":"正确"},{"Sign":"B","Content":"错误"}]},{"QuestionID":20,"QuestionType":"禁毒知识","Content":"《禁毒法》规定，国家鼓励对禁毒工作的社会捐赠，并依法给予（  ）。","Score":5,"Options":[{"Sign":"A","Content":"税收减免"},{"Sign":"B","Content":"税收优惠"},{"Sign":"C","Content":"表彰奖励"},{"Sign":"D","Content":"税收减免和优惠"}]},{"QuestionID":321,"QuestionType":"禁毒知识","Content":"下面关于大麻的说法哪个不对？（  ）","Score":5,"Options":[{"Sign":"A","Content":"大麻在许多国家都不算毒品，不会成瘾，对人体没有什么危害，偶尔尝一下没关系。"},{"Sign":"B","Content":"大麻是世界范围内滥用最严重的毒品之一。"},{"Sign":"C","Content":"长期使用大麻容易成瘾并引发痴呆。"}]},{"QuestionID":139,"QuestionType":"禁毒知识","Content":"奶油气弹实际上就是氧化亚氮即笑气。","Score":5,"Options":[{"Sign":"A","Content":"正确"},{"Sign":"B","Content":"错误"}]},{"QuestionID":339,"QuestionType":"禁毒知识","Content":"鸦片是罂粟植物的（　） 。","Score":5,"Options":[{"Sign":"A","Content":"种子碾碎后或花粉的提取物"},{"Sign":"B","Content":"果实未成熟时，割浆后的提取物"},{"Sign":"C","Content":"种子碾碎后的提取物"},{"Sign":"D","Content":"花粉的提取物"}]},{"QuestionID":111,"QuestionType":"禁毒知识","Content":"戒毒人员可以自愿在戒毒康复场所生活、劳动。戒毒康复场所组织戒毒人员参加生产劳动的，应当参照国家劳动用工制度的规定支付劳动报酬。以上说法正确吗？（  ）","Score":5,"Options":[{"Sign":"A","Content":"正确"},{"Sign":"B","Content":"错误"}]},{"QuestionID":422,"QuestionType":"禁毒知识","Content":"制定《禁毒法》的目的是：预防和惩治毒品违法犯罪行为，保护公民身心健康，维护社会秩序。","Score":5,"Options":[{"Sign":"A","Content":"正确"},{"Sign":"B","Content":"错误"}]},{"QuestionID":242,"QuestionType":"禁毒知识","Content":"王某在多次贩毒后，因畏惧法律的严惩，主动前往公安机关投案并如实供述了自己的犯罪事实，对他可以（  ）。","Score":5,"Options":[{"Sign":"A","Content":"从轻或减轻处罚"},{"Sign":"B","Content":"从重处罚"}]},{"QuestionID":319,"QuestionType":"禁毒知识","Content":"下列有关世界三大毒源地叙述正确的是（　）。","Score":5,"Options":[{"Sign":"A","Content":"“金三角”位于老挝、越南、缅甸三国的接壤地区"},{"Sign":"B","Content":"“金新月”位于阿富汗、巴基斯坦、伊朗三国的接壤地区"},{"Sign":"C","Content":"“银三角”位于南美洲的哥伦比亚境内"}]},{"QuestionID":217,"QuestionType":"禁毒知识","Content":"在吸毒者中，由于无知、好奇，被他人引诱而吸毒的青少年的比例最高。","Score":5,"Options":[{"Sign":"A","Content":"正确"},{"Sign":"B","Content":"错误"}]},{"QuestionID":379,"QuestionType":"禁毒知识","Content":"有的吸毒者为了获取毒品和毒资，丧失人格，违反道德和法律，实施盗窃、抢劫和抢夺等破坏社会秩序的行为。","Score":5,"Options":[{"Sign":"A","Content":"正确"},{"Sign":"B","Content":"错误"}]},{"QuestionID":406,"QuestionType":"禁毒知识","Content":"张某在甲市吸毒，被当地公安机关依法处理。到乙市后，当地公安机关发现其曾在甲市吸毒，乙市公安机关( )对同一行为作出处理决定。","Score":5,"Options":[{"Sign":"A","Content":"可以"},{"Sign":"B","Content":"应当"},{"Sign":"C","Content":"不得"}]},{"QuestionID":120,"QuestionType":"禁毒知识","Content":"经有关部门批准，个人可以开办戒毒脱瘾治疗业务。","Score":5,"Options":[{"Sign":"A","Content":"正确"},{"Sign":"B","Content":"错误"}]},{"QuestionID":405,"QuestionType":"禁毒知识","Content":"张某吸毒，有时让王某为其购买毒品，王某借机从中牟利，对王某的行为是否应追究刑事责任？（  ）","Score":5,"Options":[{"Sign":"A","Content":"应该"},{"Sign":"B","Content":"不应该"},{"Sign":"C","Content":"由所涉毒品数量决定"}]},{"QuestionID":408,"QuestionType":"禁毒知识","Content":"长期滥用冰毒等苯丙胺类兴奋剂可导致慢性精神障碍，又称苯丙胺性精神病。这种说法对不对？","Score":5,"Options":[{"Sign":"A","Content":"正确"},{"Sign":"B","Content":"错误"}]},{"QuestionID":74,"QuestionType":"禁毒知识","Content":"负责社区戒毒工作的是（  ）。","Score":5,"Options":[{"Sign":"A","Content":"公安机关"},{"Sign":"B","Content":"卫生行政部门"},{"Sign":"C","Content":"城市街道办事处、乡镇人民政府"},{"Sign":"D","Content":"司法机关"}]},{"QuestionID":332,"QuestionType":"禁毒知识","Content":"（）是指直接作用于中枢神经系统，使之兴奋或抑制，连续使用能产生依赖性的药品。","Score":5,"Options":[{"Sign":"A","Content":"麻醉药品"},{"Sign":"B","Content":"精神药品"},{"Sign":"C","Content":"新精神活性物质"}]},{"QuestionID":100,"QuestionType":"禁毒知识","Content":"海洛因对中枢神经系统主要起（  ） 。","Score":5,"Options":[{"Sign":"A","Content":"兴奋作用"},{"Sign":"B","Content":"抑制作用"},{"Sign":"C","Content":"致幻作用"},{"Sign":"D","Content":"安眠作用"}]}]}