{"RandomPaperID":19,"Questions":[{"QuestionID":118,"QuestionType":"禁毒知识","Content":"金新月国际毒源地是指以下哪几个国家的交界地带？","Score":5,"Options":[{"Sign":"A","Content":"老挝、缅甸、泰国"},{"Sign":"B","Content":"伊朗、阿富汗、巴基斯坦"},{"Sign":"C","Content":"印度、斯里兰卡、阿联酋"},{"Sign":"D","Content":"新加坡、伊朗、菲律宾"}]},{"QuestionID":359,"QuestionType":"禁毒知识","Content":"以下几种毒品，成瘾性和毒副作用最强的是（　）。","Score":5,"Options":[{"Sign":"A","Content":"古柯叶"},{"Sign":"B","Content":"海洛因"},{"Sign":"C","Content":"鸦片"},{"Sign":"D","Content":"大麻"}]},{"QuestionID":252,"QuestionType":"禁毒知识","Content":"我国《刑法》对毒品犯罪的刑事责任年龄的规定，对已满14周岁不满16周岁的人，犯贩卖毒品罪的，应当     。（  ）","Score":5,"Options":[{"Sign":"A","Content":"负刑事责任"},{"Sign":"B","Content":"不负刑事责任"}]},{"QuestionID":173,"QuestionType":"禁毒知识","Content":"我国的吸毒现象已遍及社会各阶层、各年龄段。","Score":5,"Options":[{"Sign":"A","Content":"正确"},{"Sign":"B","Content":"错误"}]},{"QuestionID":408,"QuestionType":"禁毒知识","Content":"长期滥用冰毒等苯丙胺类兴奋剂可导致慢性精神障碍，又称苯丙胺性精神病。这种说法对不对？","Score":5,"Options":[{"Sign":"A","Content":"正确"},{"Sign":"B","Content":"错误"}]},{"QuestionID":148,"QuestionType":"禁毒知识","Content":"强制隔离戒毒人员的戒毒相关费用由其本人承担。","Score":5,"Options":[{"Sign":"A","Content":"正确"},{"Sign":"B","Content":"错误"}]},{"QuestionID":86,"QuestionType":"禁毒知识","Content":"公安机关对吸毒成瘾人员决定予以强制隔离戒毒的，应当制作强制隔离戒毒决定书，在执行强制隔离戒毒前送达被决定人，并在送达后（　）以内通知被决定人的家属、所在单位和户籍所在地公安派出所。","Score":5,"Options":[{"Sign":"A","Content":"48小时"},{"Sign":"B","Content":"24小时"},{"Sign":"C","Content":"三天"},{"Sign":"D","Content":"一周"}]},{"QuestionID":186,"QuestionType":"禁毒知识","Content":"吸毒人员既是病人又是(　　)。","Score":5,"Options":[{"Sign":"A","Content":"正常人"},{"Sign":"B","Content":"受害者、违法者"},{"Sign":"C","Content":"罪犯"},{"Sign":"D","Content":"违法者"}]},{"QuestionID":141,"QuestionType":"禁毒知识","Content":"你的好朋友给你一种样子像糖果的东西，说特别好玩，让你尝尝。你的选择应该是：（ ）","Score":5,"Options":[{"Sign":"A","Content":"相信朋友不会害你，直接吞下"},{"Sign":"B","Content":"不想吃，但是碍于朋友之间的面子，勉强吃了。"},{"Sign":"C","Content":"拒绝或者收下但是不会吃。因为对于任何要摄入体内的东西在没有确定是否安全的情况下绝不能服用。即使是朋友可能也不知道或者没有意识到他给你的东西是有害的。"}]},{"QuestionID":134,"QuestionType":"禁毒知识","Content":"吗啡一般是从（   ）中提炼出来的？","Score":5,"Options":[{"Sign":"A","Content":"海洛因"},{"Sign":"B","Content":"鸦片"},{"Sign":"C","Content":"古柯叶"},{"Sign":"D","Content":"大麻"}]},{"QuestionID":25,"QuestionType":"禁毒知识","Content":"《禁毒法》规定的禁毒工作机制是（　）。","Score":5,"Options":[{"Sign":"A","Content":"党委统一领导，政府各部门各司其责，全社会广泛参与"},{"Sign":"B","Content":"政府统一领导，有关部门各负其责，社会广泛参与"},{"Sign":"C","Content":"党委政府统一领导，各有关部门各司其责，社会广泛参与"},{"Sign":"D","Content":"党委政府领导，各有关部门各负其责，全社会广泛参与"}]},{"QuestionID":204,"QuestionType":"禁毒知识","Content":"一位“朋友”以“参加朋友聚会”为由将你带至他的家中，然后提出玩点“小刺激”，引诱你使用某种物品，你应该选择的最佳拒绝方式是（  ）","Score":5,"Options":[{"Sign":"A","Content":"直接说不"},{"Sign":"B","Content":"寻找借口离开"},{"Sign":"C","Content":"提出新建议"},{"Sign":"D","Content":"ABC都是"}]},{"QuestionID":341,"QuestionType":"禁毒知识","Content":"鸦片最早是由（　）  传入中国的。（  ）","Score":5,"Options":[{"Sign":"A","Content":"阿拉伯人"},{"Sign":"B","Content":"埃及人"},{"Sign":"C","Content":"印度人"},{"Sign":"D","Content":"契丹人"}]},{"QuestionID":65,"QuestionType":"禁毒知识","Content":"二十世纪（　） ，中国获得近三十年“无毒国”美誉。（  ）","Score":5,"Options":[{"Sign":"A","Content":"40年代末到80年代初"},{"Sign":"B","Content":"50年代初到70年代末"},{"Sign":"C","Content":"50年代末到80年代初"},{"Sign":"D","Content":"40年代末到90年代初"}]},{"QuestionID":92,"QuestionType":"禁毒知识","Content":"国家对麻醉药品、精神药品和易制毒化学品的进口、出口实行许可制度。国务院有关部门应当按照规定的职责，对进口、出口麻醉药品、精神药品和易制毒化学品依法进行管理。禁止走私麻醉药品、精神药品和易制毒化学品。以上说法正确吗？（  ）","Score":5,"Options":[{"Sign":"A","Content":"正确"},{"Sign":"B","Content":"错误"}]},{"QuestionID":187,"QuestionType":"禁毒知识","Content":"吸毒人员主动到公安机关登记或者到有资质的医疗机构接受戒毒治疗的（ ）。","Score":5,"Options":[{"Sign":"A","Content":"应当处罚"},{"Sign":"B","Content":"可以处罚"},{"Sign":"C","Content":"不予处罚"}]},{"QuestionID":211,"QuestionType":"禁毒知识","Content":"邮寄毒品进出国（边）境的行为不是走私毒品罪。","Score":5,"Options":[{"Sign":"A","Content":"正确"},{"Sign":"B","Content":"错误"}]},{"QuestionID":47,"QuestionType":"禁毒知识","Content":"登记参加药物维持治疗的戒毒人员的信息应当及时报(  )备案。","Score":5,"Options":[{"Sign":"A","Content":"药品监督管理部门"},{"Sign":"B","Content":"公安机关"},{"Sign":"C","Content":"卫生行政部门"},{"Sign":"D","Content":"检查机关"}]},{"QuestionID":276,"QuestionType":"禁毒知识","Content":"吸毒会败坏社会风气，腐蚀人的灵魂，摧毁民族精神。","Score":5,"Options":[{"Sign":"A","Content":"正确"},{"Sign":"B","Content":"错误"}]},{"QuestionID":206,"QuestionType":"禁毒知识","Content":"以下哪种行为不予处罚。（  ）","Score":5,"Options":[{"Sign":"A","Content":"有人在自己经营的娱乐场所内吸毒，不制止、不报告"},{"Sign":"B","Content":"携带毒品原植物种子"},{"Sign":"C","Content":"非法种植毒品原植物，在收获前自动铲除"},{"Sign":"D","Content":"为走私、贩卖、运输、制造鸦片的犯罪分子提供财物"}]}]}