{"RandomPaperID":200,"Questions":[{"QuestionID":196,"QuestionType":"禁毒知识","Content":"下列那种表述符合毒品可卡因的危害？（  ）","Score":5,"Options":[{"Sign":"A","Content":"皮下虫行蚁走感，奇痒难忍,造成严重抓伤甚至断肢自残,情绪不稳定,容易引发暴力或攻击行为"},{"Sign":"B","Content":"情感冲动、性欲亢进、嗜舞"},{"Sign":"C","Content":"偏执、妄想、自我约束力下降"},{"Sign":"D","Content":"嗜睡，精神萎靡"}]},{"QuestionID":128,"QuestionType":"禁毒知识","Content":"李某为炫耀，将50克冰毒放在身上，后被民警抓获，李某构成（　）。","Score":5,"Options":[{"Sign":"A","Content":"吸毒"},{"Sign":"B","Content":"非法持有毒品罪"},{"Sign":"C","Content":"贩卖毒品罪"},{"Sign":"D","Content":"窝藏毒品罪"}]},{"QuestionID":432,"QuestionType":"禁毒知识","Content":"学校是毒品预防教育的主阵地，课堂是主渠道","Score":5,"Options":[{"Sign":"A","Content":"正确"},{"Sign":"B","Content":"错误"}]},{"QuestionID":400,"QuestionType":"禁毒知识","Content":"在我们日常生活里可能遇到的毒品中，根据其来源可将其分为传统毒品与新型毒品。","Score":5,"Options":[{"Sign":"A","Content":"正确"},{"Sign":"B","Content":"错误"}]},{"QuestionID":221,"QuestionType":"禁毒知识","Content":"长期服用安眠药不会使人成瘾。","Score":5,"Options":[{"Sign":"A","Content":"正确"},{"Sign":"B","Content":"错误"}]},{"QuestionID":240,"QuestionType":"禁毒知识","Content":"随着社会的发展，大麻已经不是世界上滥用人数最多的毒品。","Score":5,"Options":[{"Sign":"A","Content":"正确"},{"Sign":"B","Content":"错误"}]},{"QuestionID":390,"QuestionType":"禁毒知识","Content":"远离毒品关键在于自己。","Score":5,"Options":[{"Sign":"A","Content":"正确"},{"Sign":"B","Content":"错误"}]},{"QuestionID":40,"QuestionType":"禁毒知识","Content":"从医学角度看，吸毒成瘾作为一种疾病。以下哪个表述是正确的（  ）。","Score":5,"Options":[{"Sign":"A","Content":"心理障碍"},{"Sign":"B","Content":"精神疾病"},{"Sign":"C","Content":"躯体疾病"},{"Sign":"D","Content":"慢性的复发性的脑疾病"}]},{"QuestionID":207,"QuestionType":"禁毒知识","Content":"因吸毒被查获的人员应当接受 （  ）。","Score":5,"Options":[{"Sign":"A","Content":"治安处罚"},{"Sign":"B","Content":"刑事处罚"},{"Sign":"C","Content":"不处罚"},{"Sign":"D","Content":"批评教育"}]},{"QuestionID":306,"QuestionType":"禁毒知识","Content":"下列哪项措施不是社区戒毒工作小组对社区戒毒人员实施的管理、帮助措施？（  ）","Score":5,"Options":[{"Sign":"A","Content":"戒毒知识辅导"},{"Sign":"B","Content":"限制人身自由"},{"Sign":"C","Content":"教育、劝诫"}]},{"QuestionID":431,"QuestionType":"禁毒知识","Content":"《全国青少年毒品预防教育规划（2016—2018）》要求，2017年年底前，全国300万人口以上大城市各建(  )所禁毒教育基地","Score":5,"Options":[{"Sign":"A","Content":"1"},{"Sign":"B","Content":"2"},{"Sign":"C","Content":"3"}]},{"QuestionID":92,"QuestionType":"禁毒知识","Content":"国家对麻醉药品、精神药品和易制毒化学品的进口、出口实行许可制度。国务院有关部门应当按照规定的职责，对进口、出口麻醉药品、精神药品和易制毒化学品依法进行管理。禁止走私麻醉药品、精神药品和易制毒化学品。以上说法正确吗？（  ）","Score":5,"Options":[{"Sign":"A","Content":"正确"},{"Sign":"B","Content":"错误"}]},{"QuestionID":184,"QuestionType":"禁毒知识","Content":"吸毒对人的身心危害有：吸毒对身体的毒性作用、戒断反应、精神障碍与变态、感染各种疾病。","Score":5,"Options":[{"Sign":"A","Content":"正确"},{"Sign":"B","Content":"错误"}]},{"QuestionID":59,"QuestionType":"禁毒知识","Content":"对吸毒成瘾人员，公安机关可以责令其接受（  ），期限为三年，同时通知吸毒人员户籍所在地或者现居住地的城市街道办事处、乡镇人民政府。","Score":5,"Options":[{"Sign":"A","Content":"社区戒毒"},{"Sign":"B","Content":"强制隔离戒毒"},{"Sign":"C","Content":"限期戒毒"},{"Sign":"D","Content":"社区康复"}]},{"QuestionID":415,"QuestionType":"禁毒知识","Content":"只要处于观赏的目的，种植大麻、古柯或罂粟就是合法的。以上说法正确吗?","Score":5,"Options":[{"Sign":"A","Content":"正确"},{"Sign":"B","Content":"错误"}]},{"QuestionID":423,"QuestionType":"禁毒知识","Content":"治疗咳嗽的止咳水，因为只是一种治咳嗽的中药，所以多喝一些不会上瘾","Score":5,"Options":[{"Sign":"A","Content":"正确"},{"Sign":"B","Content":"错误"}]},{"QuestionID":258,"QuestionType":"禁毒知识","Content":"我国列管的麻醉药品一共有多少种？（  ）","Score":5,"Options":[{"Sign":"A","Content":"53种"},{"Sign":"B","Content":"79种"},{"Sign":"C","Content":"132种"},{"Sign":"D","Content":"121种"}]},{"QuestionID":386,"QuestionType":"禁毒知识","Content":"有效的戒毒方法包括药物治疗、物理治疗和心理社会治疗、行为矫治等。","Score":5,"Options":[{"Sign":"A","Content":"正确"},{"Sign":"B","Content":"错误"}]},{"QuestionID":389,"QuestionType":"禁毒知识","Content":"远离毒品的最好方式就是：尽量远离毒品可能出现的迪厅、酒吧等娱乐场所，远离吸毒的朋友，多多了解毒品知识，对一些成瘾性药品要在医生指导下使用。","Score":5,"Options":[{"Sign":"A","Content":"对"},{"Sign":"B","Content":"错"}]},{"QuestionID":2,"QuestionType":"禁毒知识","Content":"鸦片是一种无色、无味的物质。","Score":5,"Options":[{"Sign":"A","Content":"正确"},{"Sign":"B","Content":"错误"}]}]}