{"RandomPaperID":201,"Questions":[{"QuestionID":148,"QuestionType":"禁毒知识","Content":"强制隔离戒毒人员的戒毒相关费用由其本人承担。","Score":5,"Options":[{"Sign":"A","Content":"正确"},{"Sign":"B","Content":"错误"}]},{"QuestionID":310,"QuestionType":"禁毒知识","Content":"下列属于合成毒品的是（ ）","Score":5,"Options":[{"Sign":"A","Content":"大麻"},{"Sign":"B","Content":"海洛因"},{"Sign":"C","Content":"K粉"},{"Sign":"D","Content":"北美仙人球"}]},{"QuestionID":404,"QuestionType":"禁毒知识","Content":"造成情绪暴躁而引发针对他人的肢体暴力（例如啃脸、咬耳）行为的“僵尸浴盐”，其主要的化学成分是卡西酮类物质。是一种新型的（  ）","Score":5,"Options":[{"Sign":"A","Content":"传统毒品"},{"Sign":"B","Content":"合成毒品"}]},{"QuestionID":305,"QuestionType":"禁毒知识","Content":"下列哪条不是吸毒成瘾严重的认定标准：","Score":5,"Options":[{"Sign":"A","Content":"有戒断症状或者有证据证明吸毒史，包括曾经因使用毒品被公安机关查处、曾经进行自愿戒毒、人体毛发样品检测出毒品成分等情形"},{"Sign":"B","Content":"经被责令社区戒毒、强制隔离戒毒（含《禁毒法》实施以前被强制戒毒或者劳教戒毒）、社区康复或者参加过戒毒药物维持治疗，再次吸食、注射毒品的"},{"Sign":"C","Content":"有证据证明其采取注射方式使用毒品或者多次使用两类以上毒品的"},{"Sign":"D","Content":"有证据证明其使用毒品后伴有聚众淫乱、自伤自残或者暴力侵犯他人人身、财产安全或者妨害公共安全等行为的"}]},{"QuestionID":164,"QuestionType":"禁毒知识","Content":"申请成为禁毒志愿者的年龄要求是（  ）。","Score":5,"Options":[{"Sign":"A","Content":"没要求"},{"Sign":"B","Content":"14周岁以上"},{"Sign":"C","Content":"16周岁以上"},{"Sign":"D","Content":"18周岁以上"}]},{"QuestionID":161,"QuestionType":"禁毒知识","Content":"如果自己一个人在家，遇到有不明的快递物品送到家里，我们应该先电话向父母问核实情况，才能开门接受快递员送的东西。这种说法正确吗？","Score":5,"Options":[{"Sign":"A","Content":"正确"},{"Sign":"B","Content":"错误"}]},{"QuestionID":181,"QuestionType":"禁毒知识","Content":"吸毒成瘾一般具有哪些特征？","Score":5,"Options":[{"Sign":"A","Content":"药物耐受性"},{"Sign":"B","Content":"生理依赖性"},{"Sign":"C","Content":"心理依赖性"},{"Sign":"D","Content":"以上三项均正确"}]},{"QuestionID":111,"QuestionType":"禁毒知识","Content":"戒毒人员可以自愿在戒毒康复场所生活、劳动。戒毒康复场所组织戒毒人员参加生产劳动的，应当参照国家劳动用工制度的规定支付劳动报酬。以上说法正确吗？（  ）","Score":5,"Options":[{"Sign":"A","Content":"正确"},{"Sign":"B","Content":"错误"}]},{"QuestionID":377,"QuestionType":"禁毒知识","Content":"罂粟是几年生草本植物？（  ）","Score":5,"Options":[{"Sign":"A","Content":"1"},{"Sign":"B","Content":"2"},{"Sign":"C","Content":"3"}]},{"QuestionID":402,"QuestionType":"禁毒知识","Content":"在医学上用作麻醉剂的是（　）。","Score":5,"Options":[{"Sign":"A","Content":"大麻"},{"Sign":"B","Content":"芬太尼"},{"Sign":"C","Content":"麻古"},{"Sign":"D","Content":"海洛因"}]},{"QuestionID":215,"QuestionType":"禁毒知识","Content":"远离毒品的自我保护方法有（　） 。","Score":5,"Options":[{"Sign":"A","Content":"养成良好习惯"},{"Sign":"B","Content":"不在危险地方逗留"},{"Sign":"C","Content":"不接受他人的食物"},{"Sign":"D","Content":"ABC都是"}]},{"QuestionID":184,"QuestionType":"禁毒知识","Content":"吸毒对人的身心危害有：吸毒对身体的毒性作用、戒断反应、精神障碍与变态、感染各种疾病。","Score":5,"Options":[{"Sign":"A","Content":"正确"},{"Sign":"B","Content":"错误"}]},{"QuestionID":167,"QuestionType":"禁毒知识","Content":"身体脱毒只是戒毒过程的第一步，最根本上的是要彻底摆脱（　）才能达到彻底康复。","Score":5,"Options":[{"Sign":"A","Content":"生理依赖性"},{"Sign":"B","Content":"戒断反应"},{"Sign":"C","Content":"心瘾"},{"Sign":"D","Content":"身体不适"}]},{"QuestionID":348,"QuestionType":"禁毒知识","Content":"要构筑拒毒心理防线，我们需要做到（　）。","Score":5,"Options":[{"Sign":"A","Content":"正确把握好奇心"},{"Sign":"B","Content":"抵制不良诱惑"},{"Sign":"C","Content":"养成良好的健康心理"},{"Sign":"D","Content":"以上A、B、C表述均正确"}]},{"QuestionID":382,"QuestionType":"禁毒知识","Content":"由于吸毒者极易感染各种疾病，包括性病，丙型肝炎等，注射毒品是传染（　） 的主要途径。","Score":5,"Options":[{"Sign":"A","Content":"痢疾"},{"Sign":"B","Content":"艾滋病"},{"Sign":"C","Content":"肺病"}]},{"QuestionID":232,"QuestionType":"禁毒知识","Content":"身边的亲戚或者朋友与同学家里家长都吸烟，他们递烟给你，你不要，亲戚说偶尔体验一下没关系，你最好的应对方式应该是（　）。","Score":5,"Options":[{"Sign":"A","Content":"坚决拒绝"},{"Sign":"B","Content":"从危害健康的角度建议大家戒烟"},{"Sign":"C","Content":"婉言谢绝"},{"Sign":"D","Content":"以上方式都可以"}]},{"QuestionID":209,"QuestionType":"禁毒知识","Content":"罂粟壳是罂粟的成熟干燥果壳，呈椭圆形或瓶状卵形。","Score":5,"Options":[{"Sign":"A","Content":"正确"},{"Sign":"B","Content":"错误"}]},{"QuestionID":432,"QuestionType":"禁毒知识","Content":"学校是毒品预防教育的主阵地，课堂是主渠道","Score":5,"Options":[{"Sign":"A","Content":"正确"},{"Sign":"B","Content":"错误"}]},{"QuestionID":233,"QuestionType":"禁毒知识","Content":"世界上第一个国际禁毒公约是（　） 。","Score":5,"Options":[{"Sign":"A","Content":"《1971年精神药物公约》"},{"Sign":"B","Content":"《海牙禁烟公约》"},{"Sign":"C","Content":"《61公约》"},{"Sign":"D","Content":"《88公约》"}]},{"QuestionID":113,"QuestionType":"禁毒知识","Content":"戒毒人员在（  ）等方面不受歧视。有关部门、组织和人员应当在这些方面对戒毒人员给予必要的指导和帮助。","Score":5,"Options":[{"Sign":"A","Content":"入学"},{"Sign":"B","Content":"就业"},{"Sign":"C","Content":"享受社会保障"},{"Sign":"D","Content":"A.B和C"}]}]}