{"RandomPaperID":207,"Questions":[{"QuestionID":251,"QuestionType":"禁毒知识","Content":"《中华人民共和国禁毒法》（　）规定了毒品的定义？（  ）","Score":5,"Options":[{"Sign":"A","Content":"第1条"},{"Sign":"B","Content":"第2条"},{"Sign":"C","Content":"第3条"}]},{"QuestionID":435,"QuestionType":"禁毒知识","Content":"十九大报告提出，成立（），加强对法治中国建设的统一领导。","Score":5,"Options":[{"Sign":"A","Content":"中国依法治国领导小组"},{"Sign":"B","Content":"中央全面依法治国领导小组"},{"Sign":"C","Content":"中央法制领导小组"},{"Sign":"D","Content":"国务院依法治国领导小组"}]},{"QuestionID":362,"QuestionType":"禁毒知识","Content":"以下哪一种情况一般不会发生在吸毒人员的身上。（  ）","Score":5,"Options":[{"Sign":"A","Content":"酗酒"},{"Sign":"B","Content":"脾气暴躁"},{"Sign":"C","Content":"每天锻炼身体"},{"Sign":"D","Content":"偷盗"}]},{"QuestionID":282,"QuestionType":"禁毒知识","Content":"吸毒人员王某主动到公安机关登记，接受戒毒治疗，对王某的原吸毒行为（  ）","Score":5,"Options":[{"Sign":"A","Content":"从轻处罚"},{"Sign":"B","Content":"减轻处罚"},{"Sign":"C","Content":"不予处罚"}]},{"QuestionID":109,"QuestionType":"禁毒知识","Content":"教育部门应编写禁毒教材，各级各类学校必须专门开设禁毒教育课，将禁毒教育列为学校教育的内容。","Score":5,"Options":[{"Sign":"A","Content":"正确"},{"Sign":"B","Content":"错误"}]},{"QuestionID":353,"QuestionType":"禁毒知识","Content":"要养成良好的生活习惯、行为习惯，不吸烟，不饮酒，不涉足青少年不宜进入的场所，包括歌舞厅、游戏厅、酒吧等地方，以（  ）。","Score":5,"Options":[{"Sign":"A","Content":"远离毒品"},{"Sign":"B","Content":"亲近毒品"}]},{"QuestionID":53,"QuestionType":"禁毒知识","Content":"毒品区别于其他毒物的自然特征是（　） 。","Score":5,"Options":[{"Sign":"A","Content":"非法性"},{"Sign":"B","Content":"成瘾性"},{"Sign":"C","Content":"危害性"},{"Sign":"D","Content":"合法性"}]},{"QuestionID":15,"QuestionType":"禁毒知识","Content":"（ ）,即甲基苯丙胺,外观为纯白或黄色结晶体,晶莹剔透。","Score":5,"Options":[{"Sign":"A","Content":"可卡因"},{"Sign":"B","Content":"冰毒"},{"Sign":"C","Content":"海洛因"},{"Sign":"D","Content":"吗啡"}]},{"QuestionID":355,"QuestionType":"禁毒知识","Content":"医务人员可为自己开处方使用麻醉药品。","Score":5,"Options":[{"Sign":"A","Content":"正确"},{"Sign":"B","Content":"错误"}]},{"QuestionID":378,"QuestionType":"禁毒知识","Content":"罂粟籽、大麻籽属于毒品原植物种子。","Score":5,"Options":[{"Sign":"A","Content":"正确"},{"Sign":"B","Content":"错误"}]},{"QuestionID":96,"QuestionType":"禁毒知识","Content":"国家鼓励公民举报毒品违法犯罪行为。各级人民政府和有关部门应当对举报人予以保护，对( )，给予表彰和奖励。","Score":5,"Options":[{"Sign":"A","Content":"举报人员"},{"Sign":"B","Content":"举报积极人员"},{"Sign":"C","Content":"举报有功人员"},{"Sign":"D","Content":"实名举报人员"}]},{"QuestionID":217,"QuestionType":"禁毒知识","Content":"在吸毒者中，由于无知、好奇，被他人引诱而吸毒的青少年的比例最高。","Score":5,"Options":[{"Sign":"A","Content":"正确"},{"Sign":"B","Content":"错误"}]},{"QuestionID":418,"QuestionType":"禁毒知识","Content":"只要自己的吸毒行为没有危害到社会、家庭和他人的生活，就是合法的。以上说法正确吗？","Score":5,"Options":[{"Sign":"A","Content":"正确"},{"Sign":"B","Content":"错误"}]},{"QuestionID":176,"QuestionType":"禁毒知识","Content":"吸毒，也称“药物滥用”，就是出于（　）目的，通过注射、口服、鼻吸或其他方式将毒品摄入人体的行为。","Score":5,"Options":[{"Sign":"A","Content":"非医疗"},{"Sign":"B","Content":"治病"},{"Sign":"C","Content":"麻醉"},{"Sign":"D","Content":"交友"}]},{"QuestionID":218,"QuestionType":"禁毒知识","Content":"在植物古柯树叶中提取的一种生物碱是一种中枢神经系统的兴奋剂，叫做（  ）。","Score":5,"Options":[{"Sign":"A","Content":"可卡因"},{"Sign":"B","Content":"阿片"},{"Sign":"C","Content":"吗啡"},{"Sign":"D","Content":"四氢大麻酚"}]},{"QuestionID":314,"QuestionType":"禁毒知识","Content":"下列选项中属于毒品的本质特征是（　） 。","Score":5,"Options":[{"Sign":"A","Content":"依赖性"},{"Sign":"B","Content":"危害性"},{"Sign":"C","Content":"非法性"},{"Sign":"D","Content":"以上选项都是"}]},{"QuestionID":126,"QuestionType":"禁毒知识","Content":"李某发现儿子小强吸毒后，便将其关在家中，并与家人轮流看守令其戒毒。起初，断了毒品的小强呼天喊地，半个月后，小强又恢复了正常。试问小强是否已全部戒除毒瘾？（  ）","Score":5,"Options":[{"Sign":"A","Content":"已完全戒断毒瘾"},{"Sign":"B","Content":"只戒断生理上毒瘾"}]},{"QuestionID":286,"QuestionType":"禁毒知识","Content":"吸毒者把可卡因称作“自由垒”或者“快乐客”。","Score":5,"Options":[{"Sign":"A","Content":"正确"},{"Sign":"B","Content":"错误"}]},{"QuestionID":414,"QuestionType":"禁毒知识","Content":"长期酗酒也会产生生理依赖和心理依赖","Score":5,"Options":[{"Sign":"A","Content":"正确"},{"Sign":"B","Content":"错误"}]},{"QuestionID":261,"QuestionType":"禁毒知识","Content":"我国吸毒人员吸食的毒品中，吸食最多的毒品是（　）。","Score":5,"Options":[{"Sign":"A","Content":"传统毒品"},{"Sign":"B","Content":"合成毒品"},{"Sign":"C","Content":"新精神活性物质"}]}]}