{"RandomPaperID":208,"Questions":[{"QuestionID":158,"QuestionType":"禁毒知识","Content":"如果外国人在中国违法犯罪，中国根据属地管辖原则，有权对其违法犯罪行为进行处罚；该外国人所属国的法律规定了有属人管辖原则的，我国无法对该外国人在中国的犯罪行为进行处罚。","Score":5,"Options":[{"Sign":"A","Content":"正确"},{"Sign":"B","Content":"错误"}]},{"QuestionID":403,"QuestionType":"禁毒知识","Content":"在中国，K粉列入第一类精神药品管制。","Score":5,"Options":[{"Sign":"A","Content":"正确"},{"Sign":"B","Content":"错误"}]},{"QuestionID":217,"QuestionType":"禁毒知识","Content":"在吸毒者中，由于无知、好奇，被他人引诱而吸毒的青少年的比例最高。","Score":5,"Options":[{"Sign":"A","Content":"正确"},{"Sign":"B","Content":"错误"}]},{"QuestionID":347,"QuestionType":"禁毒知识","Content":"药物滥用一词是上世纪60年代中期国际社会上开始采用的专有名词，它与我们平时所说的“滥用抗生素”、“滥用激素”等的概念截然不同。","Score":5,"Options":[{"Sign":"A","Content":"正确"},{"Sign":"B","Content":"错误"}]},{"QuestionID":244,"QuestionType":"禁毒知识","Content":"为了安全起见，我们应该拒绝陌生人给的糖果、点心或任何饮料。（  ）","Score":5,"Options":[{"Sign":"A","Content":"正确"},{"Sign":"B","Content":"错误"}]},{"QuestionID":225,"QuestionType":"禁毒知识","Content":"制定《禁毒法》的目的是（  ）","Score":5,"Options":[{"Sign":"A","Content":"预防和惩治毒品违法犯罪行为"},{"Sign":"B","Content":"保护公民身心健康"},{"Sign":"C","Content":"维护社会秩序"},{"Sign":"D","Content":"A.B和C"}]},{"QuestionID":70,"QuestionType":"禁毒知识","Content":"非法持有甲基苯丙胺（即冰毒）（　）以上的，构成非法持有毒品罪。","Score":5,"Options":[{"Sign":"A","Content":"5克"},{"Sign":"B","Content":"10克"},{"Sign":"C","Content":"15克"},{"Sign":"D","Content":"20克"}]},{"QuestionID":283,"QuestionType":"禁毒知识","Content":"吸毒如果仅仅偶尔吸一两次，一般都不会上瘾。这种说法（  ）","Score":5,"Options":[{"Sign":"A","Content":"正确"},{"Sign":"B","Content":"错误"}]},{"QuestionID":420,"QuestionType":"禁毒知识","Content":"止咳水的主要成分虽然为可待因及麻黄碱等，但其实是一种镇咳处方药，即便非法乱用也不是吸毒。这种说法对吗？","Score":5,"Options":[{"Sign":"A","Content":"正确"},{"Sign":"B","Content":"错误"}]},{"QuestionID":157,"QuestionType":"禁毒知识","Content":"容留他人吸食、注射毒品或者介绍买卖毒品，构成犯罪的，依法追究刑事责任；尚不构成犯罪的，由公安机关处十日以上十五日以下拘留，可以并处三千元以下罚款；情节较轻的，处五日以下拘留或者五百元以下罚款。以上说法正确吗？（  ）","Score":5,"Options":[{"Sign":"A","Content":"正确"},{"Sign":"B","Content":"不正确"}]},{"QuestionID":203,"QuestionType":"禁毒知识","Content":"一个完整的戒毒过程，包含（ ）。","Score":5,"Options":[{"Sign":"A","Content":"脱毒、康复、回归社会三部分"},{"Sign":"B","Content":"B强制戒毒一部分"},{"Sign":"C","Content":"社区戒毒"},{"Sign":"D","Content":"社区康复"}]},{"QuestionID":336,"QuestionType":"禁毒知识","Content":"鸦片，俗称大烟、福寿膏、阿芙蓉等，医学名阿片。其滥用方式为口吸，是一种传统麻醉品，具有保健作用。","Score":5,"Options":[{"Sign":"A","Content":"正确"},{"Sign":"B","Content":"错误"}]},{"QuestionID":295,"QuestionType":"禁毒知识","Content":"吸食毒品等于自我毁灭。","Score":5,"Options":[{"Sign":"A","Content":"正确"},{"Sign":"B","Content":"错误"}]},{"QuestionID":4,"QuestionType":"禁毒知识","Content":"“金三角”是指泰国、缅甸、（ ）。","Score":5,"Options":[{"Sign":"A","Content":"老挝"},{"Sign":"B","Content":"越南"},{"Sign":"C","Content":"柬埔寨"},{"Sign":"D","Content":"印度"}]},{"QuestionID":15,"QuestionType":"禁毒知识","Content":"（ ）,即甲基苯丙胺,外观为纯白或黄色结晶体,晶莹剔透。","Score":5,"Options":[{"Sign":"A","Content":"可卡因"},{"Sign":"B","Content":"冰毒"},{"Sign":"C","Content":"海洛因"},{"Sign":"D","Content":"吗啡"}]},{"QuestionID":372,"QuestionType":"禁毒知识","Content":"易制毒化学品分为三类。第一类是可以用于制毒的主要原料，第二类、第三类是可以用于制毒的化学配剂。以上说法正确吗？（  ）","Score":5,"Options":[{"Sign":"A","Content":"正确"},{"Sign":"B","Content":"错误"}]},{"QuestionID":43,"QuestionType":"禁毒知识","Content":"当有人威胁我们吸毒时，要将情况主动告知家长和学校，或者打110报警，寻求帮助。","Score":5,"Options":[{"Sign":"A","Content":"正确"},{"Sign":"B","Content":"错误"}]},{"QuestionID":305,"QuestionType":"禁毒知识","Content":"下列哪条不是吸毒成瘾严重的认定标准：","Score":5,"Options":[{"Sign":"A","Content":"有戒断症状或者有证据证明吸毒史，包括曾经因使用毒品被公安机关查处、曾经进行自愿戒毒、人体毛发样品检测出毒品成分等情形"},{"Sign":"B","Content":"经被责令社区戒毒、强制隔离戒毒（含《禁毒法》实施以前被强制戒毒或者劳教戒毒）、社区康复或者参加过戒毒药物维持治疗，再次吸食、注射毒品的"},{"Sign":"C","Content":"有证据证明其采取注射方式使用毒品或者多次使用两类以上毒品的"},{"Sign":"D","Content":"有证据证明其使用毒品后伴有聚众淫乱、自伤自残或者暴力侵犯他人人身、财产安全或者妨害公共安全等行为的"}]},{"QuestionID":33,"QuestionType":"禁毒知识","Content":"安纳咖，外观常为针剂，也有本色粉末状，长期使用会产生药物耐受性但不需要不断加大用药剂量。","Score":5,"Options":[{"Sign":"A","Content":"正确"},{"Sign":"B","Content":"错误"}]},{"QuestionID":241,"QuestionType":"禁毒知识","Content":"天然类毒品是指直接从毒品原植物中提取的毒品，常见的主要有大麻、鸦片、冰毒及麦司卡林等。","Score":5,"Options":[{"Sign":"A","Content":"正确"},{"Sign":"B","Content":"错误"}]}]}