{"RandomPaperID":21,"Questions":[{"QuestionID":199,"QuestionType":"禁毒知识","Content":"下列原因中，在吸毒人群中初次吸毒比例最高的是（  ）。","Score":5,"Options":[{"Sign":"A","Content":"好奇心驱使"},{"Sign":"B","Content":"他人引诱"},{"Sign":"C","Content":"取乐解闷"},{"Sign":"D","Content":"D赶时髦"}]},{"QuestionID":251,"QuestionType":"禁毒知识","Content":"《中华人民共和国禁毒法》（　）规定了毒品的定义？（  ）","Score":5,"Options":[{"Sign":"A","Content":"第1条"},{"Sign":"B","Content":"第2条"},{"Sign":"C","Content":"第3条"}]},{"QuestionID":333,"QuestionType":"禁毒知识","Content":"（）是指对中枢神经有麻醉作用,连续使用后易产生身体依赖性、能形成瘾癖的药品。","Score":5,"Options":[{"Sign":"A","Content":"麻醉药品"},{"Sign":"B","Content":"精神药品"},{"Sign":"C","Content":"新精神活性物质"}]},{"QuestionID":10,"QuestionType":"禁毒知识","Content":"经强制隔离戒毒后又吸食，注射毒品的，构成吸食毒品罪。","Score":5,"Options":[{"Sign":"A","Content":"正确"},{"Sign":"B","Content":"错误"}]},{"QuestionID":413,"QuestionType":"禁毒知识","Content":"长期吸食以后，情绪亢奋冲动。就算是停止复吸，戒断很久以后，都容易出现幻听、幻觉、被害妄想等精神病稽延症状。这是（　）类毒品的精神病态特征。","Score":5,"Options":[{"Sign":"A","Content":"大麻类"},{"Sign":"B","Content":"鸦片类"},{"Sign":"C","Content":"苯丙胺类"},{"Sign":"D","Content":"古柯类"}]},{"QuestionID":404,"QuestionType":"禁毒知识","Content":"造成情绪暴躁而引发针对他人的肢体暴力（例如啃脸、咬耳）行为的“僵尸浴盐”，其主要的化学成分是卡西酮类物质。是一种新型的（  ）","Score":5,"Options":[{"Sign":"A","Content":"传统毒品"},{"Sign":"B","Content":"合成毒品"}]},{"QuestionID":206,"QuestionType":"禁毒知识","Content":"以下哪种行为不予处罚。（  ）","Score":5,"Options":[{"Sign":"A","Content":"有人在自己经营的娱乐场所内吸毒，不制止、不报告"},{"Sign":"B","Content":"携带毒品原植物种子"},{"Sign":"C","Content":"非法种植毒品原植物，在收获前自动铲除"},{"Sign":"D","Content":"为走私、贩卖、运输、制造鸦片的犯罪分子提供财物"}]},{"QuestionID":286,"QuestionType":"禁毒知识","Content":"吸毒者把可卡因称作“自由垒”或者“快乐客”。","Score":5,"Options":[{"Sign":"A","Content":"正确"},{"Sign":"B","Content":"错误"}]},{"QuestionID":303,"QuestionType":"禁毒知识","Content":"下列毒品中属于抑制剂类毒品的是（  ）。","Score":5,"Options":[{"Sign":"A","Content":"冰毒"},{"Sign":"B","Content":"摇头丸"},{"Sign":"C","Content":"海洛因"},{"Sign":"D","Content":"麦斯卡林"}]},{"QuestionID":366,"QuestionType":"禁毒知识","Content":"以下属于青少年所面临的毒品陷阱是（　）  。","Score":5,"Options":[{"Sign":"A","Content":"吸毒朋友的影响"},{"Sign":"B","Content":"毒贩子的毒招"},{"Sign":"C","Content":"明星和“榜样”的效应"},{"Sign":"D","Content":"以上A.B.C三项均是"}]},{"QuestionID":146,"QuestionType":"禁毒知识","Content":"强制隔离戒毒的期限为（ ）。","Score":5,"Options":[{"Sign":"A","Content":"1年"},{"Sign":"B","Content":"2年"},{"Sign":"C","Content":"3年"},{"Sign":"D","Content":"6个月"}]},{"QuestionID":13,"QuestionType":"禁毒知识","Content":"（  ）俗称K粉，属于合成类新型毒品。","Score":5,"Options":[{"Sign":"A","Content":"氯胺酮"},{"Sign":"B","Content":"海洛因"},{"Sign":"C","Content":"大麻"},{"Sign":"D","Content":"美沙酮"}]},{"QuestionID":218,"QuestionType":"禁毒知识","Content":"在植物古柯树叶中提取的一种生物碱是一种中枢神经系统的兴奋剂，叫做（  ）。","Score":5,"Options":[{"Sign":"A","Content":"可卡因"},{"Sign":"B","Content":"阿片"},{"Sign":"C","Content":"吗啡"},{"Sign":"D","Content":"四氢大麻酚"}]},{"QuestionID":40,"QuestionType":"禁毒知识","Content":"从医学角度看，吸毒成瘾作为一种疾病。以下哪个表述是正确的（  ）。","Score":5,"Options":[{"Sign":"A","Content":"心理障碍"},{"Sign":"B","Content":"精神疾病"},{"Sign":"C","Content":"躯体疾病"},{"Sign":"D","Content":"慢性的复发性的脑疾病"}]},{"QuestionID":93,"QuestionType":"禁毒知识","Content":"国家对麻醉药品药用原植物种植实行管制。禁止非法种植罂粟、古柯植物、大麻植物以及国家规定管制的可以用于提炼加工毒品的其他原植物。","Score":5,"Options":[{"Sign":"A","Content":"正确"},{"Sign":"B","Content":"错误"}]},{"QuestionID":139,"QuestionType":"禁毒知识","Content":"奶油气弹实际上就是氧化亚氮即笑气。","Score":5,"Options":[{"Sign":"A","Content":"正确"},{"Sign":"B","Content":"错误"}]},{"QuestionID":46,"QuestionType":"禁毒知识","Content":"到民国时期，（　）已经取代英国成为向中国输入毒品最多的国家。","Score":5,"Options":[{"Sign":"A","Content":"美国"},{"Sign":"B","Content":"荷兰"},{"Sign":"C","Content":"日本"},{"Sign":"D","Content":"意大利"}]},{"QuestionID":103,"QuestionType":"禁毒知识","Content":"海洛因吸毒者的典型体征是（　）。","Score":5,"Options":[{"Sign":"A","Content":"瞳孔缩小呈针尖样"},{"Sign":"B","Content":"瞳孔放大，不聚光"},{"Sign":"C","Content":"身体瘦弱"},{"Sign":"D","Content":"身体浮肿"}]},{"QuestionID":121,"QuestionType":"禁毒知识","Content":"精神药品的原料和制剂，按国家计划调拨，生产单位不得自行销售。","Score":5,"Options":[{"Sign":"A","Content":"正确"},{"Sign":"B","Content":"错误"}]},{"QuestionID":108,"QuestionType":"禁毒知识","Content":"荷兰不限制贩卖和吸食大麻。","Score":5,"Options":[{"Sign":"A","Content":"正确"},{"Sign":"B","Content":"错误"}]}]}