{"RandomPaperID":217,"Questions":[{"QuestionID":359,"QuestionType":"禁毒知识","Content":"以下几种毒品，成瘾性和毒副作用最强的是（　）。","Score":5,"Options":[{"Sign":"A","Content":"古柯叶"},{"Sign":"B","Content":"海洛因"},{"Sign":"C","Content":"鸦片"},{"Sign":"D","Content":"大麻"}]},{"QuestionID":212,"QuestionType":"禁毒知识","Content":"娱乐场所及其（  ）实施毒品违法犯罪行为，或者为进入娱乐场所的人员实施毒品违法犯罪行为提供条件，构成犯罪的，依法追究刑事责任；尚不构成犯罪的，依照有关法律、行政法规的规定给予处罚。","Score":5,"Options":[{"Sign":"A","Content":"法人"},{"Sign":"B","Content":"投资方"},{"Sign":"C","Content":"经理"},{"Sign":"D","Content":"从业人员"}]},{"QuestionID":136,"QuestionType":"禁毒知识","Content":"麦角酰二乙胺属于新兴合成毒品中致幻剂的典型代表。","Score":5,"Options":[{"Sign":"A","Content":"正确"},{"Sign":"B","Content":"错误"}]},{"QuestionID":303,"QuestionType":"禁毒知识","Content":"下列毒品中属于抑制剂类毒品的是（  ）。","Score":5,"Options":[{"Sign":"A","Content":"冰毒"},{"Sign":"B","Content":"摇头丸"},{"Sign":"C","Content":"海洛因"},{"Sign":"D","Content":"麦斯卡林"}]},{"QuestionID":200,"QuestionType":"禁毒知识","Content":"小明今年上五年级，沉迷于网络游戏，然后到黑网吧去上网，结交了不良的朋友，最后染上了烟瘾和学会了吸毒。这个故事告诉我们什么道理？（  ）","Score":5,"Options":[{"Sign":"A","Content":"不在危险的地方逗留，尤其是网吧这样人多和复杂的环境"},{"Sign":"B","Content":"要养成自律的好习惯"},{"Sign":"C","Content":"要学会抵制诱惑"},{"Sign":"D","Content":"以上选项都是"}]},{"QuestionID":113,"QuestionType":"禁毒知识","Content":"戒毒人员在（  ）等方面不受歧视。有关部门、组织和人员应当在这些方面对戒毒人员给予必要的指导和帮助。","Score":5,"Options":[{"Sign":"A","Content":"入学"},{"Sign":"B","Content":"就业"},{"Sign":"C","Content":"享受社会保障"},{"Sign":"D","Content":"A.B和C"}]},{"QuestionID":85,"QuestionType":"禁毒知识","Content":"根据我国现行法律法规，对夫妻一方在从事赌博、吸毒等违法犯罪活动中所负债务，另一方仍需承担责任。","Score":5,"Options":[{"Sign":"A","Content":"正确"},{"Sign":"B","Content":"错误"}]},{"QuestionID":89,"QuestionType":"禁毒知识","Content":"共用剃须刀有传染艾滋病的危险。","Score":5,"Options":[{"Sign":"A","Content":"正确"},{"Sign":"B","Content":"错误"}]},{"QuestionID":265,"QuestionType":"禁毒知识","Content":"吸毒成瘾不仅是身体上会对毒品产生依赖，更严重的是在心理上对毒品产生依赖。","Score":5,"Options":[{"Sign":"A","Content":"正确"},{"Sign":"B","Content":"错误"}]},{"QuestionID":272,"QuestionType":"禁毒知识","Content":"吸毒对女性怀孕后胎儿的影响是（　）。","Score":5,"Options":[{"Sign":"A","Content":"可能导致胎儿畸形死胎"},{"Sign":"B","Content":"没有任何影响"},{"Sign":"C","Content":"可能导致难产"},{"Sign":"D","Content":"会让胎儿更健康"}]},{"QuestionID":296,"QuestionType":"禁毒知识","Content":"全球吸毒人数多达2.5亿人，其中大多数是（　）。","Score":5,"Options":[{"Sign":"A","Content":"未成年人"},{"Sign":"B","Content":"成年人"},{"Sign":"C","Content":"老人"}]},{"QuestionID":404,"QuestionType":"禁毒知识","Content":"造成情绪暴躁而引发针对他人的肢体暴力（例如啃脸、咬耳）行为的“僵尸浴盐”，其主要的化学成分是卡西酮类物质。是一种新型的（  ）","Score":5,"Options":[{"Sign":"A","Content":"传统毒品"},{"Sign":"B","Content":"合成毒品"}]},{"QuestionID":269,"QuestionType":"禁毒知识","Content":"吸毒的人不会长寿。","Score":5,"Options":[{"Sign":"A","Content":"正确"},{"Sign":"B","Content":"错误"}]},{"QuestionID":327,"QuestionType":"禁毒知识","Content":"小王邀约多人，多次在小李家里吸毒，虽然小李知道吸毒是违法行为，但小李本人没有吸毒，所以小李不要承担任何法律责任。","Score":5,"Options":[{"Sign":"A","Content":"正确"},{"Sign":"B","Content":"错误"}]},{"QuestionID":375,"QuestionType":"禁毒知识","Content":"1874年英国化学家莱特（R.Wright），在吗啡中加入醋酸酐等物质，首次提炼出镇痛效果更佳的半合成化衍生物，海洛因","Score":5,"Options":[{"Sign":"A","Content":"正确"},{"Sign":"B","Content":"错误"}]},{"QuestionID":63,"QuestionType":"禁毒知识","Content":"对于吸毒成瘾严重，通过社区戒毒难以戒除毒瘾的人员，公安机关可以直接作出强制隔离戒毒的决定。以上说法正确吗？","Score":5,"Options":[{"Sign":"A","Content":"正确"},{"Sign":"B","Content":"错误"}]},{"QuestionID":97,"QuestionType":"禁毒知识","Content":"国家鼓励志愿人员参与（  ）工作。地方各级人民政府应当对志愿人员进行指导、培训，并提供必要的工作条件。","Score":5,"Options":[{"Sign":"A","Content":"缉毒侦查"},{"Sign":"B","Content":"禁毒管理"},{"Sign":"C","Content":"禁毒宣传教育和戒毒社会服务"},{"Sign":"D","Content":"禁毒知识普及教育"}]},{"QuestionID":347,"QuestionType":"禁毒知识","Content":"药物滥用一词是上世纪60年代中期国际社会上开始采用的专有名词，它与我们平时所说的“滥用抗生素”、“滥用激素”等的概念截然不同。","Score":5,"Options":[{"Sign":"A","Content":"正确"},{"Sign":"B","Content":"错误"}]},{"QuestionID":280,"QuestionType":"禁毒知识","Content":"吸毒人员可以自行到具有戒毒治疗资质的医疗机构接受戒毒治疗。以上说法正确吗？（  ）","Score":5,"Options":[{"Sign":"A","Content":"正确"},{"Sign":"B","Content":"错误"}]},{"QuestionID":159,"QuestionType":"禁毒知识","Content":"如果有人在我们周围大量生产制造冰毒，很容易产生大量刺鼻的刺激性气味。这种说法正确吗？","Score":5,"Options":[{"Sign":"A","Content":"正确"},{"Sign":"B","Content":"错误"}]}]}