{"RandomPaperID":218,"Questions":[{"QuestionID":343,"QuestionType":"禁毒知识","Content":"摇头丸就像跳跳糖或是跑跑糖一样，是一种娱乐食品，不是毒品。（  ）","Score":5,"Options":[{"Sign":"A","Content":"正确"},{"Sign":"B","Content":"错误"}]},{"QuestionID":49,"QuestionType":"禁毒知识","Content":"不满十六周岁的未成年人吸毒成瘾严重的，可以不适用(  )。","Score":5,"Options":[{"Sign":"A","Content":"强制隔离戒毒"},{"Sign":"B","Content":"责令其接受社区戒毒"},{"Sign":"C","Content":"责令其接受社区康复"},{"Sign":"D","Content":"自愿戒毒"}]},{"QuestionID":20,"QuestionType":"禁毒知识","Content":"《禁毒法》规定，国家鼓励对禁毒工作的社会捐赠，并依法给予（  ）。","Score":5,"Options":[{"Sign":"A","Content":"税收减免"},{"Sign":"B","Content":"税收优惠"},{"Sign":"C","Content":"表彰奖励"},{"Sign":"D","Content":"税收减免和优惠"}]},{"QuestionID":264,"QuestionType":"禁毒知识","Content":"我们在网络上和陌生人交流和交友的时候，应该保持警惕心，不能轻易泄露自己的个人信息。（  ）","Score":5,"Options":[{"Sign":"A","Content":"正确"},{"Sign":"B","Content":"错误"}]},{"QuestionID":213,"QuestionType":"禁毒知识","Content":"娱乐场所因违反《娱乐场所管理条例》规定，被吊销或者撤销娱乐经营许可证的，自被吊销或者撤销之日起，其法定代表人、负责人在（  ）内不得担任娱乐场所的法定代表人、负责人。","Score":5,"Options":[{"Sign":"A","Content":"二年"},{"Sign":"B","Content":"三年"},{"Sign":"C","Content":"四年"},{"Sign":"D","Content":"五年"}]},{"QuestionID":292,"QuestionType":"禁毒知识","Content":"吸食、注射毒品严重破坏人体的生理机能和免疫机能，引起各种并发症，最终导致（ ）。","Score":5,"Options":[{"Sign":"A","Content":"昏睡"},{"Sign":"B","Content":"毒瘾发作"},{"Sign":"C","Content":"吸毒死亡"}]},{"QuestionID":370,"QuestionType":"禁毒知识","Content":"以下致幻毒品中（　）是从生长在墨西哥北部与美国南部的仙人球里提取的。（  ）","Score":5,"Options":[{"Sign":"A","Content":"吗啡"},{"Sign":"B","Content":"麦司卡林"},{"Sign":"C","Content":"古柯"},{"Sign":"D","Content":"麻古"}]},{"QuestionID":104,"QuestionType":"禁毒知识","Content":"合成毒品（　） 又称海米那、眠可欣，临床上适用于各种类型的失眠症，该药久用可成瘾，已成为国内外滥用药物之一。（  ）","Score":5,"Options":[{"Sign":"A","Content":"三唑仑"},{"Sign":"B","Content":"氟硝安定"},{"Sign":"C","Content":"安纳咖"},{"Sign":"D","Content":"安眠酮"}]},{"QuestionID":247,"QuestionType":"禁毒知识","Content":"“虎门销烟”是哪一天开始的（）。","Score":5,"Options":[{"Sign":"A","Content":"1839年6月3日"},{"Sign":"B","Content":"1840年6月9日"},{"Sign":"C","Content":"1841年7月17日"},{"Sign":"D","Content":"1842年10月10日"}]},{"QuestionID":15,"QuestionType":"禁毒知识","Content":"（ ）,即甲基苯丙胺,外观为纯白或黄色结晶体,晶莹剔透。","Score":5,"Options":[{"Sign":"A","Content":"可卡因"},{"Sign":"B","Content":"冰毒"},{"Sign":"C","Content":"海洛因"},{"Sign":"D","Content":"吗啡"}]},{"QuestionID":318,"QuestionType":"禁毒知识","Content":"吸毒的方式有（　）。","Score":5,"Options":[{"Sign":"A","Content":"通过呼吸道"},{"Sign":"B","Content":"通过消化道"},{"Sign":"C","Content":"静脉注射"},{"Sign":"D","Content":"以上选项都是"}]},{"QuestionID":39,"QuestionType":"禁毒知识","Content":"从毒品对人的中枢神经的作用看，可分为抑制剂、致幻剂和兴奋剂等，其中属于抑制剂的毒品种类是（  ）。","Score":5,"Options":[{"Sign":"A","Content":"巴比妥类"},{"Sign":"B","Content":"苯丙胺类"},{"Sign":"C","Content":"麦司卡林"},{"Sign":"D","Content":"LSD"}]},{"QuestionID":380,"QuestionType":"禁毒知识","Content":"我国目前海洛因仍然在医疗上使用吗？","Score":5,"Options":[{"Sign":"A","Content":"常使用"},{"Sign":"B","Content":"不使用"},{"Sign":"C","Content":"偶尔使用"}]},{"QuestionID":353,"QuestionType":"禁毒知识","Content":"要养成良好的生活习惯、行为习惯，不吸烟，不饮酒，不涉足青少年不宜进入的场所，包括歌舞厅、游戏厅、酒吧等地方，以（  ）。","Score":5,"Options":[{"Sign":"A","Content":"远离毒品"},{"Sign":"B","Content":"亲近毒品"}]},{"QuestionID":325,"QuestionType":"禁毒知识","Content":"小王把20克冰毒寄存在小张家里后离开了，但后来被公安机关查获。由于小张自己不吸毒，小王也承认毒品是他自己放的，没有告诉小张是毒品，所以小张他不需要负任何法律责任。这种说法（ ）。","Score":5,"Options":[{"Sign":"A","Content":"正确"},{"Sign":"B","Content":"错误"}]},{"QuestionID":417,"QuestionType":"禁毒知识","Content":"只要依靠坚强的意志，戒毒就一定能成功。这种说法正确吗？","Score":5,"Options":[{"Sign":"A","Content":"正确"},{"Sign":"B","Content":"错误"}]},{"QuestionID":321,"QuestionType":"禁毒知识","Content":"下面关于大麻的说法哪个不对？（  ）","Score":5,"Options":[{"Sign":"A","Content":"大麻在许多国家都不算毒品，不会成瘾，对人体没有什么危害，偶尔尝一下没关系。"},{"Sign":"B","Content":"大麻是世界范围内滥用最严重的毒品之一。"},{"Sign":"C","Content":"长期使用大麻容易成瘾并引发痴呆。"}]},{"QuestionID":390,"QuestionType":"禁毒知识","Content":"远离毒品关键在于自己。","Score":5,"Options":[{"Sign":"A","Content":"正确"},{"Sign":"B","Content":"错误"}]},{"QuestionID":65,"QuestionType":"禁毒知识","Content":"二十世纪（　） ，中国获得近三十年“无毒国”美誉。（  ）","Score":5,"Options":[{"Sign":"A","Content":"40年代末到80年代初"},{"Sign":"B","Content":"50年代初到70年代末"},{"Sign":"C","Content":"50年代末到80年代初"},{"Sign":"D","Content":"40年代末到90年代初"}]},{"QuestionID":215,"QuestionType":"禁毒知识","Content":"远离毒品的自我保护方法有（　） 。","Score":5,"Options":[{"Sign":"A","Content":"养成良好习惯"},{"Sign":"B","Content":"不在危险地方逗留"},{"Sign":"C","Content":"不接受他人的食物"},{"Sign":"D","Content":"ABC都是"}]}]}