{"RandomPaperID":22,"Questions":[{"QuestionID":346,"QuestionType":"禁毒知识","Content":"药物成瘾具有的特征之一：有一种不可抗拒的力量强制性地驱使人们使用该药，并（ ）去获得它。","Score":5,"Options":[{"Sign":"A","Content":"不择手段"},{"Sign":"B","Content":"正常手段"}]},{"QuestionID":277,"QuestionType":"禁毒知识","Content":"吸毒会耗费越来越多的家庭财产。","Score":5,"Options":[{"Sign":"A","Content":"正确"},{"Sign":"B","Content":"错误"}]},{"QuestionID":360,"QuestionType":"禁毒知识","Content":"以下哪些是我国刑法所界定的毒品？（  ）","Score":5,"Options":[{"Sign":"A","Content":"鸦片、海洛因、甲基苯丙胺(冰毒)、吗啡、大麻、可卡因"},{"Sign":"B","Content":"挥发性溶剂"},{"Sign":"C","Content":"烟草、酒精"}]},{"QuestionID":421,"QuestionType":"禁毒知识","Content":"制定《禁毒法》的必要性是（  ）","Score":5,"Options":[{"Sign":"A","Content":"应对严峻的毒品违法犯罪形势的需要"},{"Sign":"B","Content":"进一步完善我国预防和惩治毒品违法犯罪法律体系的需要"},{"Sign":"C","Content":"履行国际禁毒公约的需要"},{"Sign":"D","Content":"A.B和C"}]},{"QuestionID":251,"QuestionType":"禁毒知识","Content":"《中华人民共和国禁毒法》（　）规定了毒品的定义？（  ）","Score":5,"Options":[{"Sign":"A","Content":"第1条"},{"Sign":"B","Content":"第2条"},{"Sign":"C","Content":"第3条"}]},{"QuestionID":166,"QuestionType":"禁毒知识","Content":"属于（  ）种情形的，处以15年有期徒刑、无期徒刑或者死刑，并处没收财产。","Score":5,"Options":[{"Sign":"A","Content":"走私、贩卖、运输、制造鸦片200克以上不满1000克"},{"Sign":"B","Content":"走私、贩卖、运输、制造海洛因或者甲基苯丙胺10克以上"},{"Sign":"C","Content":"走私、贩卖、运输、制造海洛因或者甲基苯丙胺50克以上"},{"Sign":"D","Content":"走私、贩卖、运输、制造鸦片140克以上不满200克"}]},{"QuestionID":22,"QuestionType":"禁毒知识","Content":"《禁毒法》规定，禁止非法（  ）麻醉药品、精神药品和易制毒化学品的制造方法。公安机关接到举报或者发现此类情况，应当及时依法查处。","Score":5,"Options":[{"Sign":"A","Content":"贩卖"},{"Sign":"B","Content":"传播"},{"Sign":"C","Content":"传授"},{"Sign":"D","Content":"获取"}]},{"QuestionID":95,"QuestionType":"禁毒知识","Content":"国家鼓励公民、组织开展公益性的禁毒宣传活动。","Score":5,"Options":[{"Sign":"A","Content":"正确"},{"Sign":"B","Content":"错误"}]},{"QuestionID":103,"QuestionType":"禁毒知识","Content":"海洛因吸毒者的典型体征是（　）。","Score":5,"Options":[{"Sign":"A","Content":"瞳孔缩小呈针尖样"},{"Sign":"B","Content":"瞳孔放大，不聚光"},{"Sign":"C","Content":"身体瘦弱"},{"Sign":"D","Content":"身体浮肿"}]},{"QuestionID":146,"QuestionType":"禁毒知识","Content":"强制隔离戒毒的期限为（ ）。","Score":5,"Options":[{"Sign":"A","Content":"1年"},{"Sign":"B","Content":"2年"},{"Sign":"C","Content":"3年"},{"Sign":"D","Content":"6个月"}]},{"QuestionID":322,"QuestionType":"禁毒知识","Content":"下面说法不正确的是（　） 。","Score":5,"Options":[{"Sign":"A","Content":"国家鼓励开展禁毒科学技术研究。"},{"Sign":"B","Content":"国家鼓励公民举报毒品违法犯罪行为。"},{"Sign":"C","Content":"国家鼓励对禁毒工作的社会捐赠。"},{"Sign":"D","Content":"国家鼓励戒毒治疗的药品、医疗器械和治疗方法在媒体上做广告宣传。"}]},{"QuestionID":47,"QuestionType":"禁毒知识","Content":"登记参加药物维持治疗的戒毒人员的信息应当及时报(  )备案。","Score":5,"Options":[{"Sign":"A","Content":"药品监督管理部门"},{"Sign":"B","Content":"公安机关"},{"Sign":"C","Content":"卫生行政部门"},{"Sign":"D","Content":"检查机关"}]},{"QuestionID":23,"QuestionType":"禁毒知识","Content":"《禁毒法》规定，强制隔离戒毒场所应当根据戒毒人员（　）   等，对戒毒人员进行有针对性的生理、心理治疗和身体康复训练。","Score":5,"Options":[{"Sign":"A","Content":"吸食、注射毒品的方法"},{"Sign":"B","Content":"吸食、注射毒品的频次"},{"Sign":"C","Content":"吸食、注射毒品的种类和成瘾程度"},{"Sign":"D","Content":"吸食、注射毒品的时间"}]},{"QuestionID":263,"QuestionType":"禁毒知识","Content":"我们的爸爸、妈妈、爷爷、奶奶都可以喝酒，所以我们也可以喝酒。（  ）","Score":5,"Options":[{"Sign":"A","Content":"正确"},{"Sign":"B","Content":"错误"}]},{"QuestionID":7,"QuestionType":"禁毒知识","Content":"苯丙胺因其纯品无色透明，像冰一样，故俗称“冰毒”。","Score":5,"Options":[{"Sign":"A","Content":"正确"},{"Sign":"B","Content":"错误"}]},{"QuestionID":210,"QuestionType":"禁毒知识","Content":"罂粟籽属于一种毒品原料。","Score":5,"Options":[{"Sign":"A","Content":"正确"},{"Sign":"B","Content":"错误"}]},{"QuestionID":323,"QuestionType":"禁毒知识","Content":"对戒毒人员戒毒的个人信息应当依法予以保密。对戒断3年未复吸的人员，不再实行动态管控。","Score":5,"Options":[{"Sign":"A","Content":"正确"},{"Sign":"B","Content":"错误"}]},{"QuestionID":198,"QuestionType":"禁毒知识","Content":"下列选项中对我国毒品消费形势表述正确的是 。（  ）","Score":5,"Options":[{"Sign":"A","Content":"毒品消费者市场逐步减少"},{"Sign":"B","Content":"35岁以下青少年吸毒人数约比高"},{"Sign":"C","Content":"吸食合成毒品的人数下降"},{"Sign":"D","Content":"吸毒人数减少"}]},{"QuestionID":92,"QuestionType":"禁毒知识","Content":"国家对麻醉药品、精神药品和易制毒化学品的进口、出口实行许可制度。国务院有关部门应当按照规定的职责，对进口、出口麻醉药品、精神药品和易制毒化学品依法进行管理。禁止走私麻醉药品、精神药品和易制毒化学品。以上说法正确吗？（  ）","Score":5,"Options":[{"Sign":"A","Content":"正确"},{"Sign":"B","Content":"错误"}]},{"QuestionID":318,"QuestionType":"禁毒知识","Content":"吸毒的方式有（　）。","Score":5,"Options":[{"Sign":"A","Content":"通过呼吸道"},{"Sign":"B","Content":"通过消化道"},{"Sign":"C","Content":"静脉注射"},{"Sign":"D","Content":"以上选项都是"}]}]}