{"RandomPaperID":222,"Questions":[{"QuestionID":418,"QuestionType":"禁毒知识","Content":"只要自己的吸毒行为没有危害到社会、家庭和他人的生活，就是合法的。以上说法正确吗？","Score":5,"Options":[{"Sign":"A","Content":"正确"},{"Sign":"B","Content":"错误"}]},{"QuestionID":354,"QuestionType":"禁毒知识","Content":"一位“朋友”以“参加朋友聚会”为由将你带至他的家中，然后提出玩点“小刺激”，引诱你使用某种物品，你应该选择的拒绝方式是（  ）","Score":5,"Options":[{"Sign":"A","Content":"直接说不"},{"Sign":"B","Content":"寻找借口离开"},{"Sign":"C","Content":"提出新建议"},{"Sign":"D","Content":"ABC都是"}]},{"QuestionID":376,"QuestionType":"禁毒知识","Content":"罂粟壳是罂粟的成熟干燥果壳，呈椭圆形或瓶状卵形，残留有吗啡等成分。","Score":5,"Options":[{"Sign":"A","Content":"正确"},{"Sign":"B","Content":"错误"}]},{"QuestionID":283,"QuestionType":"禁毒知识","Content":"吸毒如果仅仅偶尔吸一两次，一般都不会上瘾。这种说法（  ）","Score":5,"Options":[{"Sign":"A","Content":"正确"},{"Sign":"B","Content":"错误"}]},{"QuestionID":307,"QuestionType":"禁毒知识","Content":"下列那种毒品常用鼻吸的方式吸食？（  ）","Score":5,"Options":[{"Sign":"A","Content":"麻古"},{"Sign":"B","Content":"古柯"},{"Sign":"C","Content":"K粉"},{"Sign":"D","Content":"冰毒"}]},{"QuestionID":77,"QuestionType":"禁毒知识","Content":"根据（　） 需要，依法可以生产、经营、使用、储存、运输麻醉药品和精神药品。","Score":5,"Options":[{"Sign":"A","Content":"医疗、教学、及科研"},{"Sign":"B","Content":"宣传"},{"Sign":"C","Content":"消费市场"},{"Sign":"D","Content":"大众生活"}]},{"QuestionID":432,"QuestionType":"禁毒知识","Content":"学校是毒品预防教育的主阵地，课堂是主渠道","Score":5,"Options":[{"Sign":"A","Content":"正确"},{"Sign":"B","Content":"错误"}]},{"QuestionID":245,"QuestionType":"禁毒知识","Content":"为全面禁绝毒品危害，联合国于（　）年确立了“有效减少毒品需求”的禁毒战略。（  ）","Score":5,"Options":[{"Sign":"A","Content":"1990"},{"Sign":"B","Content":"1992"},{"Sign":"C","Content":"1995"},{"Sign":"D","Content":"1998"}]},{"QuestionID":158,"QuestionType":"禁毒知识","Content":"如果外国人在中国违法犯罪，中国根据属地管辖原则，有权对其违法犯罪行为进行处罚；该外国人所属国的法律规定了有属人管辖原则的，我国无法对该外国人在中国的犯罪行为进行处罚。","Score":5,"Options":[{"Sign":"A","Content":"正确"},{"Sign":"B","Content":"错误"}]},{"QuestionID":260,"QuestionType":"禁毒知识","Content":"我国目前吸毒人员主要以吸食海洛因为主，大约占70%以上。","Score":5,"Options":[{"Sign":"A","Content":"正确"},{"Sign":"B","Content":"错误"}]},{"QuestionID":110,"QuestionType":"禁毒知识","Content":"接受社区戒毒的戒毒人员应当遵守法律、法规，自觉履行( )，并根据公安机关的要求，定期接受检测。","Score":5,"Options":[{"Sign":"A","Content":"社区戒毒保证"},{"Sign":"B","Content":"社区戒毒约定"},{"Sign":"C","Content":"社区戒毒协议"}]},{"QuestionID":300,"QuestionType":"禁毒知识","Content":"吸食注射毒品成瘾的，应当戒除毒瘾。","Score":5,"Options":[{"Sign":"A","Content":"正确"},{"Sign":"B","Content":"错误"}]},{"QuestionID":187,"QuestionType":"禁毒知识","Content":"吸毒人员主动到公安机关登记或者到有资质的医疗机构接受戒毒治疗的（ ）。","Score":5,"Options":[{"Sign":"A","Content":"应当处罚"},{"Sign":"B","Content":"可以处罚"},{"Sign":"C","Content":"不予处罚"}]},{"QuestionID":355,"QuestionType":"禁毒知识","Content":"医务人员可为自己开处方使用麻醉药品。","Score":5,"Options":[{"Sign":"A","Content":"正确"},{"Sign":"B","Content":"错误"}]},{"QuestionID":186,"QuestionType":"禁毒知识","Content":"吸毒人员既是病人又是(　　)。","Score":5,"Options":[{"Sign":"A","Content":"正常人"},{"Sign":"B","Content":"受害者、违法者"},{"Sign":"C","Content":"罪犯"},{"Sign":"D","Content":"违法者"}]},{"QuestionID":340,"QuestionType":"禁毒知识","Content":"鸦片最初是医用药物，主要用于镇咳止泻，后来被人们作为毒品吸食。","Score":5,"Options":[{"Sign":"A","Content":"正确"},{"Sign":"B","Content":"错误"}]},{"QuestionID":266,"QuestionType":"禁毒知识","Content":"吸毒成瘾人员的认定是依据那些有吸毒病史，有依赖性表现，停用或减少用量会出现戒断综合征，再次适量给予此类物质可使戒断综合征立即消失，通常药物尿检（  ）反应。","Score":5,"Options":[{"Sign":"A","Content":"呈阴性"},{"Sign":"B","Content":"呈阳性"}]},{"QuestionID":424,"QuestionType":"禁毒知识","Content":"中宣部、中央网信办、公安部等14个部门联合制定的《全国青少年毒品预防教育工作规划（2016——2018）》规定，力争用3年时间，使省级禁毒办专门从事毒品预防教育工作的在编人员不得少于本部门在编总人数的（）。","Score":5,"Options":[{"Sign":"A","Content":"10%"},{"Sign":"B","Content":"15%"},{"Sign":"C","Content":"20%"},{"Sign":"D","Content":"25%"}]},{"QuestionID":22,"QuestionType":"禁毒知识","Content":"《禁毒法》规定，禁止非法（  ）麻醉药品、精神药品和易制毒化学品的制造方法。公安机关接到举报或者发现此类情况，应当及时依法查处。","Score":5,"Options":[{"Sign":"A","Content":"贩卖"},{"Sign":"B","Content":"传播"},{"Sign":"C","Content":"传授"},{"Sign":"D","Content":"获取"}]},{"QuestionID":388,"QuestionType":"禁毒知识","Content":"预防吸毒的有效措施有（　） 。","Score":5,"Options":[{"Sign":"A","Content":"远离特殊人群、特殊场所、特殊嗜好"},{"Sign":"B","Content":"毒品知识的教育，认清毒品的危害"},{"Sign":"C","Content":"不结交社会上的吸毒朋友"},{"Sign":"D","Content":"以上选项都是"}]}]}