{"RandomPaperID":225,"Questions":[{"QuestionID":167,"QuestionType":"禁毒知识","Content":"身体脱毒只是戒毒过程的第一步，最根本上的是要彻底摆脱（　）才能达到彻底康复。","Score":5,"Options":[{"Sign":"A","Content":"生理依赖性"},{"Sign":"B","Content":"戒断反应"},{"Sign":"C","Content":"心瘾"},{"Sign":"D","Content":"身体不适"}]},{"QuestionID":330,"QuestionType":"禁毒知识","Content":"新闻、出版、文化、广播、电影、电视等有关单位，应当有针对性地面向社会进行禁毒宣传教育。","Score":5,"Options":[{"Sign":"A","Content":"正确"},{"Sign":"B","Content":"错误"}]},{"QuestionID":242,"QuestionType":"禁毒知识","Content":"王某在多次贩毒后，因畏惧法律的严惩，主动前往公安机关投案并如实供述了自己的犯罪事实，对他可以（  ）。","Score":5,"Options":[{"Sign":"A","Content":"从轻或减轻处罚"},{"Sign":"B","Content":"从重处罚"}]},{"QuestionID":138,"QuestionType":"禁毒知识","Content":"蘑菇是一种蔬菜。郊外雨后的草地上长出了漂亮的新鲜蘑菇，所以我们可以把这些漂亮的野蘑菇随便采回家里做菜吃。（  ）","Score":5,"Options":[{"Sign":"A","Content":"正确"},{"Sign":"B","Content":"错误"}]},{"QuestionID":287,"QuestionType":"禁毒知识","Content":"吸毒者不健康的心理有盲目好奇、慕虚荣、赶时髦、追求刺激和享乐、赌气或逆反、无知和轻信、自暴自弃。","Score":5,"Options":[{"Sign":"A","Content":"正确"},{"Sign":"B","Content":"错误"}]},{"QuestionID":39,"QuestionType":"禁毒知识","Content":"从毒品对人的中枢神经的作用看，可分为抑制剂、致幻剂和兴奋剂等，其中属于抑制剂的毒品种类是（  ）。","Score":5,"Options":[{"Sign":"A","Content":"巴比妥类"},{"Sign":"B","Content":"苯丙胺类"},{"Sign":"C","Content":"麦司卡林"},{"Sign":"D","Content":"LSD"}]},{"QuestionID":2,"QuestionType":"禁毒知识","Content":"鸦片是一种无色、无味的物质。","Score":5,"Options":[{"Sign":"A","Content":"正确"},{"Sign":"B","Content":"错误"}]},{"QuestionID":139,"QuestionType":"禁毒知识","Content":"奶油气弹实际上就是氧化亚氮即笑气。","Score":5,"Options":[{"Sign":"A","Content":"正确"},{"Sign":"B","Content":"错误"}]},{"QuestionID":199,"QuestionType":"禁毒知识","Content":"下列原因中，在吸毒人群中初次吸毒比例最高的是（  ）。","Score":5,"Options":[{"Sign":"A","Content":"好奇心驱使"},{"Sign":"B","Content":"他人引诱"},{"Sign":"C","Content":"取乐解闷"},{"Sign":"D","Content":"D赶时髦"}]},{"QuestionID":360,"QuestionType":"禁毒知识","Content":"以下哪些是我国刑法所界定的毒品？（  ）","Score":5,"Options":[{"Sign":"A","Content":"鸦片、海洛因、甲基苯丙胺(冰毒)、吗啡、大麻、可卡因"},{"Sign":"B","Content":"挥发性溶剂"},{"Sign":"C","Content":"烟草、酒精"}]},{"QuestionID":28,"QuestionType":"禁毒知识","Content":"《中华人民共和国刑法》规定，毒品的数量以（  ）属实的走私、贩卖、运输、制造、非法持有毒品的数量计算，不以纯度折算。","Score":5,"Options":[{"Sign":"A","Content":"缴获"},{"Sign":"B","Content":"检查"},{"Sign":"C","Content":"查证"},{"Sign":"D","Content":"收缴"}]},{"QuestionID":141,"QuestionType":"禁毒知识","Content":"你的好朋友给你一种样子像糖果的东西，说特别好玩，让你尝尝。你的选择应该是：（ ）","Score":5,"Options":[{"Sign":"A","Content":"相信朋友不会害你，直接吞下"},{"Sign":"B","Content":"不想吃，但是碍于朋友之间的面子，勉强吃了。"},{"Sign":"C","Content":"拒绝或者收下但是不会吃。因为对于任何要摄入体内的东西在没有确定是否安全的情况下绝不能服用。即使是朋友可能也不知道或者没有意识到他给你的东西是有害的。"}]},{"QuestionID":407,"QuestionType":"禁毒知识","Content":"长久以来，有人认为若只是偶尔吸食毒品，对于吸食者是不会成瘾。其实这个说法是错误的。","Score":5,"Options":[{"Sign":"A","Content":"正确"},{"Sign":"B","Content":"错误"}]},{"QuestionID":116,"QuestionType":"禁毒知识","Content":"戒毒药品可随意提供戒毒医疗机构开展戒毒治疗使用。","Score":5,"Options":[{"Sign":"A","Content":"正确"},{"Sign":"B","Content":"错误"}]},{"QuestionID":329,"QuestionType":"禁毒知识","Content":"心理治疗在戒毒过程中有着重要的作用。","Score":5,"Options":[{"Sign":"A","Content":"正确"},{"Sign":"B","Content":"错误"}]},{"QuestionID":424,"QuestionType":"禁毒知识","Content":"中宣部、中央网信办、公安部等14个部门联合制定的《全国青少年毒品预防教育工作规划（2016——2018）》规定，力争用3年时间，使省级禁毒办专门从事毒品预防教育工作的在编人员不得少于本部门在编总人数的（）。","Score":5,"Options":[{"Sign":"A","Content":"10%"},{"Sign":"B","Content":"15%"},{"Sign":"C","Content":"20%"},{"Sign":"D","Content":"25%"}]},{"QuestionID":26,"QuestionType":"禁毒知识","Content":"《刑法》规定非法种植罂粟（　） 株以上构成犯罪。","Score":5,"Options":[{"Sign":"A","Content":"1000"},{"Sign":"B","Content":"500"},{"Sign":"C","Content":"5000"},{"Sign":"D","Content":"8000"}]},{"QuestionID":384,"QuestionType":"禁毒知识","Content":"有人认为长期吸毒才会上瘾，偶尔吸几次不会上瘾。","Score":5,"Options":[{"Sign":"A","Content":"正确"},{"Sign":"B","Content":"错误"}]},{"QuestionID":126,"QuestionType":"禁毒知识","Content":"李某发现儿子小强吸毒后，便将其关在家中，并与家人轮流看守令其戒毒。起初，断了毒品的小强呼天喊地，半个月后，小强又恢复了正常。试问小强是否已全部戒除毒瘾？（  ）","Score":5,"Options":[{"Sign":"A","Content":"已完全戒断毒瘾"},{"Sign":"B","Content":"只戒断生理上毒瘾"}]},{"QuestionID":151,"QuestionType":"禁毒知识","Content":"青少年如何防止吸毒?（  ）","Score":5,"Options":[{"Sign":"A","Content":"接受毒品基本知识和禁毒法律法规教育"},{"Sign":"B","Content":"树立正确的人生观，不盲目追求享受"},{"Sign":"C","Content":"不听信毒品能治病，毒品能解脱烦恼和痛苦"},{"Sign":"D","Content":"以上选项都是"}]}]}