{"RandomPaperID":229,"Questions":[{"QuestionID":428,"QuestionType":"禁毒知识","Content":"朱某将盗窃的毒品卖给周某，朱某构成（ ）。","Score":5,"Options":[{"Sign":"A","Content":"盗窃罪"},{"Sign":"B","Content":"贩卖毒品罪"},{"Sign":"C","Content":"盗窃罪和贩卖毒品罪,数罪并罚"}]},{"QuestionID":412,"QuestionType":"禁毒知识","Content":"长期吸食鸦片会使人先天免疫力丧失，非常容易感染各种疾病。","Score":5,"Options":[{"Sign":"A","Content":"正确"},{"Sign":"B","Content":"错误"}]},{"QuestionID":286,"QuestionType":"禁毒知识","Content":"吸毒者把可卡因称作“自由垒”或者“快乐客”。","Score":5,"Options":[{"Sign":"A","Content":"正确"},{"Sign":"B","Content":"错误"}]},{"QuestionID":19,"QuestionType":"禁毒知识","Content":"《禁毒法》规定，国家对麻醉药品和精神药品实行管制，对麻醉药品和精神药品的实验研究、生产、经营、使用、储存、运输实行（  ）制度。","Score":5,"Options":[{"Sign":"A","Content":"审批"},{"Sign":"B","Content":"审核和检查"},{"Sign":"C","Content":"许可和查验"},{"Sign":"D","Content":"以上答案都不正确"}]},{"QuestionID":158,"QuestionType":"禁毒知识","Content":"如果外国人在中国违法犯罪，中国根据属地管辖原则，有权对其违法犯罪行为进行处罚；该外国人所属国的法律规定了有属人管辖原则的，我国无法对该外国人在中国的犯罪行为进行处罚。","Score":5,"Options":[{"Sign":"A","Content":"正确"},{"Sign":"B","Content":"错误"}]},{"QuestionID":393,"QuestionType":"禁毒知识","Content":"依据毒品对于大脑中枢神经的作用，杜冷丁属于（  ）。","Score":5,"Options":[{"Sign":"A","Content":"兴奋类"},{"Sign":"B","Content":"抑制剂"},{"Sign":"C","Content":"致幻剂"}]},{"QuestionID":111,"QuestionType":"禁毒知识","Content":"戒毒人员可以自愿在戒毒康复场所生活、劳动。戒毒康复场所组织戒毒人员参加生产劳动的，应当参照国家劳动用工制度的规定支付劳动报酬。以上说法正确吗？（  ）","Score":5,"Options":[{"Sign":"A","Content":"正确"},{"Sign":"B","Content":"错误"}]},{"QuestionID":236,"QuestionType":"禁毒知识","Content":"世界上最大的可卡因产地是哪里？（  ）","Score":5,"Options":[{"Sign":"A","Content":"金三角"},{"Sign":"B","Content":"金新月"},{"Sign":"C","Content":"银三角"},{"Sign":"D","Content":"贝卡谷地"}]},{"QuestionID":18,"QuestionType":"禁毒知识","Content":"《禁毒法》规定，国家采取各种措施帮助吸毒人员戒除毒瘾，（  ）吸毒人员。吸毒成瘾人员应当进行戒毒治疗。","Score":5,"Options":[{"Sign":"A","Content":"打击处理"},{"Sign":"B","Content":"依法惩治"},{"Sign":"C","Content":"教育和挽救"},{"Sign":"D","Content":"收容看管"}]},{"QuestionID":408,"QuestionType":"禁毒知识","Content":"长期滥用冰毒等苯丙胺类兴奋剂可导致慢性精神障碍，又称苯丙胺性精神病。这种说法对不对？","Score":5,"Options":[{"Sign":"A","Content":"正确"},{"Sign":"B","Content":"错误"}]},{"QuestionID":310,"QuestionType":"禁毒知识","Content":"下列属于合成毒品的是（ ）","Score":5,"Options":[{"Sign":"A","Content":"大麻"},{"Sign":"B","Content":"海洛因"},{"Sign":"C","Content":"K粉"},{"Sign":"D","Content":"北美仙人球"}]},{"QuestionID":83,"QuestionType":"禁毒知识","Content":"根据我国《禁毒法》之规定，目前我国的禁毒模式共有自愿戒毒、社区戒毒、强制隔离戒毒三种。","Score":5,"Options":[{"Sign":"A","Content":"正确"},{"Sign":"B","Content":"错误"}]},{"QuestionID":299,"QuestionType":"禁毒知识","Content":"吸食新型合成毒品后，只要自己注意，不可能染上性病或艾滋病。","Score":5,"Options":[{"Sign":"A","Content":"正确"},{"Sign":"B","Content":"错误"}]},{"QuestionID":330,"QuestionType":"禁毒知识","Content":"新闻、出版、文化、广播、电影、电视等有关单位，应当有针对性地面向社会进行禁毒宣传教育。","Score":5,"Options":[{"Sign":"A","Content":"正确"},{"Sign":"B","Content":"错误"}]},{"QuestionID":54,"QuestionType":"禁毒知识","Content":"毒品是使用后能够产生（　）的物质。","Score":5,"Options":[{"Sign":"A","Content":"危害性"},{"Sign":"B","Content":"依赖性"},{"Sign":"C","Content":"兴奋性"},{"Sign":"D","Content":"抑制性"}]},{"QuestionID":382,"QuestionType":"禁毒知识","Content":"由于吸毒者极易感染各种疾病，包括性病，丙型肝炎等，注射毒品是传染（　） 的主要途径。","Score":5,"Options":[{"Sign":"A","Content":"痢疾"},{"Sign":"B","Content":"艾滋病"},{"Sign":"C","Content":"肺病"}]},{"QuestionID":339,"QuestionType":"禁毒知识","Content":"鸦片是罂粟植物的（　） 。","Score":5,"Options":[{"Sign":"A","Content":"种子碾碎后或花粉的提取物"},{"Sign":"B","Content":"果实未成熟时，割浆后的提取物"},{"Sign":"C","Content":"种子碾碎后的提取物"},{"Sign":"D","Content":"花粉的提取物"}]},{"QuestionID":277,"QuestionType":"禁毒知识","Content":"吸毒会耗费越来越多的家庭财产。","Score":5,"Options":[{"Sign":"A","Content":"正确"},{"Sign":"B","Content":"错误"}]},{"QuestionID":12,"QuestionType":"禁毒知识","Content":"吸毒成瘾人员自愿接受强制隔离戒毒的，经公安机关同意，可以进入强制隔离戒毒场所戒毒。","Score":5,"Options":[{"Sign":"A","Content":"正确"},{"Sign":"B","Content":"错误"}]},{"QuestionID":251,"QuestionType":"禁毒知识","Content":"《中华人民共和国禁毒法》（　）规定了毒品的定义？（  ）","Score":5,"Options":[{"Sign":"A","Content":"第1条"},{"Sign":"B","Content":"第2条"},{"Sign":"C","Content":"第3条"}]}]}