{"RandomPaperID":23,"Questions":[{"QuestionID":269,"QuestionType":"禁毒知识","Content":"吸毒的人不会长寿。","Score":5,"Options":[{"Sign":"A","Content":"正确"},{"Sign":"B","Content":"错误"}]},{"QuestionID":326,"QuestionType":"禁毒知识","Content":"小王在网上及微信群里教人制作毒品的方法，但他自己从来没有吸毒、贩毒和制毒，所以他仅仅算是传播了毒品的相关知识，并不算违法。这种说法正确吗？（  ）。","Score":5,"Options":[{"Sign":"A","Content":"正确"},{"Sign":"B","Content":"错误"}]},{"QuestionID":42,"QuestionType":"禁毒知识","Content":"当发现有人可能正在吸毒或实施涉及毒品的违法犯罪行为时，应该 （  ）。","Score":5,"Options":[{"Sign":"A","Content":"尽快离开，确保安全情况下报警"},{"Sign":"B","Content":"事不关己"},{"Sign":"C","Content":"好奇上前去看个究竟"},{"Sign":"D","Content":"马上阻止其违法犯罪行为"}]},{"QuestionID":286,"QuestionType":"禁毒知识","Content":"吸毒者把可卡因称作“自由垒”或者“快乐客”。","Score":5,"Options":[{"Sign":"A","Content":"正确"},{"Sign":"B","Content":"错误"}]},{"QuestionID":4,"QuestionType":"禁毒知识","Content":"“金三角”是指泰国、缅甸、（ ）。","Score":5,"Options":[{"Sign":"A","Content":"老挝"},{"Sign":"B","Content":"越南"},{"Sign":"C","Content":"柬埔寨"},{"Sign":"D","Content":"印度"}]},{"QuestionID":321,"QuestionType":"禁毒知识","Content":"下面关于大麻的说法哪个不对？（  ）","Score":5,"Options":[{"Sign":"A","Content":"大麻在许多国家都不算毒品，不会成瘾，对人体没有什么危害，偶尔尝一下没关系。"},{"Sign":"B","Content":"大麻是世界范围内滥用最严重的毒品之一。"},{"Sign":"C","Content":"长期使用大麻容易成瘾并引发痴呆。"}]},{"QuestionID":77,"QuestionType":"禁毒知识","Content":"根据（　） 需要，依法可以生产、经营、使用、储存、运输麻醉药品和精神药品。","Score":5,"Options":[{"Sign":"A","Content":"医疗、教学、及科研"},{"Sign":"B","Content":"宣传"},{"Sign":"C","Content":"消费市场"},{"Sign":"D","Content":"大众生活"}]},{"QuestionID":143,"QuestionType":"禁毒知识","Content":"你认为一个家庭如何才能“远离毒品”？（  ）","Score":5,"Options":[{"Sign":"A","Content":"自己拒绝毒品，向父母和亲属介绍毒品常识，提醒他们千万不要尝试毒品"},{"Sign":"B","Content":"不去沾毒品，也不关心毒品"},{"Sign":"C","Content":"自己不去碰毒品就行"},{"Sign":"D","Content":"自己树立防毒意识"}]},{"QuestionID":154,"QuestionType":"禁毒知识","Content":"曲马多是鸦片类物质，主要用作镇痛药，大剂量服用可在短期内上瘾，而它的危害主要表现为（　） 。","Score":5,"Options":[{"Sign":"A","Content":"全身关节疼痛"},{"Sign":"B","Content":"焦虑不安、伴随记忆力下降"},{"Sign":"C","Content":"食欲下降、体重减轻"},{"Sign":"D","Content":"以上A.B.C三项表述均正确"}]},{"QuestionID":258,"QuestionType":"禁毒知识","Content":"我国列管的麻醉药品一共有多少种？（  ）","Score":5,"Options":[{"Sign":"A","Content":"53种"},{"Sign":"B","Content":"79种"},{"Sign":"C","Content":"132种"},{"Sign":"D","Content":"121种"}]},{"QuestionID":336,"QuestionType":"禁毒知识","Content":"鸦片，俗称大烟、福寿膏、阿芙蓉等，医学名阿片。其滥用方式为口吸，是一种传统麻醉品，具有保健作用。","Score":5,"Options":[{"Sign":"A","Content":"正确"},{"Sign":"B","Content":"错误"}]},{"QuestionID":198,"QuestionType":"禁毒知识","Content":"下列选项中对我国毒品消费形势表述正确的是 。（  ）","Score":5,"Options":[{"Sign":"A","Content":"毒品消费者市场逐步减少"},{"Sign":"B","Content":"35岁以下青少年吸毒人数约比高"},{"Sign":"C","Content":"吸食合成毒品的人数下降"},{"Sign":"D","Content":"吸毒人数减少"}]},{"QuestionID":43,"QuestionType":"禁毒知识","Content":"当有人威胁我们吸毒时，要将情况主动告知家长和学校，或者打110报警，寻求帮助。","Score":5,"Options":[{"Sign":"A","Content":"正确"},{"Sign":"B","Content":"错误"}]},{"QuestionID":352,"QuestionType":"禁毒知识","Content":"要想真正远离毒品，我们首先就必须要了解人们选择吸食毒品之原因。","Score":5,"Options":[{"Sign":"A","Content":"正确"},{"Sign":"B","Content":"错误"}]},{"QuestionID":103,"QuestionType":"禁毒知识","Content":"海洛因吸毒者的典型体征是（　）。","Score":5,"Options":[{"Sign":"A","Content":"瞳孔缩小呈针尖样"},{"Sign":"B","Content":"瞳孔放大，不聚光"},{"Sign":"C","Content":"身体瘦弱"},{"Sign":"D","Content":"身体浮肿"}]},{"QuestionID":358,"QuestionType":"禁毒知识","Content":"以下不属于吸毒检测程序的是（  ）。","Score":5,"Options":[{"Sign":"A","Content":"现场检测"},{"Sign":"B","Content":"现场复检"},{"Sign":"C","Content":"实验室检测"}]},{"QuestionID":327,"QuestionType":"禁毒知识","Content":"小王邀约多人，多次在小李家里吸毒，虽然小李知道吸毒是违法行为，但小李本人没有吸毒，所以小李不要承担任何法律责任。","Score":5,"Options":[{"Sign":"A","Content":"正确"},{"Sign":"B","Content":"错误"}]},{"QuestionID":347,"QuestionType":"禁毒知识","Content":"药物滥用一词是上世纪60年代中期国际社会上开始采用的专有名词，它与我们平时所说的“滥用抗生素”、“滥用激素”等的概念截然不同。","Score":5,"Options":[{"Sign":"A","Content":"正确"},{"Sign":"B","Content":"错误"}]},{"QuestionID":195,"QuestionType":"禁毒知识","Content":"下列哪个不属于吸毒者吸食毒品的方式？（  ）","Score":5,"Options":[{"Sign":"A","Content":"吸入式"},{"Sign":"B","Content":"口服式"},{"Sign":"C","Content":"静脉注射式"},{"Sign":"D","Content":"滴入式"}]},{"QuestionID":248,"QuestionType":"禁毒知识","Content":"卫生行政部门应当加强对强制隔离戒毒场所执业医师的业务指导和监督管理。","Score":5,"Options":[{"Sign":"A","Content":"正确"},{"Sign":"B","Content":"错误"}]}]}