{"RandomPaperID":234,"Questions":[{"QuestionID":251,"QuestionType":"禁毒知识","Content":"《中华人民共和国禁毒法》（　）规定了毒品的定义？（  ）","Score":5,"Options":[{"Sign":"A","Content":"第1条"},{"Sign":"B","Content":"第2条"},{"Sign":"C","Content":"第3条"}]},{"QuestionID":42,"QuestionType":"禁毒知识","Content":"当发现有人可能正在吸毒或实施涉及毒品的违法犯罪行为时，应该 （  ）。","Score":5,"Options":[{"Sign":"A","Content":"尽快离开，确保安全情况下报警"},{"Sign":"B","Content":"事不关己"},{"Sign":"C","Content":"好奇上前去看个究竟"},{"Sign":"D","Content":"马上阻止其违法犯罪行为"}]},{"QuestionID":419,"QuestionType":"禁毒知识","Content":"止咳露（或止咳水）只是一种常见的中成药，大量服用不会形成药物依赖。这种说法","Score":5,"Options":[{"Sign":"A","Content":"正确"},{"Sign":"B","Content":"错误"}]},{"QuestionID":27,"QuestionType":"禁毒知识","Content":"《中华人民共和国禁毒法》自（ ）起施行。","Score":5,"Options":[{"Sign":"A","Content":"2007年12月29日"},{"Sign":"B","Content":"2008年1月1日"},{"Sign":"C","Content":"2008年6月1日"},{"Sign":"D","Content":"2008年6月26日"}]},{"QuestionID":334,"QuestionType":"禁毒知识","Content":"学生也有一份禁毒的责任。","Score":5,"Options":[{"Sign":"A","Content":"正确"},{"Sign":"B","Content":"错误"}]},{"QuestionID":4,"QuestionType":"禁毒知识","Content":"“金三角”是指泰国、缅甸、（ ）。","Score":5,"Options":[{"Sign":"A","Content":"老挝"},{"Sign":"B","Content":"越南"},{"Sign":"C","Content":"柬埔寨"},{"Sign":"D","Content":"印度"}]},{"QuestionID":402,"QuestionType":"禁毒知识","Content":"在医学上用作麻醉剂的是（　）。","Score":5,"Options":[{"Sign":"A","Content":"大麻"},{"Sign":"B","Content":"芬太尼"},{"Sign":"C","Content":"麻古"},{"Sign":"D","Content":"海洛因"}]},{"QuestionID":248,"QuestionType":"禁毒知识","Content":"卫生行政部门应当加强对强制隔离戒毒场所执业医师的业务指导和监督管理。","Score":5,"Options":[{"Sign":"A","Content":"正确"},{"Sign":"B","Content":"错误"}]},{"QuestionID":76,"QuestionType":"禁毒知识","Content":"各级人民政府应当建立毒品违法犯罪举报制度。","Score":5,"Options":[{"Sign":"A","Content":"正确"},{"Sign":"B","Content":"错误"}]},{"QuestionID":41,"QuestionType":"禁毒知识","Content":"大麻类毒品的主要活性成分是四氢大麻酚。","Score":5,"Options":[{"Sign":"A","Content":"正确"},{"Sign":"B","Content":"错误"}]},{"QuestionID":64,"QuestionType":"禁毒知识","Content":"对自愿接受戒毒治疗的吸毒人员，公安机关对其原吸毒行为可（　）。","Score":5,"Options":[{"Sign":"A","Content":"减轻处罚"},{"Sign":"B","Content":"不予处罚"},{"Sign":"C","Content":"从重处罚"}]},{"QuestionID":323,"QuestionType":"禁毒知识","Content":"对戒毒人员戒毒的个人信息应当依法予以保密。对戒断3年未复吸的人员，不再实行动态管控。","Score":5,"Options":[{"Sign":"A","Content":"正确"},{"Sign":"B","Content":"错误"}]},{"QuestionID":21,"QuestionType":"禁毒知识","Content":"《禁毒法》规定，教育行政部门、（  ）应当将禁毒知识纳入教育、教学内容，对学生进行禁毒宣传教育。公安机关、司法行政部门和卫生行政部门应当予以协助。","Score":5,"Options":[{"Sign":"A","Content":"学校"},{"Sign":"B","Content":"中小学校"},{"Sign":"C","Content":"大专院校"},{"Sign":"D","Content":"B和C"}]},{"QuestionID":212,"QuestionType":"禁毒知识","Content":"娱乐场所及其（  ）实施毒品违法犯罪行为，或者为进入娱乐场所的人员实施毒品违法犯罪行为提供条件，构成犯罪的，依法追究刑事责任；尚不构成犯罪的，依照有关法律、行政法规的规定给予处罚。","Score":5,"Options":[{"Sign":"A","Content":"法人"},{"Sign":"B","Content":"投资方"},{"Sign":"C","Content":"经理"},{"Sign":"D","Content":"从业人员"}]},{"QuestionID":146,"QuestionType":"禁毒知识","Content":"强制隔离戒毒的期限为（ ）。","Score":5,"Options":[{"Sign":"A","Content":"1年"},{"Sign":"B","Content":"2年"},{"Sign":"C","Content":"3年"},{"Sign":"D","Content":"6个月"}]},{"QuestionID":230,"QuestionType":"禁毒知识","Content":"社区戒毒与社区康复是具有限制人身自由的行政强制措施。","Score":5,"Options":[{"Sign":"A","Content":"正确"},{"Sign":"B","Content":"错误"}]},{"QuestionID":249,"QuestionType":"禁毒知识","Content":"未成年人的父母或者其他监护人应当对未成年人进行毒品危害的教育，防止其吸食、注射毒品或者进行其他毒品违法犯罪活动。","Score":5,"Options":[{"Sign":"A","Content":"正确"},{"Sign":"B","Content":"错误"}]},{"QuestionID":194,"QuestionType":"禁毒知识","Content":"下列不属于戒毒措施的是（  ）。","Score":5,"Options":[{"Sign":"A","Content":"强制隔离戒毒"},{"Sign":"B","Content":"社区康复"},{"Sign":"C","Content":"自愿戒毒"},{"Sign":"D","Content":"治安拘留"}]},{"QuestionID":196,"QuestionType":"禁毒知识","Content":"下列那种表述符合毒品可卡因的危害？（  ）","Score":5,"Options":[{"Sign":"A","Content":"皮下虫行蚁走感，奇痒难忍,造成严重抓伤甚至断肢自残,情绪不稳定,容易引发暴力或攻击行为"},{"Sign":"B","Content":"情感冲动、性欲亢进、嗜舞"},{"Sign":"C","Content":"偏执、妄想、自我约束力下降"},{"Sign":"D","Content":"嗜睡，精神萎靡"}]},{"QuestionID":183,"QuestionType":"禁毒知识","Content":"吸毒的危害有哪些方面？（  ）","Score":5,"Options":[{"Sign":"A","Content":"危害个人，包括：摧残人的身体、扭曲人格、引发自伤、自残、自杀的行为、传播疾病等。"},{"Sign":"B","Content":"危害家庭，包括：对家庭成员身心摧残、导致倾家荡产、家破人亡、贻害后代等。"},{"Sign":"C","Content":"危害社会，包括：诱发违法犯罪、影响国民素质、吞噬社会巨额财富、影响国计民生等。"},{"Sign":"D","Content":"A.B和C"}]}]}