{"RandomPaperID":236,"Questions":[{"QuestionID":44,"QuestionType":"禁毒知识","Content":"当有人以各种借口引诱你吸食毒品或尝试可能是毒品的药丸时，正确的做法是（  ）。","Score":5,"Options":[{"Sign":"A","Content":"拒绝"},{"Sign":"B","Content":"尝试"},{"Sign":"C","Content":"接受"},{"Sign":"D","Content":"犹豫不决"}]},{"QuestionID":291,"QuestionType":"禁毒知识","Content":"吸毒者在今后的人生道路上应该选择的正确生活态度是（　）。","Score":5,"Options":[{"Sign":"A","Content":"最后吸一次，以后再也不吸了"},{"Sign":"B","Content":"及时行乐，吸毒无害"},{"Sign":"C","Content":"时而坚定，时而动摇"},{"Sign":"D","Content":"戒除毒瘾，回归社会"}]},{"QuestionID":341,"QuestionType":"禁毒知识","Content":"鸦片最早是由（　）  传入中国的。（  ）","Score":5,"Options":[{"Sign":"A","Content":"阿拉伯人"},{"Sign":"B","Content":"埃及人"},{"Sign":"C","Content":"印度人"},{"Sign":"D","Content":"契丹人"}]},{"QuestionID":275,"QuestionType":"禁毒知识","Content":"吸毒行为可以通过采集当事人血液、尿液或毛发等检测出来。","Score":5,"Options":[{"Sign":"A","Content":"正确"},{"Sign":"B","Content":"错误"}]},{"QuestionID":177,"QuestionType":"禁毒知识","Content":"吸毒成瘾的认定办法，由（  ）规定。","Score":5,"Options":[{"Sign":"A","Content":"国务院卫生行政部门"},{"Sign":"B","Content":"国务院卫生行政部门、药品监督管理部门"},{"Sign":"C","Content":"国务院卫生行政部门、药品监督管理部门、公安部门"},{"Sign":"D","Content":"国务院药品监督管理部门"}]},{"QuestionID":163,"QuestionType":"禁毒知识","Content":"社区戒毒的期限为（ ）。","Score":5,"Options":[{"Sign":"A","Content":"1年"},{"Sign":"B","Content":"2年"},{"Sign":"C","Content":"3年"}]},{"QuestionID":23,"QuestionType":"禁毒知识","Content":"《禁毒法》规定，强制隔离戒毒场所应当根据戒毒人员（　）   等，对戒毒人员进行有针对性的生理、心理治疗和身体康复训练。","Score":5,"Options":[{"Sign":"A","Content":"吸食、注射毒品的方法"},{"Sign":"B","Content":"吸食、注射毒品的频次"},{"Sign":"C","Content":"吸食、注射毒品的种类和成瘾程度"},{"Sign":"D","Content":"吸食、注射毒品的时间"}]},{"QuestionID":228,"QuestionType":"禁毒知识","Content":"擅自开办戒毒脱瘾治疗业务的，由卫生部门依法予以取缔和处罚。有毒品违法犯罪行为的，应当移送公安机关处理。","Score":5,"Options":[{"Sign":"A","Content":"正确"},{"Sign":"B","Content":"错误"}]},{"QuestionID":420,"QuestionType":"禁毒知识","Content":"止咳水的主要成分虽然为可待因及麻黄碱等，但其实是一种镇咳处方药，即便非法乱用也不是吸毒。这种说法对吗？","Score":5,"Options":[{"Sign":"A","Content":"正确"},{"Sign":"B","Content":"错误"}]},{"QuestionID":60,"QuestionType":"禁毒知识","Content":"对严重违反社区戒毒协议或者在社区戒毒期间又吸食、注射毒品的，参与社区戒毒的工作人员应当（ ）。","Score":5,"Options":[{"Sign":"A","Content":"进行劝导"},{"Sign":"B","Content":"进行批评、教育"},{"Sign":"C","Content":"及时向公安机关报告"},{"Sign":"D","Content":"对其执行强制隔离戒毒"}]},{"QuestionID":241,"QuestionType":"禁毒知识","Content":"天然类毒品是指直接从毒品原植物中提取的毒品，常见的主要有大麻、鸦片、冰毒及麦司卡林等。","Score":5,"Options":[{"Sign":"A","Content":"正确"},{"Sign":"B","Content":"错误"}]},{"QuestionID":67,"QuestionType":"禁毒知识","Content":"贩卖毒品负刑事责任的年龄是（ ）。","Score":5,"Options":[{"Sign":"A","Content":"已满十八周岁"},{"Sign":"B","Content":"已满十六周岁"},{"Sign":"C","Content":"已满十四周岁"},{"Sign":"D","Content":"已满十二周岁"}]},{"QuestionID":123,"QuestionType":"禁毒知识","Content":"据我国《禁毒法》之有关规定，以下不属于我国目前禁毒模式的是（　）。","Score":5,"Options":[{"Sign":"A","Content":"家庭戒毒"},{"Sign":"B","Content":"自愿戒毒"},{"Sign":"C","Content":"强制隔离戒毒"},{"Sign":"D","Content":"社区戒毒"}]},{"QuestionID":385,"QuestionType":"禁毒知识","Content":"有人说大麻成瘾性小，偶尔吸食一两次没关系；但实际上大麻危害极大，吸食会造成“致畸、致癌、致突变”。","Score":5,"Options":[{"Sign":"A","Content":"正确"},{"Sign":"B","Content":"错误"}]},{"QuestionID":172,"QuestionType":"禁毒知识","Content":"我国《刑法》对毒品犯罪的刑事责任年龄的规定，对已满14周岁不满16周岁的人，犯贩卖毒品罪的，应当（  ）。","Score":5,"Options":[{"Sign":"A","Content":"负刑事责任"},{"Sign":"B","Content":"从轻或减轻处罚"},{"Sign":"C","Content":"不予刑事处罚"},{"Sign":"D","Content":"责令其家长或者监护人加以管教，必要时，也可以由政府收容教养"}]},{"QuestionID":130,"QuestionType":"禁毒知识","Content":"氯胺酮，是一种静脉全麻药，也用作兽用麻醉药，但是一般人只要足量接触二、三次即可上瘾，是一种极度危险的精神药品。","Score":5,"Options":[{"Sign":"A","Content":"正确"},{"Sign":"B","Content":"错误"}]},{"QuestionID":390,"QuestionType":"禁毒知识","Content":"远离毒品关键在于自己。","Score":5,"Options":[{"Sign":"A","Content":"正确"},{"Sign":"B","Content":"错误"}]},{"QuestionID":250,"QuestionType":"禁毒知识","Content":"我国《禁毒法》明确了“打击为主”的禁毒方针。","Score":5,"Options":[{"Sign":"A","Content":"正确"},{"Sign":"B","Content":"错误"}]},{"QuestionID":398,"QuestionType":"禁毒知识","Content":"在食品中掺用罂粟壳的行为，不构成犯罪，也无需进行行政处罚。","Score":5,"Options":[{"Sign":"A","Content":"正确"},{"Sign":"B","Content":"错误"}]},{"QuestionID":79,"QuestionType":"禁毒知识","Content":"根据毒品来源和生产方法不同，可分为天然毒品和（  ）。","Score":5,"Options":[{"Sign":"A","Content":"合成毒品"},{"Sign":"B","Content":"传统毒品"},{"Sign":"C","Content":"化学毒品"},{"Sign":"D","Content":"新型毒品"}]}]}