{"RandomPaperID":240,"Questions":[{"QuestionID":206,"QuestionType":"禁毒知识","Content":"以下哪种行为不予处罚。（  ）","Score":5,"Options":[{"Sign":"A","Content":"有人在自己经营的娱乐场所内吸毒，不制止、不报告"},{"Sign":"B","Content":"携带毒品原植物种子"},{"Sign":"C","Content":"非法种植毒品原植物，在收获前自动铲除"},{"Sign":"D","Content":"为走私、贩卖、运输、制造鸦片的犯罪分子提供财物"}]},{"QuestionID":179,"QuestionType":"禁毒知识","Content":"吸毒成瘾的因素有生理因素、社会因素、个人的心理因素。","Score":5,"Options":[{"Sign":"A","Content":"正确"},{"Sign":"B","Content":"错误"}]},{"QuestionID":430,"QuestionType":"禁毒知识","Content":"《全国青少年毒品预防教育规划（2016—2018）》要求，小学五年级至高中二年级每学年至少安排(  )课时毒品预防教育专题课程。","Score":5,"Options":[{"Sign":"A","Content":"1"},{"Sign":"B","Content":"2"},{"Sign":"C","Content":"3"},{"Sign":"D","Content":"4"}]},{"QuestionID":133,"QuestionType":"禁毒知识","Content":"吗啡、海洛因，如采取静脉注射的方式，1至2次即可成瘾。","Score":5,"Options":[{"Sign":"A","Content":"正确"},{"Sign":"B","Content":"错误"}]},{"QuestionID":122,"QuestionType":"禁毒知识","Content":"精神药品是指由国际禁毒公约和我国法律法规规定管制的、直接作用于人的中枢神经系统，使人兴奋或抑制，连续使用能产生依赖性的药品。","Score":5,"Options":[{"Sign":"A","Content":"正确"},{"Sign":"B","Content":"错误"}]},{"QuestionID":39,"QuestionType":"禁毒知识","Content":"从毒品对人的中枢神经的作用看，可分为抑制剂、致幻剂和兴奋剂等，其中属于抑制剂的毒品种类是（  ）。","Score":5,"Options":[{"Sign":"A","Content":"巴比妥类"},{"Sign":"B","Content":"苯丙胺类"},{"Sign":"C","Content":"麦司卡林"},{"Sign":"D","Content":"LSD"}]},{"QuestionID":388,"QuestionType":"禁毒知识","Content":"预防吸毒的有效措施有（　） 。","Score":5,"Options":[{"Sign":"A","Content":"远离特殊人群、特殊场所、特殊嗜好"},{"Sign":"B","Content":"毒品知识的教育，认清毒品的危害"},{"Sign":"C","Content":"不结交社会上的吸毒朋友"},{"Sign":"D","Content":"以上选项都是"}]},{"QuestionID":98,"QuestionType":"禁毒知识","Content":"国家确定的麻醉药品药用原植物种植企业的提取加工场所，以及国家设立的麻醉药品储存仓库，列为（  ）。","Score":5,"Options":[{"Sign":"A","Content":"国家重点工程"},{"Sign":"B","Content":"国家禁区"},{"Sign":"C","Content":"国家重点警戒目标"},{"Sign":"D","Content":"保密单位"}]},{"QuestionID":287,"QuestionType":"禁毒知识","Content":"吸毒者不健康的心理有盲目好奇、慕虚荣、赶时髦、追求刺激和享乐、赌气或逆反、无知和轻信、自暴自弃。","Score":5,"Options":[{"Sign":"A","Content":"正确"},{"Sign":"B","Content":"错误"}]},{"QuestionID":426,"QuestionType":"禁毒知识","Content":"中学生应该怎样做才能远离毒品、拒绝毒品？（  ）","Score":5,"Options":[{"Sign":"A","Content":"了解毒品的特征"},{"Sign":"B","Content":"认识到毒品的危害"},{"Sign":"C","Content":"能够辨别毒品"},{"Sign":"D","Content":"以上选项都是"}]},{"QuestionID":180,"QuestionType":"禁毒知识","Content":"吸毒成瘾人员自愿接受强制隔离戒毒的，经公安机关同意，可以进入强制隔离戒毒场所戒毒。","Score":5,"Options":[{"Sign":"A","Content":"正确"},{"Sign":"B","Content":"错误"}]},{"QuestionID":85,"QuestionType":"禁毒知识","Content":"根据我国现行法律法规，对夫妻一方在从事赌博、吸毒等违法犯罪活动中所负债务，另一方仍需承担责任。","Score":5,"Options":[{"Sign":"A","Content":"正确"},{"Sign":"B","Content":"错误"}]},{"QuestionID":342,"QuestionType":"禁毒知识","Content":"研究表明，80%以上的苯丙胺滥用者即使停止滥用最长达8-12年 ，仍有一些精神病症状，乃至精神分裂，一遇刺激便会发作。","Score":5,"Options":[{"Sign":"A","Content":"正确"},{"Sign":"B","Content":"错误"}]},{"QuestionID":213,"QuestionType":"禁毒知识","Content":"娱乐场所因违反《娱乐场所管理条例》规定，被吊销或者撤销娱乐经营许可证的，自被吊销或者撤销之日起，其法定代表人、负责人在（  ）内不得担任娱乐场所的法定代表人、负责人。","Score":5,"Options":[{"Sign":"A","Content":"二年"},{"Sign":"B","Content":"三年"},{"Sign":"C","Content":"四年"},{"Sign":"D","Content":"五年"}]},{"QuestionID":369,"QuestionType":"禁毒知识","Content":"以下说法正确的是 。（  ）","Score":5,"Options":[{"Sign":"A","Content":"合成毒品麻古的主要成份是甲基苯丙胺和咖啡因"},{"Sign":"B","Content":"合成毒品麻古的主要成份是甲基苯丙胺和大麻"},{"Sign":"C","Content":"合成毒品麻古的主要成份是甲基苯丙胺和可卡因"}]},{"QuestionID":243,"QuestionType":"禁毒知识","Content":"网络成瘾是一种行为成瘾。表现为由于（  ）互联网而导致个体明显的社会、心理、生理功能损害。","Score":5,"Options":[{"Sign":"A","Content":"过度使用"},{"Sign":"B","Content":"正常使用"}]},{"QuestionID":266,"QuestionType":"禁毒知识","Content":"吸毒成瘾人员的认定是依据那些有吸毒病史，有依赖性表现，停用或减少用量会出现戒断综合征，再次适量给予此类物质可使戒断综合征立即消失，通常药物尿检（  ）反应。","Score":5,"Options":[{"Sign":"A","Content":"呈阴性"},{"Sign":"B","Content":"呈阳性"}]},{"QuestionID":127,"QuestionType":"禁毒知识","Content":"李某是某酒吧老板，明知一些人经常在该酒吧内吸食冰毒，李某却视而不见。对李某的行为如何进行处罚 （  ）。","Score":5,"Options":[{"Sign":"A","Content":"批评教育"},{"Sign":"B","Content":"以容留他人吸毒罪论处"},{"Sign":"C","Content":"以贩卖毒品罪论处"},{"Sign":"D","Content":"罚款并吊销营业执照"}]},{"QuestionID":76,"QuestionType":"禁毒知识","Content":"各级人民政府应当建立毒品违法犯罪举报制度。","Score":5,"Options":[{"Sign":"A","Content":"正确"},{"Sign":"B","Content":"错误"}]},{"QuestionID":89,"QuestionType":"禁毒知识","Content":"共用剃须刀有传染艾滋病的危险。","Score":5,"Options":[{"Sign":"A","Content":"正确"},{"Sign":"B","Content":"错误"}]}]}