{"RandomPaperID":242,"Questions":[{"QuestionID":272,"QuestionType":"禁毒知识","Content":"吸毒对女性怀孕后胎儿的影响是（　）。","Score":5,"Options":[{"Sign":"A","Content":"可能导致胎儿畸形死胎"},{"Sign":"B","Content":"没有任何影响"},{"Sign":"C","Content":"可能导致难产"},{"Sign":"D","Content":"会让胎儿更健康"}]},{"QuestionID":211,"QuestionType":"禁毒知识","Content":"邮寄毒品进出国（边）境的行为不是走私毒品罪。","Score":5,"Options":[{"Sign":"A","Content":"正确"},{"Sign":"B","Content":"错误"}]},{"QuestionID":35,"QuestionType":"禁毒知识","Content":"麻黄碱是从哪种原植物中提取的（　）  。","Score":5,"Options":[{"Sign":"A","Content":"罂粟"},{"Sign":"B","Content":"大麻"},{"Sign":"C","Content":"麻黄草"},{"Sign":"D","Content":"古柯"}]},{"QuestionID":105,"QuestionType":"禁毒知识","Content":"合成毒品“麻古”的主要成分是甲基苯丙胺和（  ）。","Score":5,"Options":[{"Sign":"A","Content":"大麻"},{"Sign":"B","Content":"古柯碱"},{"Sign":"C","Content":"咖啡因"},{"Sign":"D","Content":"安纳咖"}]},{"QuestionID":271,"QuestionType":"禁毒知识","Content":"吸毒的危害社会，包括：诱发违法犯罪、影响国民素质、吞噬社会巨额财富、影响国计民生等。","Score":5,"Options":[{"Sign":"A","Content":"正确"},{"Sign":"B","Content":"错误"}]},{"QuestionID":213,"QuestionType":"禁毒知识","Content":"娱乐场所因违反《娱乐场所管理条例》规定，被吊销或者撤销娱乐经营许可证的，自被吊销或者撤销之日起，其法定代表人、负责人在（  ）内不得担任娱乐场所的法定代表人、负责人。","Score":5,"Options":[{"Sign":"A","Content":"二年"},{"Sign":"B","Content":"三年"},{"Sign":"C","Content":"四年"},{"Sign":"D","Content":"五年"}]},{"QuestionID":244,"QuestionType":"禁毒知识","Content":"为了安全起见，我们应该拒绝陌生人给的糖果、点心或任何饮料。（  ）","Score":5,"Options":[{"Sign":"A","Content":"正确"},{"Sign":"B","Content":"错误"}]},{"QuestionID":410,"QuestionType":"禁毒知识","Content":"长期吸毒会使吸毒者沉溺于虚幻的自我体验中而不能自拔，使其丧失对生活的热爱、丧失对人际交往的兴趣，这是毒品的社会危害。","Score":5,"Options":[{"Sign":"A","Content":"正确"},{"Sign":"B","Content":"错误"}]},{"QuestionID":270,"QuestionType":"禁毒知识","Content":"吸毒的人毒瘾会越来越大。","Score":5,"Options":[{"Sign":"A","Content":"正确"},{"Sign":"B","Content":"错误"}]},{"QuestionID":51,"QuestionType":"禁毒知识","Content":"毒品的心理依赖是指人在多次用药后所产生的在心理上、精神上对所用药物的（　）或强制性觅药的心理倾向。","Score":5,"Options":[{"Sign":"A","Content":"被动渴求"},{"Sign":"B","Content":"客观渴求"},{"Sign":"C","Content":"主观渴求"},{"Sign":"D","Content":"B和C"}]},{"QuestionID":190,"QuestionType":"禁毒知识","Content":"吸食毒品因共用针具容易导致艾滋病与丙型肝炎等类疾病的传播。","Score":5,"Options":[{"Sign":"A","Content":"正确"},{"Sign":"B","Content":"错误"}]},{"QuestionID":334,"QuestionType":"禁毒知识","Content":"学生也有一份禁毒的责任。","Score":5,"Options":[{"Sign":"A","Content":"正确"},{"Sign":"B","Content":"错误"}]},{"QuestionID":351,"QuestionType":"禁毒知识","Content":"要树立正确的人生观、价值观、世界观，努力学习，追求进取，正确把握自己的行动与交友，以免走上歧途、误入毒海。","Score":5,"Options":[{"Sign":"A","Content":"对"},{"Sign":"B","Content":"错"}]},{"QuestionID":99,"QuestionType":"禁毒知识","Content":"国家严格管制戒毒药品的研究、生产、供应和使用。","Score":5,"Options":[{"Sign":"A","Content":"正确"},{"Sign":"B","Content":"错误"}]},{"QuestionID":206,"QuestionType":"禁毒知识","Content":"以下哪种行为不予处罚。（  ）","Score":5,"Options":[{"Sign":"A","Content":"有人在自己经营的娱乐场所内吸毒，不制止、不报告"},{"Sign":"B","Content":"携带毒品原植物种子"},{"Sign":"C","Content":"非法种植毒品原植物，在收获前自动铲除"},{"Sign":"D","Content":"为走私、贩卖、运输、制造鸦片的犯罪分子提供财物"}]},{"QuestionID":12,"QuestionType":"禁毒知识","Content":"吸毒成瘾人员自愿接受强制隔离戒毒的，经公安机关同意，可以进入强制隔离戒毒场所戒毒。","Score":5,"Options":[{"Sign":"A","Content":"正确"},{"Sign":"B","Content":"错误"}]},{"QuestionID":395,"QuestionType":"禁毒知识","Content":"在荷兰吸毒，也属违法。","Score":5,"Options":[{"Sign":"A","Content":"正确"},{"Sign":"B","Content":"错误"}]},{"QuestionID":188,"QuestionType":"禁毒知识","Content":"吸毒者染上毒瘾后，缺乏自我控制能力，更容易走向偷盗、抢劫等犯罪道路。","Score":5,"Options":[{"Sign":"A","Content":"正确"},{"Sign":"B","Content":"错误"}]},{"QuestionID":235,"QuestionType":"禁毒知识","Content":"世界上生产的鸦片类毒品最多的国家是（　） ?","Score":5,"Options":[{"Sign":"A","Content":"缅甸"},{"Sign":"B","Content":"阿富汗"},{"Sign":"C","Content":"哥伦比亚"},{"Sign":"D","Content":"墨西哥"}]},{"QuestionID":350,"QuestionType":"禁毒知识","Content":"要拒绝毒品我们只要知道毒品的危害，吸毒、贩毒就是违法犯罪即可。","Score":5,"Options":[{"Sign":"A","Content":"正确"},{"Sign":"B","Content":"错误"}]}]}