{"RandomPaperID":254,"Questions":[{"QuestionID":41,"QuestionType":"禁毒知识","Content":"大麻类毒品的主要活性成分是四氢大麻酚。","Score":5,"Options":[{"Sign":"A","Content":"正确"},{"Sign":"B","Content":"错误"}]},{"QuestionID":117,"QuestionType":"禁毒知识","Content":"戒毒治疗不得以营利为目的。","Score":5,"Options":[{"Sign":"A","Content":"正确"},{"Sign":"B","Content":"错误"}]},{"QuestionID":291,"QuestionType":"禁毒知识","Content":"吸毒者在今后的人生道路上应该选择的正确生活态度是（　）。","Score":5,"Options":[{"Sign":"A","Content":"最后吸一次，以后再也不吸了"},{"Sign":"B","Content":"及时行乐，吸毒无害"},{"Sign":"C","Content":"时而坚定，时而动摇"},{"Sign":"D","Content":"戒除毒瘾，回归社会"}]},{"QuestionID":379,"QuestionType":"禁毒知识","Content":"有的吸毒者为了获取毒品和毒资，丧失人格，违反道德和法律，实施盗窃、抢劫和抢夺等破坏社会秩序的行为。","Score":5,"Options":[{"Sign":"A","Content":"正确"},{"Sign":"B","Content":"错误"}]},{"QuestionID":33,"QuestionType":"禁毒知识","Content":"安纳咖，外观常为针剂，也有本色粉末状，长期使用会产生药物耐受性但不需要不断加大用药剂量。","Score":5,"Options":[{"Sign":"A","Content":"正确"},{"Sign":"B","Content":"错误"}]},{"QuestionID":354,"QuestionType":"禁毒知识","Content":"一位“朋友”以“参加朋友聚会”为由将你带至他的家中，然后提出玩点“小刺激”，引诱你使用某种物品，你应该选择的拒绝方式是（  ）","Score":5,"Options":[{"Sign":"A","Content":"直接说不"},{"Sign":"B","Content":"寻找借口离开"},{"Sign":"C","Content":"提出新建议"},{"Sign":"D","Content":"ABC都是"}]},{"QuestionID":190,"QuestionType":"禁毒知识","Content":"吸食毒品因共用针具容易导致艾滋病与丙型肝炎等类疾病的传播。","Score":5,"Options":[{"Sign":"A","Content":"正确"},{"Sign":"B","Content":"错误"}]},{"QuestionID":32,"QuestionType":"禁毒知识","Content":"K粉呈白色结晶粉末状，易溶于水，可随意勾兑进饮料。","Score":5,"Options":[{"Sign":"A","Content":"正确"},{"Sign":"B","Content":"错误"}]},{"QuestionID":108,"QuestionType":"禁毒知识","Content":"荷兰不限制贩卖和吸食大麻。","Score":5,"Options":[{"Sign":"A","Content":"正确"},{"Sign":"B","Content":"错误"}]},{"QuestionID":415,"QuestionType":"禁毒知识","Content":"只要处于观赏的目的，种植大麻、古柯或罂粟就是合法的。以上说法正确吗?","Score":5,"Options":[{"Sign":"A","Content":"正确"},{"Sign":"B","Content":"错误"}]},{"QuestionID":357,"QuestionType":"禁毒知识","Content":"以下（　） 不属于阿片类毒品。","Score":5,"Options":[{"Sign":"A","Content":"冰毒"},{"Sign":"B","Content":"美沙酮"},{"Sign":"C","Content":"吗啡"},{"Sign":"D","Content":"海洛因"}]},{"QuestionID":144,"QuestionType":"禁毒知识","Content":"强迫他人吸毒、注射毒品的，处（    ）有期徒刑，并处罚金。","Score":5,"Options":[{"Sign":"A","Content":"1年以上3年以下"},{"Sign":"B","Content":"3年以上6年以下"},{"Sign":"C","Content":"3年以上10年以下"},{"Sign":"D","Content":"3年以上7年以下"}]},{"QuestionID":404,"QuestionType":"禁毒知识","Content":"造成情绪暴躁而引发针对他人的肢体暴力（例如啃脸、咬耳）行为的“僵尸浴盐”，其主要的化学成分是卡西酮类物质。是一种新型的（  ）","Score":5,"Options":[{"Sign":"A","Content":"传统毒品"},{"Sign":"B","Content":"合成毒品"}]},{"QuestionID":165,"QuestionType":"禁毒知识","Content":"生理戒断是指尿检呈阴性，戒断症状消失。","Score":5,"Options":[{"Sign":"A","Content":"正确"},{"Sign":"B","Content":"错误"}]},{"QuestionID":301,"QuestionType":"禁毒知识","Content":"吸烟会使肺癌的发生几率增加，从而威胁人们的身体健康。（  ）","Score":5,"Options":[{"Sign":"A","Content":"正确"},{"Sign":"B","Content":"错误"}]},{"QuestionID":151,"QuestionType":"禁毒知识","Content":"青少年如何防止吸毒?（  ）","Score":5,"Options":[{"Sign":"A","Content":"接受毒品基本知识和禁毒法律法规教育"},{"Sign":"B","Content":"树立正确的人生观，不盲目追求享受"},{"Sign":"C","Content":"不听信毒品能治病，毒品能解脱烦恼和痛苦"},{"Sign":"D","Content":"以上选项都是"}]},{"QuestionID":85,"QuestionType":"禁毒知识","Content":"根据我国现行法律法规，对夫妻一方在从事赌博、吸毒等违法犯罪活动中所负债务，另一方仍需承担责任。","Score":5,"Options":[{"Sign":"A","Content":"正确"},{"Sign":"B","Content":"错误"}]},{"QuestionID":322,"QuestionType":"禁毒知识","Content":"下面说法不正确的是（　） 。","Score":5,"Options":[{"Sign":"A","Content":"国家鼓励开展禁毒科学技术研究。"},{"Sign":"B","Content":"国家鼓励公民举报毒品违法犯罪行为。"},{"Sign":"C","Content":"国家鼓励对禁毒工作的社会捐赠。"},{"Sign":"D","Content":"国家鼓励戒毒治疗的药品、医疗器械和治疗方法在媒体上做广告宣传。"}]},{"QuestionID":172,"QuestionType":"禁毒知识","Content":"我国《刑法》对毒品犯罪的刑事责任年龄的规定，对已满14周岁不满16周岁的人，犯贩卖毒品罪的，应当（  ）。","Score":5,"Options":[{"Sign":"A","Content":"负刑事责任"},{"Sign":"B","Content":"从轻或减轻处罚"},{"Sign":"C","Content":"不予刑事处罚"},{"Sign":"D","Content":"责令其家长或者监护人加以管教，必要时，也可以由政府收容教养"}]},{"QuestionID":430,"QuestionType":"禁毒知识","Content":"《全国青少年毒品预防教育规划（2016—2018）》要求，小学五年级至高中二年级每学年至少安排(  )课时毒品预防教育专题课程。","Score":5,"Options":[{"Sign":"A","Content":"1"},{"Sign":"B","Content":"2"},{"Sign":"C","Content":"3"},{"Sign":"D","Content":"4"}]}]}