{"RandomPaperID":256,"Questions":[{"QuestionID":129,"QuestionType":"禁毒知识","Content":"利用未成年人运输毒品的按照《刑法》规定如何处罚（  ）","Score":5,"Options":[{"Sign":"A","Content":"以教唆罪论处"},{"Sign":"B","Content":"以运输毒品罪处罚"},{"Sign":"C","Content":"以运输毒品罪从重处罚"},{"Sign":"D","Content":"以诈骗罪处罚"}]},{"QuestionID":95,"QuestionType":"禁毒知识","Content":"国家鼓励公民、组织开展公益性的禁毒宣传活动。","Score":5,"Options":[{"Sign":"A","Content":"正确"},{"Sign":"B","Content":"错误"}]},{"QuestionID":190,"QuestionType":"禁毒知识","Content":"吸食毒品因共用针具容易导致艾滋病与丙型肝炎等类疾病的传播。","Score":5,"Options":[{"Sign":"A","Content":"正确"},{"Sign":"B","Content":"错误"}]},{"QuestionID":11,"QuestionType":"禁毒知识","Content":"强制隔离戒毒场所的设置、管理体制和经费保障，可由各地政府视财政情况自行规定。","Score":5,"Options":[{"Sign":"A","Content":"正确"},{"Sign":"B","Content":"错误"}]},{"QuestionID":269,"QuestionType":"禁毒知识","Content":"吸毒的人不会长寿。","Score":5,"Options":[{"Sign":"A","Content":"正确"},{"Sign":"B","Content":"错误"}]},{"QuestionID":432,"QuestionType":"禁毒知识","Content":"学校是毒品预防教育的主阵地，课堂是主渠道","Score":5,"Options":[{"Sign":"A","Content":"正确"},{"Sign":"B","Content":"错误"}]},{"QuestionID":388,"QuestionType":"禁毒知识","Content":"预防吸毒的有效措施有（　） 。","Score":5,"Options":[{"Sign":"A","Content":"远离特殊人群、特殊场所、特殊嗜好"},{"Sign":"B","Content":"毒品知识的教育，认清毒品的危害"},{"Sign":"C","Content":"不结交社会上的吸毒朋友"},{"Sign":"D","Content":"以上选项都是"}]},{"QuestionID":225,"QuestionType":"禁毒知识","Content":"制定《禁毒法》的目的是（  ）","Score":5,"Options":[{"Sign":"A","Content":"预防和惩治毒品违法犯罪行为"},{"Sign":"B","Content":"保护公民身心健康"},{"Sign":"C","Content":"维护社会秩序"},{"Sign":"D","Content":"A.B和C"}]},{"QuestionID":86,"QuestionType":"禁毒知识","Content":"公安机关对吸毒成瘾人员决定予以强制隔离戒毒的，应当制作强制隔离戒毒决定书，在执行强制隔离戒毒前送达被决定人，并在送达后（　）以内通知被决定人的家属、所在单位和户籍所在地公安派出所。","Score":5,"Options":[{"Sign":"A","Content":"48小时"},{"Sign":"B","Content":"24小时"},{"Sign":"C","Content":"三天"},{"Sign":"D","Content":"一周"}]},{"QuestionID":324,"QuestionType":"禁毒知识","Content":"小丁13岁，被毒贩子教唆利用帮助贩毒集团贩毒，并伴随有吸毒行为，小丁虽然不用承担刑事责任，但应该进行戒毒治疗。这种说法（  ）。","Score":5,"Options":[{"Sign":"A","Content":"正确"},{"Sign":"B","Content":"错误"}]},{"QuestionID":153,"QuestionType":"禁毒知识","Content":"青少年要远离毒品，增强自我保护意识，其中最重要的因素是（　）。（  ）","Score":5,"Options":[{"Sign":"A","Content":"社会环境"},{"Sign":"B","Content":"家庭"},{"Sign":"C","Content":"人自身"},{"Sign":"D","Content":"身边朋友"}]},{"QuestionID":49,"QuestionType":"禁毒知识","Content":"不满十六周岁的未成年人吸毒成瘾严重的，可以不适用(  )。","Score":5,"Options":[{"Sign":"A","Content":"强制隔离戒毒"},{"Sign":"B","Content":"责令其接受社区戒毒"},{"Sign":"C","Content":"责令其接受社区康复"},{"Sign":"D","Content":"自愿戒毒"}]},{"QuestionID":315,"QuestionType":"禁毒知识","Content":"下列选项中属于禁毒志愿者义务的是。（  ）","Score":5,"Options":[{"Sign":"A","Content":"履行禁毒志愿者服务承诺"},{"Sign":"B","Content":"自身远离毒品"},{"Sign":"C","Content":"每年参加不少于48小时禁毒志愿服务活动"},{"Sign":"D","Content":"以上选项都是"}]},{"QuestionID":218,"QuestionType":"禁毒知识","Content":"在植物古柯树叶中提取的一种生物碱是一种中枢神经系统的兴奋剂，叫做（  ）。","Score":5,"Options":[{"Sign":"A","Content":"可卡因"},{"Sign":"B","Content":"阿片"},{"Sign":"C","Content":"吗啡"},{"Sign":"D","Content":"四氢大麻酚"}]},{"QuestionID":54,"QuestionType":"禁毒知识","Content":"毒品是使用后能够产生（　）的物质。","Score":5,"Options":[{"Sign":"A","Content":"危害性"},{"Sign":"B","Content":"依赖性"},{"Sign":"C","Content":"兴奋性"},{"Sign":"D","Content":"抑制性"}]},{"QuestionID":128,"QuestionType":"禁毒知识","Content":"李某为炫耀，将50克冰毒放在身上，后被民警抓获，李某构成（　）。","Score":5,"Options":[{"Sign":"A","Content":"吸毒"},{"Sign":"B","Content":"非法持有毒品罪"},{"Sign":"C","Content":"贩卖毒品罪"},{"Sign":"D","Content":"窝藏毒品罪"}]},{"QuestionID":148,"QuestionType":"禁毒知识","Content":"强制隔离戒毒人员的戒毒相关费用由其本人承担。","Score":5,"Options":[{"Sign":"A","Content":"正确"},{"Sign":"B","Content":"错误"}]},{"QuestionID":350,"QuestionType":"禁毒知识","Content":"要拒绝毒品我们只要知道毒品的危害，吸毒、贩毒就是违法犯罪即可。","Score":5,"Options":[{"Sign":"A","Content":"正确"},{"Sign":"B","Content":"错误"}]},{"QuestionID":58,"QuestionType":"禁毒知识","Content":"有一类毒品既有兴奋作用又有致幻作用，以下是这类毒品代表的是（　） 。","Score":5,"Options":[{"Sign":"A","Content":"氟硝安定"},{"Sign":"B","Content":"三唑仑"},{"Sign":"C","Content":"LSD"},{"Sign":"D","Content":"摇头丸"}]},{"QuestionID":46,"QuestionType":"禁毒知识","Content":"到民国时期，（　）已经取代英国成为向中国输入毒品最多的国家。","Score":5,"Options":[{"Sign":"A","Content":"美国"},{"Sign":"B","Content":"荷兰"},{"Sign":"C","Content":"日本"},{"Sign":"D","Content":"意大利"}]}]}