{"RandomPaperID":259,"Questions":[{"QuestionID":175,"QuestionType":"禁毒知识","Content":"毒品预防教育的首要重点对象是（　）。","Score":5,"Options":[{"Sign":"A","Content":"无业人员"},{"Sign":"B","Content":"青少年"},{"Sign":"C","Content":"流动人口"},{"Sign":"D","Content":"文化素质较低的人员"}]},{"QuestionID":273,"QuestionType":"禁毒知识","Content":"吸毒行为产生的环境因素主要包括社区环境、家庭环境和人际环境。","Score":5,"Options":[{"Sign":"A","Content":"正确"},{"Sign":"B","Content":"错误"}]},{"QuestionID":95,"QuestionType":"禁毒知识","Content":"国家鼓励公民、组织开展公益性的禁毒宣传活动。","Score":5,"Options":[{"Sign":"A","Content":"正确"},{"Sign":"B","Content":"错误"}]},{"QuestionID":6,"QuestionType":"禁毒知识","Content":"按药物对人体大脑中枢神经所产生的作用，可将毒品分为麻醉药品和精神药品。","Score":5,"Options":[{"Sign":"A","Content":"正确"},{"Sign":"B","Content":"错误"}]},{"QuestionID":303,"QuestionType":"禁毒知识","Content":"下列毒品中属于抑制剂类毒品的是（  ）。","Score":5,"Options":[{"Sign":"A","Content":"冰毒"},{"Sign":"B","Content":"摇头丸"},{"Sign":"C","Content":"海洛因"},{"Sign":"D","Content":"麦斯卡林"}]},{"QuestionID":412,"QuestionType":"禁毒知识","Content":"长期吸食鸦片会使人先天免疫力丧失，非常容易感染各种疾病。","Score":5,"Options":[{"Sign":"A","Content":"正确"},{"Sign":"B","Content":"错误"}]},{"QuestionID":334,"QuestionType":"禁毒知识","Content":"学生也有一份禁毒的责任。","Score":5,"Options":[{"Sign":"A","Content":"正确"},{"Sign":"B","Content":"错误"}]},{"QuestionID":5,"QuestionType":"禁毒知识","Content":"“摇头丸”是苯丙胺类的衍生物，是亚甲基二氧甲基苯丙胺的片剂，属中枢神经（  ），是我国规定管制的精神药品。“摇头丸”是其俗称，意为会使人摇头的药丸，吸食者易处于幻觉状态，有暴力攻击倾向。","Score":5,"Options":[{"Sign":"A","Content":"麻醉剂"},{"Sign":"B","Content":"兴奋剂"},{"Sign":"C","Content":"抑制剂"},{"Sign":"D","Content":"以上答案都不正确"}]},{"QuestionID":88,"QuestionType":"禁毒知识","Content":"公安机关在吸毒检测过程中，采集女性被检测人尿液检测样本，应由（  ）进行。","Score":5,"Options":[{"Sign":"A","Content":"检测人"},{"Sign":"B","Content":"民警"},{"Sign":"C","Content":"女性工作人员"},{"Sign":"D","Content":"医生"}]},{"QuestionID":84,"QuestionType":"禁毒知识","Content":"根据我国《治安管理处罚法》，三年内有吸食、注射毒品行为或者解除强制隔离戒毒措施未满两年的，不得申请驾照。","Score":5,"Options":[{"Sign":"A","Content":"正确"},{"Sign":"B","Content":"错误"}]},{"QuestionID":155,"QuestionType":"禁毒知识","Content":"人们常说“毒品猛于虎”，毒品的危害除了对身心的危害，严重摧残吸毒者的身体之外，还包括（　） 。（  ）","Score":5,"Options":[{"Sign":"A","Content":"对家庭的危害"},{"Sign":"B","Content":"对社会的危害"},{"Sign":"C","Content":"对他人的危害"},{"Sign":"D","Content":"以上A和B"}]},{"QuestionID":363,"QuestionType":"禁毒知识","Content":"以下哪种说法不正确？（  ）","Score":5,"Options":[{"Sign":"A","Content":"心理治疗是帮助成瘾者戒毒的有效方法之一"},{"Sign":"B","Content":"冷火鸡疗法是海洛因成瘾者戒毒的方法之一"},{"Sign":"C","Content":"美沙酮替代治疗能帮助冰毒成瘾者戒断毒瘾"},{"Sign":"D","Content":"美沙酮替代治疗能帮助海洛因成瘾者降低危害"}]},{"QuestionID":65,"QuestionType":"禁毒知识","Content":"二十世纪（　） ，中国获得近三十年“无毒国”美誉。（  ）","Score":5,"Options":[{"Sign":"A","Content":"40年代末到80年代初"},{"Sign":"B","Content":"50年代初到70年代末"},{"Sign":"C","Content":"50年代末到80年代初"},{"Sign":"D","Content":"40年代末到90年代初"}]},{"QuestionID":193,"QuestionType":"禁毒知识","Content":"吸食可卡因可能导致心律不齐，血压升高，心肺与肝功能损害，丧失判断能力，产生幻觉出现自杀等。这种说法正确吗？","Score":5,"Options":[{"Sign":"A","Content":"正确"},{"Sign":"B","Content":"错误"}]},{"QuestionID":290,"QuestionType":"禁毒知识","Content":"吸毒者既是违法者又是病人。","Score":5,"Options":[{"Sign":"A","Content":"正确"},{"Sign":"B","Content":"错误"}]},{"QuestionID":431,"QuestionType":"禁毒知识","Content":"《全国青少年毒品预防教育规划（2016—2018）》要求，2017年年底前，全国300万人口以上大城市各建(  )所禁毒教育基地","Score":5,"Options":[{"Sign":"A","Content":"1"},{"Sign":"B","Content":"2"},{"Sign":"C","Content":"3"}]},{"QuestionID":383,"QuestionType":"禁毒知识","Content":"有关单位及其工作人员在入学、就业、享受社会保障等方面歧视戒毒人员的，由教育行政部门、劳动行政部门责令改正；给当事人造成损失的，依法承担赔偿责任。以上说法正确吗？（  ）","Score":5,"Options":[{"Sign":"A","Content":"正确"},{"Sign":"B","Content":"错误"}]},{"QuestionID":312,"QuestionType":"禁毒知识","Content":"下列物品中不属于毒品的是（　）。","Score":5,"Options":[{"Sign":"A","Content":"鸦片"},{"Sign":"B","Content":"海洛因"},{"Sign":"C","Content":"酒精"},{"Sign":"D","Content":"杜冷丁"}]},{"QuestionID":59,"QuestionType":"禁毒知识","Content":"对吸毒成瘾人员，公安机关可以责令其接受（  ），期限为三年，同时通知吸毒人员户籍所在地或者现居住地的城市街道办事处、乡镇人民政府。","Score":5,"Options":[{"Sign":"A","Content":"社区戒毒"},{"Sign":"B","Content":"强制隔离戒毒"},{"Sign":"C","Content":"限期戒毒"},{"Sign":"D","Content":"社区康复"}]},{"QuestionID":120,"QuestionType":"禁毒知识","Content":"经有关部门批准，个人可以开办戒毒脱瘾治疗业务。","Score":5,"Options":[{"Sign":"A","Content":"正确"},{"Sign":"B","Content":"错误"}]}]}