{"RandomPaperID":264,"Questions":[{"QuestionID":328,"QuestionType":"禁毒知识","Content":"小张为小王提供吸毒的打火机、吸管等吸毒工具，但小张自己并不吸毒，所以小张不用承担法律责任。这种说法","Score":5,"Options":[{"Sign":"A","Content":"正确"},{"Sign":"B","Content":"错误"}]},{"QuestionID":271,"QuestionType":"禁毒知识","Content":"吸毒的危害社会，包括：诱发违法犯罪、影响国民素质、吞噬社会巨额财富、影响国计民生等。","Score":5,"Options":[{"Sign":"A","Content":"正确"},{"Sign":"B","Content":"错误"}]},{"QuestionID":263,"QuestionType":"禁毒知识","Content":"我们的爸爸、妈妈、爷爷、奶奶都可以喝酒，所以我们也可以喝酒。（  ）","Score":5,"Options":[{"Sign":"A","Content":"正确"},{"Sign":"B","Content":"错误"}]},{"QuestionID":185,"QuestionType":"禁毒知识","Content":"吸毒行为可以通过采集当事人血液、尿液、毛发等检测出来。","Score":5,"Options":[{"Sign":"A","Content":"正确"},{"Sign":"B","Content":"错误"}]},{"QuestionID":38,"QuestionType":"禁毒知识","Content":"传统毒品一般是指鸦片、海洛因、大麻等流行较早的毒品。","Score":5,"Options":[{"Sign":"A","Content":"正确"},{"Sign":"B","Content":"错误"}]},{"QuestionID":280,"QuestionType":"禁毒知识","Content":"吸毒人员可以自行到具有戒毒治疗资质的医疗机构接受戒毒治疗。以上说法正确吗？（  ）","Score":5,"Options":[{"Sign":"A","Content":"正确"},{"Sign":"B","Content":"错误"}]},{"QuestionID":163,"QuestionType":"禁毒知识","Content":"社区戒毒的期限为（ ）。","Score":5,"Options":[{"Sign":"A","Content":"1年"},{"Sign":"B","Content":"2年"},{"Sign":"C","Content":"3年"}]},{"QuestionID":37,"QuestionType":"禁毒知识","Content":"成瘾是由于(  )某种有依赖性药物或物质引起的一种慢性中毒状态。","Score":5,"Options":[{"Sign":"A","Content":"反复使用"},{"Sign":"B","Content":"一次使用"},{"Sign":"C","Content":"偶尔使用"},{"Sign":"D","Content":"曾经使用"}]},{"QuestionID":190,"QuestionType":"禁毒知识","Content":"吸食毒品因共用针具容易导致艾滋病与丙型肝炎等类疾病的传播。","Score":5,"Options":[{"Sign":"A","Content":"正确"},{"Sign":"B","Content":"错误"}]},{"QuestionID":81,"QuestionType":"禁毒知识","Content":"根据市场需求与大众要求，依法可以生产、经营、使用、储存、运输麻醉药品和精神药品。","Score":5,"Options":[{"Sign":"A","Content":"正确"},{"Sign":"B","Content":"错误"}]},{"QuestionID":227,"QuestionType":"禁毒知识","Content":"众多种类的毒品之中有很多的致幻类药品，这其中有迷幻剂药物的代表，它是已知药力最强的致幻剂。它是（　）。","Score":5,"Options":[{"Sign":"A","Content":"K粉"},{"Sign":"B","Content":"三唑伦"},{"Sign":"C","Content":"麦角酰二乙胺"},{"Sign":"D","Content":"可卡因"}]},{"QuestionID":382,"QuestionType":"禁毒知识","Content":"由于吸毒者极易感染各种疾病，包括性病，丙型肝炎等，注射毒品是传染（　） 的主要途径。","Score":5,"Options":[{"Sign":"A","Content":"痢疾"},{"Sign":"B","Content":"艾滋病"},{"Sign":"C","Content":"肺病"}]},{"QuestionID":245,"QuestionType":"禁毒知识","Content":"为全面禁绝毒品危害，联合国于（　）年确立了“有效减少毒品需求”的禁毒战略。（  ）","Score":5,"Options":[{"Sign":"A","Content":"1990"},{"Sign":"B","Content":"1992"},{"Sign":"C","Content":"1995"},{"Sign":"D","Content":"1998"}]},{"QuestionID":123,"QuestionType":"禁毒知识","Content":"据我国《禁毒法》之有关规定，以下不属于我国目前禁毒模式的是（　）。","Score":5,"Options":[{"Sign":"A","Content":"家庭戒毒"},{"Sign":"B","Content":"自愿戒毒"},{"Sign":"C","Content":"强制隔离戒毒"},{"Sign":"D","Content":"社区戒毒"}]},{"QuestionID":205,"QuestionType":"禁毒知识","Content":"以下哪个法令中第一次明确了保护青少年不受毒品危害的规定。（  ）","Score":5,"Options":[{"Sign":"A","Content":"《刑法》"},{"Sign":"B","Content":"《预防未成年人犯罪法》"},{"Sign":"C","Content":"《未成年人保护法》"},{"Sign":"D","Content":"《危险毒品条例》"}]},{"QuestionID":131,"QuestionType":"禁毒知识","Content":"麻古具有强烈的兴奋和致幻功能，吸食后容易造成人体中枢神经（　）的损伤。","Score":5,"Options":[{"Sign":"A","Content":"不可逆性"},{"Sign":"B","Content":"可逆性"},{"Sign":"C","Content":"一过性"},{"Sign":"D","Content":"临时性"}]},{"QuestionID":107,"QuestionType":"禁毒知识","Content":"合成毒品直接作用于人的（　）  。","Score":5,"Options":[{"Sign":"A","Content":"大脑"},{"Sign":"B","Content":"心脏"},{"Sign":"C","Content":"中枢神经"},{"Sign":"D","Content":"肌肉"}]},{"QuestionID":44,"QuestionType":"禁毒知识","Content":"当有人以各种借口引诱你吸食毒品或尝试可能是毒品的药丸时，正确的做法是（  ）。","Score":5,"Options":[{"Sign":"A","Content":"拒绝"},{"Sign":"B","Content":"尝试"},{"Sign":"C","Content":"接受"},{"Sign":"D","Content":"犹豫不决"}]},{"QuestionID":92,"QuestionType":"禁毒知识","Content":"国家对麻醉药品、精神药品和易制毒化学品的进口、出口实行许可制度。国务院有关部门应当按照规定的职责，对进口、出口麻醉药品、精神药品和易制毒化学品依法进行管理。禁止走私麻醉药品、精神药品和易制毒化学品。以上说法正确吗？（  ）","Score":5,"Options":[{"Sign":"A","Content":"正确"},{"Sign":"B","Content":"错误"}]},{"QuestionID":165,"QuestionType":"禁毒知识","Content":"生理戒断是指尿检呈阴性，戒断症状消失。","Score":5,"Options":[{"Sign":"A","Content":"正确"},{"Sign":"B","Content":"错误"}]}]}