{"RandomPaperID":268,"Questions":[{"QuestionID":388,"QuestionType":"禁毒知识","Content":"预防吸毒的有效措施有（　） 。","Score":5,"Options":[{"Sign":"A","Content":"远离特殊人群、特殊场所、特殊嗜好"},{"Sign":"B","Content":"毒品知识的教育，认清毒品的危害"},{"Sign":"C","Content":"不结交社会上的吸毒朋友"},{"Sign":"D","Content":"以上选项都是"}]},{"QuestionID":328,"QuestionType":"禁毒知识","Content":"小张为小王提供吸毒的打火机、吸管等吸毒工具，但小张自己并不吸毒，所以小张不用承担法律责任。这种说法","Score":5,"Options":[{"Sign":"A","Content":"正确"},{"Sign":"B","Content":"错误"}]},{"QuestionID":219,"QuestionType":"禁毒知识","Content":"在中国，大约一直到20世纪20年代才开始使用“毒品”一词。","Score":5,"Options":[{"Sign":"A","Content":"正确"},{"Sign":"B","Content":"错误"}]},{"QuestionID":115,"QuestionType":"禁毒知识","Content":"戒毒是指吸毒人员自愿，或者由国家强制戒除其吸食、注射毒品瘾癖的过程。","Score":5,"Options":[{"Sign":"A","Content":"正确"},{"Sign":"B","Content":"错误"}]},{"QuestionID":10,"QuestionType":"禁毒知识","Content":"经强制隔离戒毒后又吸食，注射毒品的，构成吸食毒品罪。","Score":5,"Options":[{"Sign":"A","Content":"正确"},{"Sign":"B","Content":"错误"}]},{"QuestionID":2,"QuestionType":"禁毒知识","Content":"鸦片是一种无色、无味的物质。","Score":5,"Options":[{"Sign":"A","Content":"正确"},{"Sign":"B","Content":"错误"}]},{"QuestionID":228,"QuestionType":"禁毒知识","Content":"擅自开办戒毒脱瘾治疗业务的，由卫生部门依法予以取缔和处罚。有毒品违法犯罪行为的，应当移送公安机关处理。","Score":5,"Options":[{"Sign":"A","Content":"正确"},{"Sign":"B","Content":"错误"}]},{"QuestionID":126,"QuestionType":"禁毒知识","Content":"李某发现儿子小强吸毒后，便将其关在家中，并与家人轮流看守令其戒毒。起初，断了毒品的小强呼天喊地，半个月后，小强又恢复了正常。试问小强是否已全部戒除毒瘾？（  ）","Score":5,"Options":[{"Sign":"A","Content":"已完全戒断毒瘾"},{"Sign":"B","Content":"只戒断生理上毒瘾"}]},{"QuestionID":352,"QuestionType":"禁毒知识","Content":"要想真正远离毒品，我们首先就必须要了解人们选择吸食毒品之原因。","Score":5,"Options":[{"Sign":"A","Content":"正确"},{"Sign":"B","Content":"错误"}]},{"QuestionID":60,"QuestionType":"禁毒知识","Content":"对严重违反社区戒毒协议或者在社区戒毒期间又吸食、注射毒品的，参与社区戒毒的工作人员应当（ ）。","Score":5,"Options":[{"Sign":"A","Content":"进行劝导"},{"Sign":"B","Content":"进行批评、教育"},{"Sign":"C","Content":"及时向公安机关报告"},{"Sign":"D","Content":"对其执行强制隔离戒毒"}]},{"QuestionID":378,"QuestionType":"禁毒知识","Content":"罂粟籽、大麻籽属于毒品原植物种子。","Score":5,"Options":[{"Sign":"A","Content":"正确"},{"Sign":"B","Content":"错误"}]},{"QuestionID":326,"QuestionType":"禁毒知识","Content":"小王在网上及微信群里教人制作毒品的方法，但他自己从来没有吸毒、贩毒和制毒，所以他仅仅算是传播了毒品的相关知识，并不算违法。这种说法正确吗？（  ）。","Score":5,"Options":[{"Sign":"A","Content":"正确"},{"Sign":"B","Content":"错误"}]},{"QuestionID":289,"QuestionType":"禁毒知识","Content":"吸毒者会被治安处理，不会对今后的工作、生活造成多大影响。","Score":5,"Options":[{"Sign":"A","Content":"正确"},{"Sign":"B","Content":"错误"}]},{"QuestionID":175,"QuestionType":"禁毒知识","Content":"毒品预防教育的首要重点对象是（　）。","Score":5,"Options":[{"Sign":"A","Content":"无业人员"},{"Sign":"B","Content":"青少年"},{"Sign":"C","Content":"流动人口"},{"Sign":"D","Content":"文化素质较低的人员"}]},{"QuestionID":273,"QuestionType":"禁毒知识","Content":"吸毒行为产生的环境因素主要包括社区环境、家庭环境和人际环境。","Score":5,"Options":[{"Sign":"A","Content":"正确"},{"Sign":"B","Content":"错误"}]},{"QuestionID":430,"QuestionType":"禁毒知识","Content":"《全国青少年毒品预防教育规划（2016—2018）》要求，小学五年级至高中二年级每学年至少安排(  )课时毒品预防教育专题课程。","Score":5,"Options":[{"Sign":"A","Content":"1"},{"Sign":"B","Content":"2"},{"Sign":"C","Content":"3"},{"Sign":"D","Content":"4"}]},{"QuestionID":35,"QuestionType":"禁毒知识","Content":"麻黄碱是从哪种原植物中提取的（　）  。","Score":5,"Options":[{"Sign":"A","Content":"罂粟"},{"Sign":"B","Content":"大麻"},{"Sign":"C","Content":"麻黄草"},{"Sign":"D","Content":"古柯"}]},{"QuestionID":254,"QuestionType":"禁毒知识","Content":"我国的禁毒方针是“禁吸、禁贩、禁种、禁制”。","Score":5,"Options":[{"Sign":"A","Content":"正确"},{"Sign":"B","Content":"错误"}]},{"QuestionID":333,"QuestionType":"禁毒知识","Content":"（）是指对中枢神经有麻醉作用,连续使用后易产生身体依赖性、能形成瘾癖的药品。","Score":5,"Options":[{"Sign":"A","Content":"麻醉药品"},{"Sign":"B","Content":"精神药品"},{"Sign":"C","Content":"新精神活性物质"}]},{"QuestionID":357,"QuestionType":"禁毒知识","Content":"以下（　） 不属于阿片类毒品。","Score":5,"Options":[{"Sign":"A","Content":"冰毒"},{"Sign":"B","Content":"美沙酮"},{"Sign":"C","Content":"吗啡"},{"Sign":"D","Content":"海洛因"}]}]}