{"RandomPaperID":269,"Questions":[{"QuestionID":392,"QuestionType":"禁毒知识","Content":"孕妇涉毒犯罪有可能免除刑责。","Score":5,"Options":[{"Sign":"A","Content":"正确"},{"Sign":"B","Content":"错误"}]},{"QuestionID":299,"QuestionType":"禁毒知识","Content":"吸食新型合成毒品后，只要自己注意，不可能染上性病或艾滋病。","Score":5,"Options":[{"Sign":"A","Content":"正确"},{"Sign":"B","Content":"错误"}]},{"QuestionID":424,"QuestionType":"禁毒知识","Content":"中宣部、中央网信办、公安部等14个部门联合制定的《全国青少年毒品预防教育工作规划（2016——2018）》规定，力争用3年时间，使省级禁毒办专门从事毒品预防教育工作的在编人员不得少于本部门在编总人数的（）。","Score":5,"Options":[{"Sign":"A","Content":"10%"},{"Sign":"B","Content":"15%"},{"Sign":"C","Content":"20%"},{"Sign":"D","Content":"25%"}]},{"QuestionID":227,"QuestionType":"禁毒知识","Content":"众多种类的毒品之中有很多的致幻类药品，这其中有迷幻剂药物的代表，它是已知药力最强的致幻剂。它是（　）。","Score":5,"Options":[{"Sign":"A","Content":"K粉"},{"Sign":"B","Content":"三唑伦"},{"Sign":"C","Content":"麦角酰二乙胺"},{"Sign":"D","Content":"可卡因"}]},{"QuestionID":311,"QuestionType":"禁毒知识","Content":"下列说法正确的是 。（  ）","Score":5,"Options":[{"Sign":"A","Content":"吸毒成瘾是一种脑病"},{"Sign":"B","Content":"少量吸毒对身体没有损害"},{"Sign":"C","Content":"只吸几次毒不会上瘾"},{"Sign":"D","Content":"吸食合成毒品危害比较传统毒品要小"}]},{"QuestionID":401,"QuestionType":"禁毒知识","Content":"在药理上，海洛因的镇痛效力是吗啡的几倍？（  ）","Score":5,"Options":[{"Sign":"A","Content":"4至8倍"},{"Sign":"B","Content":"1至2倍"},{"Sign":"C","Content":"8倍以上"}]},{"QuestionID":291,"QuestionType":"禁毒知识","Content":"吸毒者在今后的人生道路上应该选择的正确生活态度是（　）。","Score":5,"Options":[{"Sign":"A","Content":"最后吸一次，以后再也不吸了"},{"Sign":"B","Content":"及时行乐，吸毒无害"},{"Sign":"C","Content":"时而坚定，时而动摇"},{"Sign":"D","Content":"戒除毒瘾，回归社会"}]},{"QuestionID":158,"QuestionType":"禁毒知识","Content":"如果外国人在中国违法犯罪，中国根据属地管辖原则，有权对其违法犯罪行为进行处罚；该外国人所属国的法律规定了有属人管辖原则的，我国无法对该外国人在中国的犯罪行为进行处罚。","Score":5,"Options":[{"Sign":"A","Content":"正确"},{"Sign":"B","Content":"错误"}]},{"QuestionID":126,"QuestionType":"禁毒知识","Content":"李某发现儿子小强吸毒后，便将其关在家中，并与家人轮流看守令其戒毒。起初，断了毒品的小强呼天喊地，半个月后，小强又恢复了正常。试问小强是否已全部戒除毒瘾？（  ）","Score":5,"Options":[{"Sign":"A","Content":"已完全戒断毒瘾"},{"Sign":"B","Content":"只戒断生理上毒瘾"}]},{"QuestionID":189,"QuestionType":"禁毒知识","Content":"吸食K粉、摇头丸等药物会导致血压上升、心跳过快、心律失常，甚至可能诱发精神分裂症及急性心脑疾病。但不会致人死亡。","Score":5,"Options":[{"Sign":"A","Content":"正确"},{"Sign":"B","Content":"错误"}]},{"QuestionID":323,"QuestionType":"禁毒知识","Content":"对戒毒人员戒毒的个人信息应当依法予以保密。对戒断3年未复吸的人员，不再实行动态管控。","Score":5,"Options":[{"Sign":"A","Content":"正确"},{"Sign":"B","Content":"错误"}]},{"QuestionID":99,"QuestionType":"禁毒知识","Content":"国家严格管制戒毒药品的研究、生产、供应和使用。","Score":5,"Options":[{"Sign":"A","Content":"正确"},{"Sign":"B","Content":"错误"}]},{"QuestionID":307,"QuestionType":"禁毒知识","Content":"下列那种毒品常用鼻吸的方式吸食？（  ）","Score":5,"Options":[{"Sign":"A","Content":"麻古"},{"Sign":"B","Content":"古柯"},{"Sign":"C","Content":"K粉"},{"Sign":"D","Content":"冰毒"}]},{"QuestionID":140,"QuestionType":"禁毒知识","Content":"南美的秘鲁、玻利维亚（　）是可卡因的最大生产基地。（  ）","Score":5,"Options":[{"Sign":"A","Content":"巴西"},{"Sign":"B","Content":"阿根廷"},{"Sign":"C","Content":"哥伦比亚"},{"Sign":"D","Content":"厄瓜多尔"}]},{"QuestionID":217,"QuestionType":"禁毒知识","Content":"在吸毒者中，由于无知、好奇，被他人引诱而吸毒的青少年的比例最高。","Score":5,"Options":[{"Sign":"A","Content":"正确"},{"Sign":"B","Content":"错误"}]},{"QuestionID":119,"QuestionType":"禁毒知识","Content":"禁毒志愿者在志愿服务中过程中造成服务对象或者其他相关人损害，由组织志愿服务的禁毒青年志愿者组织依法承担民事责任。","Score":5,"Options":[{"Sign":"A","Content":"正确"},{"Sign":"B","Content":"错误"}]},{"QuestionID":166,"QuestionType":"禁毒知识","Content":"属于（  ）种情形的，处以15年有期徒刑、无期徒刑或者死刑，并处没收财产。","Score":5,"Options":[{"Sign":"A","Content":"走私、贩卖、运输、制造鸦片200克以上不满1000克"},{"Sign":"B","Content":"走私、贩卖、运输、制造海洛因或者甲基苯丙胺10克以上"},{"Sign":"C","Content":"走私、贩卖、运输、制造海洛因或者甲基苯丙胺50克以上"},{"Sign":"D","Content":"走私、贩卖、运输、制造鸦片140克以上不满200克"}]},{"QuestionID":404,"QuestionType":"禁毒知识","Content":"造成情绪暴躁而引发针对他人的肢体暴力（例如啃脸、咬耳）行为的“僵尸浴盐”，其主要的化学成分是卡西酮类物质。是一种新型的（  ）","Score":5,"Options":[{"Sign":"A","Content":"传统毒品"},{"Sign":"B","Content":"合成毒品"}]},{"QuestionID":11,"QuestionType":"禁毒知识","Content":"强制隔离戒毒场所的设置、管理体制和经费保障，可由各地政府视财政情况自行规定。","Score":5,"Options":[{"Sign":"A","Content":"正确"},{"Sign":"B","Content":"错误"}]},{"QuestionID":340,"QuestionType":"禁毒知识","Content":"鸦片最初是医用药物，主要用于镇咳止泻，后来被人们作为毒品吸食。","Score":5,"Options":[{"Sign":"A","Content":"正确"},{"Sign":"B","Content":"错误"}]}]}