{"RandomPaperID":273,"Questions":[{"QuestionID":104,"QuestionType":"禁毒知识","Content":"合成毒品（　） 又称海米那、眠可欣，临床上适用于各种类型的失眠症，该药久用可成瘾，已成为国内外滥用药物之一。（  ）","Score":5,"Options":[{"Sign":"A","Content":"三唑仑"},{"Sign":"B","Content":"氟硝安定"},{"Sign":"C","Content":"安纳咖"},{"Sign":"D","Content":"安眠酮"}]},{"QuestionID":219,"QuestionType":"禁毒知识","Content":"在中国，大约一直到20世纪20年代才开始使用“毒品”一词。","Score":5,"Options":[{"Sign":"A","Content":"正确"},{"Sign":"B","Content":"错误"}]},{"QuestionID":130,"QuestionType":"禁毒知识","Content":"氯胺酮，是一种静脉全麻药，也用作兽用麻醉药，但是一般人只要足量接触二、三次即可上瘾，是一种极度危险的精神药品。","Score":5,"Options":[{"Sign":"A","Content":"正确"},{"Sign":"B","Content":"错误"}]},{"QuestionID":230,"QuestionType":"禁毒知识","Content":"社区戒毒与社区康复是具有限制人身自由的行政强制措施。","Score":5,"Options":[{"Sign":"A","Content":"正确"},{"Sign":"B","Content":"错误"}]},{"QuestionID":177,"QuestionType":"禁毒知识","Content":"吸毒成瘾的认定办法，由（  ）规定。","Score":5,"Options":[{"Sign":"A","Content":"国务院卫生行政部门"},{"Sign":"B","Content":"国务院卫生行政部门、药品监督管理部门"},{"Sign":"C","Content":"国务院卫生行政部门、药品监督管理部门、公安部门"},{"Sign":"D","Content":"国务院药品监督管理部门"}]},{"QuestionID":5,"QuestionType":"禁毒知识","Content":"“摇头丸”是苯丙胺类的衍生物，是亚甲基二氧甲基苯丙胺的片剂，属中枢神经（  ），是我国规定管制的精神药品。“摇头丸”是其俗称，意为会使人摇头的药丸，吸食者易处于幻觉状态，有暴力攻击倾向。","Score":5,"Options":[{"Sign":"A","Content":"麻醉剂"},{"Sign":"B","Content":"兴奋剂"},{"Sign":"C","Content":"抑制剂"},{"Sign":"D","Content":"以上答案都不正确"}]},{"QuestionID":147,"QuestionType":"禁毒知识","Content":"强制隔离戒毒期满前，经诊断评估，对于需要延长戒毒期限的戒毒人员，由强制隔离戒毒场所提出延长戒毒期限的意见，报强制隔离戒毒的决定机关批准。强制隔离戒毒的最长延长期限不得超过半年。","Score":5,"Options":[{"Sign":"A","Content":"正确"},{"Sign":"B","Content":"错误"}]},{"QuestionID":73,"QuestionType":"禁毒知识","Content":"氟硝安定属于抑制剂类药物，是一种镇静催眠药，与酒精或其他镇静催眠药合用后可导致中毒死亡。","Score":5,"Options":[{"Sign":"A","Content":"正确"},{"Sign":"B","Content":"错误"}]},{"QuestionID":240,"QuestionType":"禁毒知识","Content":"随着社会的发展，大麻已经不是世界上滥用人数最多的毒品。","Score":5,"Options":[{"Sign":"A","Content":"正确"},{"Sign":"B","Content":"错误"}]},{"QuestionID":28,"QuestionType":"禁毒知识","Content":"《中华人民共和国刑法》规定，毒品的数量以（  ）属实的走私、贩卖、运输、制造、非法持有毒品的数量计算，不以纯度折算。","Score":5,"Options":[{"Sign":"A","Content":"缴获"},{"Sign":"B","Content":"检查"},{"Sign":"C","Content":"查证"},{"Sign":"D","Content":"收缴"}]},{"QuestionID":329,"QuestionType":"禁毒知识","Content":"心理治疗在戒毒过程中有着重要的作用。","Score":5,"Options":[{"Sign":"A","Content":"正确"},{"Sign":"B","Content":"错误"}]},{"QuestionID":221,"QuestionType":"禁毒知识","Content":"长期服用安眠药不会使人成瘾。","Score":5,"Options":[{"Sign":"A","Content":"正确"},{"Sign":"B","Content":"错误"}]},{"QuestionID":148,"QuestionType":"禁毒知识","Content":"强制隔离戒毒人员的戒毒相关费用由其本人承担。","Score":5,"Options":[{"Sign":"A","Content":"正确"},{"Sign":"B","Content":"错误"}]},{"QuestionID":383,"QuestionType":"禁毒知识","Content":"有关单位及其工作人员在入学、就业、享受社会保障等方面歧视戒毒人员的，由教育行政部门、劳动行政部门责令改正；给当事人造成损失的，依法承担赔偿责任。以上说法正确吗？（  ）","Score":5,"Options":[{"Sign":"A","Content":"正确"},{"Sign":"B","Content":"错误"}]},{"QuestionID":354,"QuestionType":"禁毒知识","Content":"一位“朋友”以“参加朋友聚会”为由将你带至他的家中，然后提出玩点“小刺激”，引诱你使用某种物品，你应该选择的拒绝方式是（  ）","Score":5,"Options":[{"Sign":"A","Content":"直接说不"},{"Sign":"B","Content":"寻找借口离开"},{"Sign":"C","Content":"提出新建议"},{"Sign":"D","Content":"ABC都是"}]},{"QuestionID":197,"QuestionType":"禁毒知识","Content":"下列那种属于兴奋剂？","Score":5,"Options":[{"Sign":"A","Content":"摇头丸"},{"Sign":"B","Content":"二甲基色胺"},{"Sign":"C","Content":"巴比妥"},{"Sign":"D","Content":"吗啡"}]},{"QuestionID":394,"QuestionType":"禁毒知识","Content":"在对众多吸毒者进行调查时发现，占据第一位的吸毒原因是（　）  。","Score":5,"Options":[{"Sign":"A","Content":"贪慕虚荣，赶时髦"},{"Sign":"B","Content":"借助吸毒逃离现实，寻求解脱"},{"Sign":"C","Content":"受贩毒者引诱"},{"Sign":"D","Content":"盲目好奇，追求享乐和刺激"}]},{"QuestionID":53,"QuestionType":"禁毒知识","Content":"毒品区别于其他毒物的自然特征是（　） 。","Score":5,"Options":[{"Sign":"A","Content":"非法性"},{"Sign":"B","Content":"成瘾性"},{"Sign":"C","Content":"危害性"},{"Sign":"D","Content":"合法性"}]},{"QuestionID":421,"QuestionType":"禁毒知识","Content":"制定《禁毒法》的必要性是（  ）","Score":5,"Options":[{"Sign":"A","Content":"应对严峻的毒品违法犯罪形势的需要"},{"Sign":"B","Content":"进一步完善我国预防和惩治毒品违法犯罪法律体系的需要"},{"Sign":"C","Content":"履行国际禁毒公约的需要"},{"Sign":"D","Content":"A.B和C"}]},{"QuestionID":179,"QuestionType":"禁毒知识","Content":"吸毒成瘾的因素有生理因素、社会因素、个人的心理因素。","Score":5,"Options":[{"Sign":"A","Content":"正确"},{"Sign":"B","Content":"错误"}]}]}