{"RandomPaperID":283,"Questions":[{"QuestionID":299,"QuestionType":"禁毒知识","Content":"吸食新型合成毒品后，只要自己注意，不可能染上性病或艾滋病。","Score":5,"Options":[{"Sign":"A","Content":"正确"},{"Sign":"B","Content":"错误"}]},{"QuestionID":90,"QuestionType":"禁毒知识","Content":"广大青少年在日常生活中防毒要做到四点：一是不要听人蛊惑，受 人引诱; 二是不要与吸毒者、贩毒者为伍;三是不要接受有吸 毒劣迹的人送的香烟; 四是（  ） 。","Score":5,"Options":[{"Sign":"A","Content":"只看不吸"},{"Sign":"B","Content":"远离毒品，不沾毒"},{"Sign":"C","Content":"不参与家人吸毒"},{"Sign":"D","Content":"不去歌厅等娱乐场所"}]},{"QuestionID":357,"QuestionType":"禁毒知识","Content":"以下（　） 不属于阿片类毒品。","Score":5,"Options":[{"Sign":"A","Content":"冰毒"},{"Sign":"B","Content":"美沙酮"},{"Sign":"C","Content":"吗啡"},{"Sign":"D","Content":"海洛因"}]},{"QuestionID":26,"QuestionType":"禁毒知识","Content":"《刑法》规定非法种植罂粟（　） 株以上构成犯罪。","Score":5,"Options":[{"Sign":"A","Content":"1000"},{"Sign":"B","Content":"500"},{"Sign":"C","Content":"5000"},{"Sign":"D","Content":"8000"}]},{"QuestionID":355,"QuestionType":"禁毒知识","Content":"医务人员可为自己开处方使用麻醉药品。","Score":5,"Options":[{"Sign":"A","Content":"正确"},{"Sign":"B","Content":"错误"}]},{"QuestionID":180,"QuestionType":"禁毒知识","Content":"吸毒成瘾人员自愿接受强制隔离戒毒的，经公安机关同意，可以进入强制隔离戒毒场所戒毒。","Score":5,"Options":[{"Sign":"A","Content":"正确"},{"Sign":"B","Content":"错误"}]},{"QuestionID":382,"QuestionType":"禁毒知识","Content":"由于吸毒者极易感染各种疾病，包括性病，丙型肝炎等，注射毒品是传染（　） 的主要途径。","Score":5,"Options":[{"Sign":"A","Content":"痢疾"},{"Sign":"B","Content":"艾滋病"},{"Sign":"C","Content":"肺病"}]},{"QuestionID":120,"QuestionType":"禁毒知识","Content":"经有关部门批准，个人可以开办戒毒脱瘾治疗业务。","Score":5,"Options":[{"Sign":"A","Content":"正确"},{"Sign":"B","Content":"错误"}]},{"QuestionID":319,"QuestionType":"禁毒知识","Content":"下列有关世界三大毒源地叙述正确的是（　）。","Score":5,"Options":[{"Sign":"A","Content":"“金三角”位于老挝、越南、缅甸三国的接壤地区"},{"Sign":"B","Content":"“金新月”位于阿富汗、巴基斯坦、伊朗三国的接壤地区"},{"Sign":"C","Content":"“银三角”位于南美洲的哥伦比亚境内"}]},{"QuestionID":323,"QuestionType":"禁毒知识","Content":"对戒毒人员戒毒的个人信息应当依法予以保密。对戒断3年未复吸的人员，不再实行动态管控。","Score":5,"Options":[{"Sign":"A","Content":"正确"},{"Sign":"B","Content":"错误"}]},{"QuestionID":268,"QuestionType":"禁毒知识","Content":"吸毒是一种违法行为，需要受到刑法处罚（  ）","Score":5,"Options":[{"Sign":"A","Content":"正确"},{"Sign":"B","Content":"错误"}]},{"QuestionID":132,"QuestionType":"禁毒知识","Content":"麻醉药品、精神药品和易制毒化学品管理的具体办法，由（　）规定。","Score":5,"Options":[{"Sign":"A","Content":"公安部"},{"Sign":"B","Content":"国家禁毒委"},{"Sign":"C","Content":"国务院"},{"Sign":"D","Content":"卫生部"}]},{"QuestionID":391,"QuestionType":"禁毒知识","Content":"远离毒品仅指“空间远离”。","Score":5,"Options":[{"Sign":"A","Content":"正确"},{"Sign":"B","Content":"错误"}]},{"QuestionID":54,"QuestionType":"禁毒知识","Content":"毒品是使用后能够产生（　）的物质。","Score":5,"Options":[{"Sign":"A","Content":"危害性"},{"Sign":"B","Content":"依赖性"},{"Sign":"C","Content":"兴奋性"},{"Sign":"D","Content":"抑制性"}]},{"QuestionID":187,"QuestionType":"禁毒知识","Content":"吸毒人员主动到公安机关登记或者到有资质的医疗机构接受戒毒治疗的（ ）。","Score":5,"Options":[{"Sign":"A","Content":"应当处罚"},{"Sign":"B","Content":"可以处罚"},{"Sign":"C","Content":"不予处罚"}]},{"QuestionID":50,"QuestionType":"禁毒知识","Content":"第一次将毒品犯罪规定为国际犯罪的公约是（　） 。","Score":5,"Options":[{"Sign":"A","Content":"《禁止非法贩运麻醉药品和精神药物公约》"},{"Sign":"B","Content":"《海牙鸦片公约》"},{"Sign":"C","Content":"《日内瓦禁毒公约》"},{"Sign":"D","Content":"《麻醉药品单一公约》"}]},{"QuestionID":69,"QuestionType":"禁毒知识","Content":"非法持有海洛因（  ）克以上的，构成非法持有毒品罪。","Score":5,"Options":[{"Sign":"A","Content":"5"},{"Sign":"B","Content":"50"},{"Sign":"C","Content":"10"},{"Sign":"D","Content":"20克"}]},{"QuestionID":224,"QuestionType":"禁毒知识","Content":"止咳水通常含有可待因、麻黄碱等成分，（ ）服用可形成心理依赖，戒断症状类似海洛因毒品。","Score":5,"Options":[{"Sign":"A","Content":"长期大量"},{"Sign":"B","Content":"B遵医嘱"},{"Sign":"C","Content":"按药品说明计量服用"},{"Sign":"D","Content":"一次过量服用"}]},{"QuestionID":311,"QuestionType":"禁毒知识","Content":"下列说法正确的是 。（  ）","Score":5,"Options":[{"Sign":"A","Content":"吸毒成瘾是一种脑病"},{"Sign":"B","Content":"少量吸毒对身体没有损害"},{"Sign":"C","Content":"只吸几次毒不会上瘾"},{"Sign":"D","Content":"吸食合成毒品危害比较传统毒品要小"}]},{"QuestionID":94,"QuestionType":"禁毒知识","Content":"国家对易制毒化学品的生产、经营、购买、运输实行（ ）制度。","Score":5,"Options":[{"Sign":"A","Content":"审查"},{"Sign":"B","Content":"许可"},{"Sign":"C","Content":"管理"},{"Sign":"D","Content":"禁止"}]}]}