{"RandomPaperID":289,"Questions":[{"QuestionID":362,"QuestionType":"禁毒知识","Content":"以下哪一种情况一般不会发生在吸毒人员的身上。（  ）","Score":5,"Options":[{"Sign":"A","Content":"酗酒"},{"Sign":"B","Content":"脾气暴躁"},{"Sign":"C","Content":"每天锻炼身体"},{"Sign":"D","Content":"偷盗"}]},{"QuestionID":432,"QuestionType":"禁毒知识","Content":"学校是毒品预防教育的主阵地，课堂是主渠道","Score":5,"Options":[{"Sign":"A","Content":"正确"},{"Sign":"B","Content":"错误"}]},{"QuestionID":184,"QuestionType":"禁毒知识","Content":"吸毒对人的身心危害有：吸毒对身体的毒性作用、戒断反应、精神障碍与变态、感染各种疾病。","Score":5,"Options":[{"Sign":"A","Content":"正确"},{"Sign":"B","Content":"错误"}]},{"QuestionID":54,"QuestionType":"禁毒知识","Content":"毒品是使用后能够产生（　）的物质。","Score":5,"Options":[{"Sign":"A","Content":"危害性"},{"Sign":"B","Content":"依赖性"},{"Sign":"C","Content":"兴奋性"},{"Sign":"D","Content":"抑制性"}]},{"QuestionID":253,"QuestionType":"禁毒知识","Content":"我国《刑法》规定走私、贩卖、运输、制造毒品，无论数量多少，都应当追究刑事责任。","Score":5,"Options":[{"Sign":"A","Content":"正确"},{"Sign":"B","Content":"错误"}]},{"QuestionID":5,"QuestionType":"禁毒知识","Content":"“摇头丸”是苯丙胺类的衍生物，是亚甲基二氧甲基苯丙胺的片剂，属中枢神经（  ），是我国规定管制的精神药品。“摇头丸”是其俗称，意为会使人摇头的药丸，吸食者易处于幻觉状态，有暴力攻击倾向。","Score":5,"Options":[{"Sign":"A","Content":"麻醉剂"},{"Sign":"B","Content":"兴奋剂"},{"Sign":"C","Content":"抑制剂"},{"Sign":"D","Content":"以上答案都不正确"}]},{"QuestionID":69,"QuestionType":"禁毒知识","Content":"非法持有海洛因（  ）克以上的，构成非法持有毒品罪。","Score":5,"Options":[{"Sign":"A","Content":"5"},{"Sign":"B","Content":"50"},{"Sign":"C","Content":"10"},{"Sign":"D","Content":"20克"}]},{"QuestionID":409,"QuestionType":"禁毒知识","Content":"长期吸毒会使吸毒者沉溺于虚幻的自我体验中而不能自拔，使其丧失对生活的热爱、丧失对人际交往的兴趣，而这反映毒品对青少年（　） 的危害。","Score":5,"Options":[{"Sign":"A","Content":"身体健康方面"},{"Sign":"B","Content":"心理健康方面"},{"Sign":"C","Content":"社会发展方面"},{"Sign":"D","Content":"以上三项均不对"}]},{"QuestionID":370,"QuestionType":"禁毒知识","Content":"以下致幻毒品中（　）是从生长在墨西哥北部与美国南部的仙人球里提取的。（  ）","Score":5,"Options":[{"Sign":"A","Content":"吗啡"},{"Sign":"B","Content":"麦司卡林"},{"Sign":"C","Content":"古柯"},{"Sign":"D","Content":"麻古"}]},{"QuestionID":423,"QuestionType":"禁毒知识","Content":"治疗咳嗽的止咳水，因为只是一种治咳嗽的中药，所以多喝一些不会上瘾","Score":5,"Options":[{"Sign":"A","Content":"正确"},{"Sign":"B","Content":"错误"}]},{"QuestionID":306,"QuestionType":"禁毒知识","Content":"下列哪项措施不是社区戒毒工作小组对社区戒毒人员实施的管理、帮助措施？（  ）","Score":5,"Options":[{"Sign":"A","Content":"戒毒知识辅导"},{"Sign":"B","Content":"限制人身自由"},{"Sign":"C","Content":"教育、劝诫"}]},{"QuestionID":235,"QuestionType":"禁毒知识","Content":"世界上生产的鸦片类毒品最多的国家是（　） ?","Score":5,"Options":[{"Sign":"A","Content":"缅甸"},{"Sign":"B","Content":"阿富汗"},{"Sign":"C","Content":"哥伦比亚"},{"Sign":"D","Content":"墨西哥"}]},{"QuestionID":15,"QuestionType":"禁毒知识","Content":"（ ）,即甲基苯丙胺,外观为纯白或黄色结晶体,晶莹剔透。","Score":5,"Options":[{"Sign":"A","Content":"可卡因"},{"Sign":"B","Content":"冰毒"},{"Sign":"C","Content":"海洛因"},{"Sign":"D","Content":"吗啡"}]},{"QuestionID":252,"QuestionType":"禁毒知识","Content":"我国《刑法》对毒品犯罪的刑事责任年龄的规定，对已满14周岁不满16周岁的人，犯贩卖毒品罪的，应当     。（  ）","Score":5,"Options":[{"Sign":"A","Content":"负刑事责任"},{"Sign":"B","Content":"不负刑事责任"}]},{"QuestionID":81,"QuestionType":"禁毒知识","Content":"根据市场需求与大众要求，依法可以生产、经营、使用、储存、运输麻醉药品和精神药品。","Score":5,"Options":[{"Sign":"A","Content":"正确"},{"Sign":"B","Content":"错误"}]},{"QuestionID":17,"QuestionType":"禁毒知识","Content":"“快克”是一种高纯度的海洛因，属于海洛因中的精制品。","Score":5,"Options":[{"Sign":"A","Content":"正确"},{"Sign":"B","Content":"错误"}]},{"QuestionID":212,"QuestionType":"禁毒知识","Content":"娱乐场所及其（  ）实施毒品违法犯罪行为，或者为进入娱乐场所的人员实施毒品违法犯罪行为提供条件，构成犯罪的，依法追究刑事责任；尚不构成犯罪的，依照有关法律、行政法规的规定给予处罚。","Score":5,"Options":[{"Sign":"A","Content":"法人"},{"Sign":"B","Content":"投资方"},{"Sign":"C","Content":"经理"},{"Sign":"D","Content":"从业人员"}]},{"QuestionID":111,"QuestionType":"禁毒知识","Content":"戒毒人员可以自愿在戒毒康复场所生活、劳动。戒毒康复场所组织戒毒人员参加生产劳动的，应当参照国家劳动用工制度的规定支付劳动报酬。以上说法正确吗？（  ）","Score":5,"Options":[{"Sign":"A","Content":"正确"},{"Sign":"B","Content":"错误"}]},{"QuestionID":247,"QuestionType":"禁毒知识","Content":"“虎门销烟”是哪一天开始的（）。","Score":5,"Options":[{"Sign":"A","Content":"1839年6月3日"},{"Sign":"B","Content":"1840年6月9日"},{"Sign":"C","Content":"1841年7月17日"},{"Sign":"D","Content":"1842年10月10日"}]},{"QuestionID":76,"QuestionType":"禁毒知识","Content":"各级人民政府应当建立毒品违法犯罪举报制度。","Score":5,"Options":[{"Sign":"A","Content":"正确"},{"Sign":"B","Content":"错误"}]}]}