{"RandomPaperID":29,"Questions":[{"QuestionID":19,"QuestionType":"禁毒知识","Content":"《禁毒法》规定，国家对麻醉药品和精神药品实行管制，对麻醉药品和精神药品的实验研究、生产、经营、使用、储存、运输实行（  ）制度。","Score":5,"Options":[{"Sign":"A","Content":"审批"},{"Sign":"B","Content":"审核和检查"},{"Sign":"C","Content":"许可和查验"},{"Sign":"D","Content":"以上答案都不正确"}]},{"QuestionID":373,"QuestionType":"禁毒知识","Content":"吸毒人员应当戒除毒瘾（）","Score":5,"Options":[{"Sign":"A","Content":"应当"},{"Sign":"B","Content":"可以"},{"Sign":"C","Content":"不需要"}]},{"QuestionID":395,"QuestionType":"禁毒知识","Content":"在荷兰吸毒，也属违法。","Score":5,"Options":[{"Sign":"A","Content":"正确"},{"Sign":"B","Content":"错误"}]},{"QuestionID":205,"QuestionType":"禁毒知识","Content":"以下哪个法令中第一次明确了保护青少年不受毒品危害的规定。（  ）","Score":5,"Options":[{"Sign":"A","Content":"《刑法》"},{"Sign":"B","Content":"《预防未成年人犯罪法》"},{"Sign":"C","Content":"《未成年人保护法》"},{"Sign":"D","Content":"《危险毒品条例》"}]},{"QuestionID":208,"QuestionType":"禁毒知识","Content":"引诱、教唆或者强迫未成年人吸食、注射毒品或者卖淫的，依法从重处罚。","Score":5,"Options":[{"Sign":"A","Content":"正确"},{"Sign":"B","Content":"错误"}]},{"QuestionID":419,"QuestionType":"禁毒知识","Content":"止咳露（或止咳水）只是一种常见的中成药，大量服用不会形成药物依赖。这种说法","Score":5,"Options":[{"Sign":"A","Content":"正确"},{"Sign":"B","Content":"错误"}]},{"QuestionID":287,"QuestionType":"禁毒知识","Content":"吸毒者不健康的心理有盲目好奇、慕虚荣、赶时髦、追求刺激和享乐、赌气或逆反、无知和轻信、自暴自弃。","Score":5,"Options":[{"Sign":"A","Content":"正确"},{"Sign":"B","Content":"错误"}]},{"QuestionID":230,"QuestionType":"禁毒知识","Content":"社区戒毒与社区康复是具有限制人身自由的行政强制措施。","Score":5,"Options":[{"Sign":"A","Content":"正确"},{"Sign":"B","Content":"错误"}]},{"QuestionID":192,"QuestionType":"禁毒知识","Content":"吸食过量大麻烟可引起气管炎、咽炎、气喘发作、喉头水肿等疾病。","Score":5,"Options":[{"Sign":"A","Content":"正确"},{"Sign":"B","Content":"错误"}]},{"QuestionID":300,"QuestionType":"禁毒知识","Content":"吸食注射毒品成瘾的，应当戒除毒瘾。","Score":5,"Options":[{"Sign":"A","Content":"正确"},{"Sign":"B","Content":"错误"}]},{"QuestionID":64,"QuestionType":"禁毒知识","Content":"对自愿接受戒毒治疗的吸毒人员，公安机关对其原吸毒行为可（　）。","Score":5,"Options":[{"Sign":"A","Content":"减轻处罚"},{"Sign":"B","Content":"不予处罚"},{"Sign":"C","Content":"从重处罚"}]},{"QuestionID":63,"QuestionType":"禁毒知识","Content":"对于吸毒成瘾严重，通过社区戒毒难以戒除毒瘾的人员，公安机关可以直接作出强制隔离戒毒的决定。以上说法正确吗？","Score":5,"Options":[{"Sign":"A","Content":"正确"},{"Sign":"B","Content":"错误"}]},{"QuestionID":155,"QuestionType":"禁毒知识","Content":"人们常说“毒品猛于虎”，毒品的危害除了对身心的危害，严重摧残吸毒者的身体之外，还包括（　） 。（  ）","Score":5,"Options":[{"Sign":"A","Content":"对家庭的危害"},{"Sign":"B","Content":"对社会的危害"},{"Sign":"C","Content":"对他人的危害"},{"Sign":"D","Content":"以上A和B"}]},{"QuestionID":417,"QuestionType":"禁毒知识","Content":"只要依靠坚强的意志，戒毒就一定能成功。这种说法正确吗？","Score":5,"Options":[{"Sign":"A","Content":"正确"},{"Sign":"B","Content":"错误"}]},{"QuestionID":330,"QuestionType":"禁毒知识","Content":"新闻、出版、文化、广播、电影、电视等有关单位，应当有针对性地面向社会进行禁毒宣传教育。","Score":5,"Options":[{"Sign":"A","Content":"正确"},{"Sign":"B","Content":"错误"}]},{"QuestionID":291,"QuestionType":"禁毒知识","Content":"吸毒者在今后的人生道路上应该选择的正确生活态度是（　）。","Score":5,"Options":[{"Sign":"A","Content":"最后吸一次，以后再也不吸了"},{"Sign":"B","Content":"及时行乐，吸毒无害"},{"Sign":"C","Content":"时而坚定，时而动摇"},{"Sign":"D","Content":"戒除毒瘾，回归社会"}]},{"QuestionID":152,"QuestionType":"禁毒知识","Content":"青少年吸毒的原因是什么？（  ）","Score":5,"Options":[{"Sign":"A","Content":"好奇与虚荣"},{"Sign":"B","Content":"追求刺激"},{"Sign":"C","Content":"朋友的怂恿和心理障碍"},{"Sign":"D","Content":"以上选项都是"}]},{"QuestionID":421,"QuestionType":"禁毒知识","Content":"制定《禁毒法》的必要性是（  ）","Score":5,"Options":[{"Sign":"A","Content":"应对严峻的毒品违法犯罪形势的需要"},{"Sign":"B","Content":"进一步完善我国预防和惩治毒品违法犯罪法律体系的需要"},{"Sign":"C","Content":"履行国际禁毒公约的需要"},{"Sign":"D","Content":"A.B和C"}]},{"QuestionID":370,"QuestionType":"禁毒知识","Content":"以下致幻毒品中（　）是从生长在墨西哥北部与美国南部的仙人球里提取的。（  ）","Score":5,"Options":[{"Sign":"A","Content":"吗啡"},{"Sign":"B","Content":"麦司卡林"},{"Sign":"C","Content":"古柯"},{"Sign":"D","Content":"麻古"}]},{"QuestionID":228,"QuestionType":"禁毒知识","Content":"擅自开办戒毒脱瘾治疗业务的，由卫生部门依法予以取缔和处罚。有毒品违法犯罪行为的，应当移送公安机关处理。","Score":5,"Options":[{"Sign":"A","Content":"正确"},{"Sign":"B","Content":"错误"}]}]}