{"RandomPaperID":291,"Questions":[{"QuestionID":124,"QuestionType":"禁毒知识","Content":"咖啡因是由化学合成或从茶叶、咖啡果中提炼出来的一种生物碱，是毒品；头疼粉中含有定量的咖啡因，所以人们服用服食头疼粉的行为是吸毒。","Score":5,"Options":[{"Sign":"A","Content":"正确"},{"Sign":"B","Content":"错误"}]},{"QuestionID":113,"QuestionType":"禁毒知识","Content":"戒毒人员在（  ）等方面不受歧视。有关部门、组织和人员应当在这些方面对戒毒人员给予必要的指导和帮助。","Score":5,"Options":[{"Sign":"A","Content":"入学"},{"Sign":"B","Content":"就业"},{"Sign":"C","Content":"享受社会保障"},{"Sign":"D","Content":"A.B和C"}]},{"QuestionID":383,"QuestionType":"禁毒知识","Content":"有关单位及其工作人员在入学、就业、享受社会保障等方面歧视戒毒人员的，由教育行政部门、劳动行政部门责令改正；给当事人造成损失的，依法承担赔偿责任。以上说法正确吗？（  ）","Score":5,"Options":[{"Sign":"A","Content":"正确"},{"Sign":"B","Content":"错误"}]},{"QuestionID":230,"QuestionType":"禁毒知识","Content":"社区戒毒与社区康复是具有限制人身自由的行政强制措施。","Score":5,"Options":[{"Sign":"A","Content":"正确"},{"Sign":"B","Content":"错误"}]},{"QuestionID":16,"QuestionType":"禁毒知识","Content":"（ ）俗名“可可精”，是从古柯叶中分离出来的一种最主要的生物碱，属中枢神经兴奋剂，呈白色晶体状，无气味，味略苦而麻，兴奋作用强。","Score":5,"Options":[{"Sign":"A","Content":"海洛因"},{"Sign":"B","Content":"可卡因"},{"Sign":"C","Content":"大麻"},{"Sign":"D","Content":"鸦片"}]},{"QuestionID":380,"QuestionType":"禁毒知识","Content":"我国目前海洛因仍然在医疗上使用吗？","Score":5,"Options":[{"Sign":"A","Content":"常使用"},{"Sign":"B","Content":"不使用"},{"Sign":"C","Content":"偶尔使用"}]},{"QuestionID":40,"QuestionType":"禁毒知识","Content":"从医学角度看，吸毒成瘾作为一种疾病。以下哪个表述是正确的（  ）。","Score":5,"Options":[{"Sign":"A","Content":"心理障碍"},{"Sign":"B","Content":"精神疾病"},{"Sign":"C","Content":"躯体疾病"},{"Sign":"D","Content":"慢性的复发性的脑疾病"}]},{"QuestionID":58,"QuestionType":"禁毒知识","Content":"有一类毒品既有兴奋作用又有致幻作用，以下是这类毒品代表的是（　） 。","Score":5,"Options":[{"Sign":"A","Content":"氟硝安定"},{"Sign":"B","Content":"三唑仑"},{"Sign":"C","Content":"LSD"},{"Sign":"D","Content":"摇头丸"}]},{"QuestionID":219,"QuestionType":"禁毒知识","Content":"在中国，大约一直到20世纪20年代才开始使用“毒品”一词。","Score":5,"Options":[{"Sign":"A","Content":"正确"},{"Sign":"B","Content":"错误"}]},{"QuestionID":408,"QuestionType":"禁毒知识","Content":"长期滥用冰毒等苯丙胺类兴奋剂可导致慢性精神障碍，又称苯丙胺性精神病。这种说法对不对？","Score":5,"Options":[{"Sign":"A","Content":"正确"},{"Sign":"B","Content":"错误"}]},{"QuestionID":182,"QuestionType":"禁毒知识","Content":"吸毒的方式有口服、鼻吸、肌肉注射和静脉注射等。","Score":5,"Options":[{"Sign":"A","Content":"正确"},{"Sign":"B","Content":"错误"}]},{"QuestionID":343,"QuestionType":"禁毒知识","Content":"摇头丸就像跳跳糖或是跑跑糖一样，是一种娱乐食品，不是毒品。（  ）","Score":5,"Options":[{"Sign":"A","Content":"正确"},{"Sign":"B","Content":"错误"}]},{"QuestionID":261,"QuestionType":"禁毒知识","Content":"我国吸毒人员吸食的毒品中，吸食最多的毒品是（　）。","Score":5,"Options":[{"Sign":"A","Content":"传统毒品"},{"Sign":"B","Content":"合成毒品"},{"Sign":"C","Content":"新精神活性物质"}]},{"QuestionID":160,"QuestionType":"禁毒知识","Content":"如果有同学或好朋友吃了一些东西以后，发生昏厥、呕吐或是抽搐等不适症状，我们可以拨打120急救电话。","Score":5,"Options":[{"Sign":"A","Content":"正确"},{"Sign":"B","Content":"错误"}]},{"QuestionID":275,"QuestionType":"禁毒知识","Content":"吸毒行为可以通过采集当事人血液、尿液或毛发等检测出来。","Score":5,"Options":[{"Sign":"A","Content":"正确"},{"Sign":"B","Content":"错误"}]},{"QuestionID":102,"QuestionType":"禁毒知识","Content":"海洛因的滥用方式有（　） 。","Score":5,"Options":[{"Sign":"A","Content":"口吸"},{"Sign":"B","Content":"鼻吸"},{"Sign":"C","Content":"注射"},{"Sign":"D","Content":"以上均正确"}]},{"QuestionID":293,"QuestionType":"禁毒知识","Content":"吸食冰毒以后马上驾驶车辆，容易造成情绪冲动及过度兴奋，从而极易引发超速而造成的严重交通事故。","Score":5,"Options":[{"Sign":"A","Content":"对"},{"Sign":"B","Content":"错"}]},{"QuestionID":84,"QuestionType":"禁毒知识","Content":"根据我国《治安管理处罚法》，三年内有吸食、注射毒品行为或者解除强制隔离戒毒措施未满两年的，不得申请驾照。","Score":5,"Options":[{"Sign":"A","Content":"正确"},{"Sign":"B","Content":"错误"}]},{"QuestionID":371,"QuestionType":"禁毒知识","Content":"以下哪一种不是毒品原植物。（  ）","Score":5,"Options":[{"Sign":"A","Content":"罂粟"},{"Sign":"B","Content":"大麻"},{"Sign":"C","Content":"烟叶"},{"Sign":"D","Content":"古柯"}]},{"QuestionID":71,"QuestionType":"禁毒知识","Content":"非法性是毒品的法律属性。凡违反有关规定，用于非医疗、科研目的而制造、运输、销售使用麻醉药品和精神药品是，这些药品就是毒品，此类行为就是非法行为。","Score":5,"Options":[{"Sign":"A","Content":"正确"},{"Sign":"B","Content":"错误"}]}]}