{"RandomPaperID":292,"Questions":[{"QuestionID":429,"QuestionType":"禁毒知识","Content":"古柯原植物经过提纯以后得到的毒品是（）","Score":5,"Options":[{"Sign":"A","Content":"迷幻蘑菇"},{"Sign":"B","Content":"海洛因"},{"Sign":"C","Content":"冰毒"},{"Sign":"D","Content":"可卡因"}]},{"QuestionID":413,"QuestionType":"禁毒知识","Content":"长期吸食以后，情绪亢奋冲动。就算是停止复吸，戒断很久以后，都容易出现幻听、幻觉、被害妄想等精神病稽延症状。这是（　）类毒品的精神病态特征。","Score":5,"Options":[{"Sign":"A","Content":"大麻类"},{"Sign":"B","Content":"鸦片类"},{"Sign":"C","Content":"苯丙胺类"},{"Sign":"D","Content":"古柯类"}]},{"QuestionID":16,"QuestionType":"禁毒知识","Content":"（ ）俗名“可可精”，是从古柯叶中分离出来的一种最主要的生物碱，属中枢神经兴奋剂，呈白色晶体状，无气味，味略苦而麻，兴奋作用强。","Score":5,"Options":[{"Sign":"A","Content":"海洛因"},{"Sign":"B","Content":"可卡因"},{"Sign":"C","Content":"大麻"},{"Sign":"D","Content":"鸦片"}]},{"QuestionID":234,"QuestionType":"禁毒知识","Content":"世界上三大毒品产地中哪一个不在亚洲？","Score":5,"Options":[{"Sign":"A","Content":"“金三角”"},{"Sign":"B","Content":"“金新月”"},{"Sign":"C","Content":"“银三角”"}]},{"QuestionID":153,"QuestionType":"禁毒知识","Content":"青少年要远离毒品，增强自我保护意识，其中最重要的因素是（　）。（  ）","Score":5,"Options":[{"Sign":"A","Content":"社会环境"},{"Sign":"B","Content":"家庭"},{"Sign":"C","Content":"人自身"},{"Sign":"D","Content":"身边朋友"}]},{"QuestionID":336,"QuestionType":"禁毒知识","Content":"鸦片，俗称大烟、福寿膏、阿芙蓉等，医学名阿片。其滥用方式为口吸，是一种传统麻醉品，具有保健作用。","Score":5,"Options":[{"Sign":"A","Content":"正确"},{"Sign":"B","Content":"错误"}]},{"QuestionID":184,"QuestionType":"禁毒知识","Content":"吸毒对人的身心危害有：吸毒对身体的毒性作用、戒断反应、精神障碍与变态、感染各种疾病。","Score":5,"Options":[{"Sign":"A","Content":"正确"},{"Sign":"B","Content":"错误"}]},{"QuestionID":375,"QuestionType":"禁毒知识","Content":"1874年英国化学家莱特（R.Wright），在吗啡中加入醋酸酐等物质，首次提炼出镇痛效果更佳的半合成化衍生物，海洛因","Score":5,"Options":[{"Sign":"A","Content":"正确"},{"Sign":"B","Content":"错误"}]},{"QuestionID":14,"QuestionType":"禁毒知识","Content":"（ ） 化学名称叫二乙酰吗啡,呈灰白色粉末状,也就是人们所说的“白粉”、“白面”。","Score":5,"Options":[{"Sign":"A","Content":"冰毒"},{"Sign":"B","Content":"可卡因"},{"Sign":"C","Content":"海洛因"},{"Sign":"D","Content":"美沙酮"}]},{"QuestionID":90,"QuestionType":"禁毒知识","Content":"广大青少年在日常生活中防毒要做到四点：一是不要听人蛊惑，受 人引诱; 二是不要与吸毒者、贩毒者为伍;三是不要接受有吸 毒劣迹的人送的香烟; 四是（  ） 。","Score":5,"Options":[{"Sign":"A","Content":"只看不吸"},{"Sign":"B","Content":"远离毒品，不沾毒"},{"Sign":"C","Content":"不参与家人吸毒"},{"Sign":"D","Content":"不去歌厅等娱乐场所"}]},{"QuestionID":348,"QuestionType":"禁毒知识","Content":"要构筑拒毒心理防线，我们需要做到（　）。","Score":5,"Options":[{"Sign":"A","Content":"正确把握好奇心"},{"Sign":"B","Content":"抵制不良诱惑"},{"Sign":"C","Content":"养成良好的健康心理"},{"Sign":"D","Content":"以上A、B、C表述均正确"}]},{"QuestionID":45,"QuestionType":"禁毒知识","Content":"当在你身边出现毒品时，正确的做法是（　）。","Score":5,"Options":[{"Sign":"A","Content":"变卖"},{"Sign":"B","Content":"丢弃"},{"Sign":"C","Content":"报告公安机关"},{"Sign":"D","Content":"假装看不见"}]},{"QuestionID":434,"QuestionType":"禁毒知识","Content":"十九大报告提出完善以(  )为核心的中国特色社会主义法律体系，建设中国特色社会主义法治体系。","Score":5,"Options":[{"Sign":"A","Content":"党章"},{"Sign":"B","Content":"宪法"},{"Sign":"C","Content":"党纪国法"},{"Sign":"D","Content":"全民守法"}]},{"QuestionID":211,"QuestionType":"禁毒知识","Content":"邮寄毒品进出国（边）境的行为不是走私毒品罪。","Score":5,"Options":[{"Sign":"A","Content":"正确"},{"Sign":"B","Content":"错误"}]},{"QuestionID":79,"QuestionType":"禁毒知识","Content":"根据毒品来源和生产方法不同，可分为天然毒品和（  ）。","Score":5,"Options":[{"Sign":"A","Content":"合成毒品"},{"Sign":"B","Content":"传统毒品"},{"Sign":"C","Content":"化学毒品"},{"Sign":"D","Content":"新型毒品"}]},{"QuestionID":135,"QuestionType":"禁毒知识","Content":"麦角酰二乙胺，俗称“摇脚丸”，是迷幻药物中代表，是已知药力最强的致幻剂之一。","Score":5,"Options":[{"Sign":"A","Content":"正确"},{"Sign":"B","Content":"错误"}]},{"QuestionID":402,"QuestionType":"禁毒知识","Content":"在医学上用作麻醉剂的是（　）。","Score":5,"Options":[{"Sign":"A","Content":"大麻"},{"Sign":"B","Content":"芬太尼"},{"Sign":"C","Content":"麻古"},{"Sign":"D","Content":"海洛因"}]},{"QuestionID":154,"QuestionType":"禁毒知识","Content":"曲马多是鸦片类物质，主要用作镇痛药，大剂量服用可在短期内上瘾，而它的危害主要表现为（　） 。","Score":5,"Options":[{"Sign":"A","Content":"全身关节疼痛"},{"Sign":"B","Content":"焦虑不安、伴随记忆力下降"},{"Sign":"C","Content":"食欲下降、体重减轻"},{"Sign":"D","Content":"以上A.B.C三项表述均正确"}]},{"QuestionID":125,"QuestionType":"禁毒知识","Content":"滥用大量止咳水会导致中毒性精神病、心跳停止及呼吸停顿导致窒息死亡。","Score":5,"Options":[{"Sign":"A","Content":"正确"},{"Sign":"B","Content":"错误"}]},{"QuestionID":143,"QuestionType":"禁毒知识","Content":"你认为一个家庭如何才能“远离毒品”？（  ）","Score":5,"Options":[{"Sign":"A","Content":"自己拒绝毒品，向父母和亲属介绍毒品常识，提醒他们千万不要尝试毒品"},{"Sign":"B","Content":"不去沾毒品，也不关心毒品"},{"Sign":"C","Content":"自己不去碰毒品就行"},{"Sign":"D","Content":"自己树立防毒意识"}]}]}