{"RandomPaperID":293,"Questions":[{"QuestionID":17,"QuestionType":"禁毒知识","Content":"“快克”是一种高纯度的海洛因，属于海洛因中的精制品。","Score":5,"Options":[{"Sign":"A","Content":"正确"},{"Sign":"B","Content":"错误"}]},{"QuestionID":213,"QuestionType":"禁毒知识","Content":"娱乐场所因违反《娱乐场所管理条例》规定，被吊销或者撤销娱乐经营许可证的，自被吊销或者撤销之日起，其法定代表人、负责人在（  ）内不得担任娱乐场所的法定代表人、负责人。","Score":5,"Options":[{"Sign":"A","Content":"二年"},{"Sign":"B","Content":"三年"},{"Sign":"C","Content":"四年"},{"Sign":"D","Content":"五年"}]},{"QuestionID":383,"QuestionType":"禁毒知识","Content":"有关单位及其工作人员在入学、就业、享受社会保障等方面歧视戒毒人员的，由教育行政部门、劳动行政部门责令改正；给当事人造成损失的，依法承担赔偿责任。以上说法正确吗？（  ）","Score":5,"Options":[{"Sign":"A","Content":"正确"},{"Sign":"B","Content":"错误"}]},{"QuestionID":9,"QuestionType":"禁毒知识","Content":"氟硝安定、安眠酮、丁丙诺啡、地西泮及有机溶剂和鼻吸剂是合成毒品。","Score":5,"Options":[{"Sign":"A","Content":"正确"},{"Sign":"B","Content":"错误"}]},{"QuestionID":245,"QuestionType":"禁毒知识","Content":"为全面禁绝毒品危害，联合国于（　）年确立了“有效减少毒品需求”的禁毒战略。（  ）","Score":5,"Options":[{"Sign":"A","Content":"1990"},{"Sign":"B","Content":"1992"},{"Sign":"C","Content":"1995"},{"Sign":"D","Content":"1998"}]},{"QuestionID":74,"QuestionType":"禁毒知识","Content":"负责社区戒毒工作的是（  ）。","Score":5,"Options":[{"Sign":"A","Content":"公安机关"},{"Sign":"B","Content":"卫生行政部门"},{"Sign":"C","Content":"城市街道办事处、乡镇人民政府"},{"Sign":"D","Content":"司法机关"}]},{"QuestionID":107,"QuestionType":"禁毒知识","Content":"合成毒品直接作用于人的（　）  。","Score":5,"Options":[{"Sign":"A","Content":"大脑"},{"Sign":"B","Content":"心脏"},{"Sign":"C","Content":"中枢神经"},{"Sign":"D","Content":"肌肉"}]},{"QuestionID":38,"QuestionType":"禁毒知识","Content":"传统毒品一般是指鸦片、海洛因、大麻等流行较早的毒品。","Score":5,"Options":[{"Sign":"A","Content":"正确"},{"Sign":"B","Content":"错误"}]},{"QuestionID":401,"QuestionType":"禁毒知识","Content":"在药理上，海洛因的镇痛效力是吗啡的几倍？（  ）","Score":5,"Options":[{"Sign":"A","Content":"4至8倍"},{"Sign":"B","Content":"1至2倍"},{"Sign":"C","Content":"8倍以上"}]},{"QuestionID":70,"QuestionType":"禁毒知识","Content":"非法持有甲基苯丙胺（即冰毒）（　）以上的，构成非法持有毒品罪。","Score":5,"Options":[{"Sign":"A","Content":"5克"},{"Sign":"B","Content":"10克"},{"Sign":"C","Content":"15克"},{"Sign":"D","Content":"20克"}]},{"QuestionID":216,"QuestionType":"禁毒知识","Content":"在迪厅、酒吧、KTV等娱乐场所，如果你看到了一种红色药丸（或药片）状的东西，那你可能就是看到了（　），千万小心不要沾染。（  ）","Score":5,"Options":[{"Sign":"A","Content":"跳跳糖"},{"Sign":"B","Content":"彩球糖"},{"Sign":"C","Content":"摇头丸或麻古"},{"Sign":"D","Content":"山楂丸"}]},{"QuestionID":131,"QuestionType":"禁毒知识","Content":"麻古具有强烈的兴奋和致幻功能，吸食后容易造成人体中枢神经（　）的损伤。","Score":5,"Options":[{"Sign":"A","Content":"不可逆性"},{"Sign":"B","Content":"可逆性"},{"Sign":"C","Content":"一过性"},{"Sign":"D","Content":"临时性"}]},{"QuestionID":179,"QuestionType":"禁毒知识","Content":"吸毒成瘾的因素有生理因素、社会因素、个人的心理因素。","Score":5,"Options":[{"Sign":"A","Content":"正确"},{"Sign":"B","Content":"错误"}]},{"QuestionID":307,"QuestionType":"禁毒知识","Content":"下列那种毒品常用鼻吸的方式吸食？（  ）","Score":5,"Options":[{"Sign":"A","Content":"麻古"},{"Sign":"B","Content":"古柯"},{"Sign":"C","Content":"K粉"},{"Sign":"D","Content":"冰毒"}]},{"QuestionID":147,"QuestionType":"禁毒知识","Content":"强制隔离戒毒期满前，经诊断评估，对于需要延长戒毒期限的戒毒人员，由强制隔离戒毒场所提出延长戒毒期限的意见，报强制隔离戒毒的决定机关批准。强制隔离戒毒的最长延长期限不得超过半年。","Score":5,"Options":[{"Sign":"A","Content":"正确"},{"Sign":"B","Content":"错误"}]},{"QuestionID":98,"QuestionType":"禁毒知识","Content":"国家确定的麻醉药品药用原植物种植企业的提取加工场所，以及国家设立的麻醉药品储存仓库，列为（  ）。","Score":5,"Options":[{"Sign":"A","Content":"国家重点工程"},{"Sign":"B","Content":"国家禁区"},{"Sign":"C","Content":"国家重点警戒目标"},{"Sign":"D","Content":"保密单位"}]},{"QuestionID":150,"QuestionType":"禁毒知识","Content":"青少年涉毒犯罪的特征表现为：低龄化趋势明显，吸毒犯罪者居多。","Score":5,"Options":[{"Sign":"A","Content":"正确"},{"Sign":"B","Content":"错误"}]},{"QuestionID":77,"QuestionType":"禁毒知识","Content":"根据（　） 需要，依法可以生产、经营、使用、储存、运输麻醉药品和精神药品。","Score":5,"Options":[{"Sign":"A","Content":"医疗、教学、及科研"},{"Sign":"B","Content":"宣传"},{"Sign":"C","Content":"消费市场"},{"Sign":"D","Content":"大众生活"}]},{"QuestionID":115,"QuestionType":"禁毒知识","Content":"戒毒是指吸毒人员自愿，或者由国家强制戒除其吸食、注射毒品瘾癖的过程。","Score":5,"Options":[{"Sign":"A","Content":"正确"},{"Sign":"B","Content":"错误"}]},{"QuestionID":197,"QuestionType":"禁毒知识","Content":"下列那种属于兴奋剂？","Score":5,"Options":[{"Sign":"A","Content":"摇头丸"},{"Sign":"B","Content":"二甲基色胺"},{"Sign":"C","Content":"巴比妥"},{"Sign":"D","Content":"吗啡"}]}]}