{"RandomPaperID":294,"Questions":[{"QuestionID":101,"QuestionType":"禁毒知识","Content":"海洛因同吗啡相比，其成瘾性（  ）。","Score":5,"Options":[{"Sign":"A","Content":"更强"},{"Sign":"B","Content":"较弱"},{"Sign":"C","Content":"相当"},{"Sign":"D","Content":"更弱"}]},{"QuestionID":44,"QuestionType":"禁毒知识","Content":"当有人以各种借口引诱你吸食毒品或尝试可能是毒品的药丸时，正确的做法是（  ）。","Score":5,"Options":[{"Sign":"A","Content":"拒绝"},{"Sign":"B","Content":"尝试"},{"Sign":"C","Content":"接受"},{"Sign":"D","Content":"犹豫不决"}]},{"QuestionID":130,"QuestionType":"禁毒知识","Content":"氯胺酮，是一种静脉全麻药，也用作兽用麻醉药，但是一般人只要足量接触二、三次即可上瘾，是一种极度危险的精神药品。","Score":5,"Options":[{"Sign":"A","Content":"正确"},{"Sign":"B","Content":"错误"}]},{"QuestionID":60,"QuestionType":"禁毒知识","Content":"对严重违反社区戒毒协议或者在社区戒毒期间又吸食、注射毒品的，参与社区戒毒的工作人员应当（ ）。","Score":5,"Options":[{"Sign":"A","Content":"进行劝导"},{"Sign":"B","Content":"进行批评、教育"},{"Sign":"C","Content":"及时向公安机关报告"},{"Sign":"D","Content":"对其执行强制隔离戒毒"}]},{"QuestionID":137,"QuestionType":"禁毒知识","Content":"美沙酮替代维持治疗主要适用于吸食、注射（     ）的吸毒人员。","Score":5,"Options":[{"Sign":"A","Content":"冰毒"},{"Sign":"B","Content":"可卡因"},{"Sign":"C","Content":"大麻"},{"Sign":"D","Content":"海洛因"}]},{"QuestionID":344,"QuestionType":"禁毒知识","Content":"摇头丸具有兴奋与致幻双重作用，在药力作用下，用药者的时间概念和认知会混乱，因而表现出超乎寻常的活跃。","Score":5,"Options":[{"Sign":"A","Content":"正确"},{"Sign":"B","Content":"错误"}]},{"QuestionID":50,"QuestionType":"禁毒知识","Content":"第一次将毒品犯罪规定为国际犯罪的公约是（　） 。","Score":5,"Options":[{"Sign":"A","Content":"《禁止非法贩运麻醉药品和精神药物公约》"},{"Sign":"B","Content":"《海牙鸦片公约》"},{"Sign":"C","Content":"《日内瓦禁毒公约》"},{"Sign":"D","Content":"《麻醉药品单一公约》"}]},{"QuestionID":81,"QuestionType":"禁毒知识","Content":"根据市场需求与大众要求，依法可以生产、经营、使用、储存、运输麻醉药品和精神药品。","Score":5,"Options":[{"Sign":"A","Content":"正确"},{"Sign":"B","Content":"错误"}]},{"QuestionID":230,"QuestionType":"禁毒知识","Content":"社区戒毒与社区康复是具有限制人身自由的行政强制措施。","Score":5,"Options":[{"Sign":"A","Content":"正确"},{"Sign":"B","Content":"错误"}]},{"QuestionID":403,"QuestionType":"禁毒知识","Content":"在中国，K粉列入第一类精神药品管制。","Score":5,"Options":[{"Sign":"A","Content":"正确"},{"Sign":"B","Content":"错误"}]},{"QuestionID":326,"QuestionType":"禁毒知识","Content":"小王在网上及微信群里教人制作毒品的方法，但他自己从来没有吸毒、贩毒和制毒，所以他仅仅算是传播了毒品的相关知识，并不算违法。这种说法正确吗？（  ）。","Score":5,"Options":[{"Sign":"A","Content":"正确"},{"Sign":"B","Content":"错误"}]},{"QuestionID":365,"QuestionType":"禁毒知识","Content":"以下属于古柯类毒品的是（　）。","Score":5,"Options":[{"Sign":"A","Content":"吗啡"},{"Sign":"B","Content":"快克"},{"Sign":"C","Content":"安眠酮"},{"Sign":"D","Content":"咖啡因"}]},{"QuestionID":247,"QuestionType":"禁毒知识","Content":"“虎门销烟”是哪一天开始的（）。","Score":5,"Options":[{"Sign":"A","Content":"1839年6月3日"},{"Sign":"B","Content":"1840年6月9日"},{"Sign":"C","Content":"1841年7月17日"},{"Sign":"D","Content":"1842年10月10日"}]},{"QuestionID":363,"QuestionType":"禁毒知识","Content":"以下哪种说法不正确？（  ）","Score":5,"Options":[{"Sign":"A","Content":"心理治疗是帮助成瘾者戒毒的有效方法之一"},{"Sign":"B","Content":"冷火鸡疗法是海洛因成瘾者戒毒的方法之一"},{"Sign":"C","Content":"美沙酮替代治疗能帮助冰毒成瘾者戒断毒瘾"},{"Sign":"D","Content":"美沙酮替代治疗能帮助海洛因成瘾者降低危害"}]},{"QuestionID":412,"QuestionType":"禁毒知识","Content":"长期吸食鸦片会使人先天免疫力丧失，非常容易感染各种疾病。","Score":5,"Options":[{"Sign":"A","Content":"正确"},{"Sign":"B","Content":"错误"}]},{"QuestionID":201,"QuestionType":"禁毒知识","Content":"摇头丸主要出现在慢摇吧、迪厅等娱乐场所，青少年应尽量远离这些场所。","Score":5,"Options":[{"Sign":"A","Content":"正确"},{"Sign":"B","Content":"错误"}]},{"QuestionID":68,"QuestionType":"禁毒知识","Content":"贩卖毒品应当（  ）。","Score":5,"Options":[{"Sign":"A","Content":"批评教育"},{"Sign":"B","Content":"追究刑事责任"},{"Sign":"C","Content":"送劳动教养"},{"Sign":"D","Content":"行政处罚"}]},{"QuestionID":225,"QuestionType":"禁毒知识","Content":"制定《禁毒法》的目的是（  ）","Score":5,"Options":[{"Sign":"A","Content":"预防和惩治毒品违法犯罪行为"},{"Sign":"B","Content":"保护公民身心健康"},{"Sign":"C","Content":"维护社会秩序"},{"Sign":"D","Content":"A.B和C"}]},{"QuestionID":263,"QuestionType":"禁毒知识","Content":"我们的爸爸、妈妈、爷爷、奶奶都可以喝酒，所以我们也可以喝酒。（  ）","Score":5,"Options":[{"Sign":"A","Content":"正确"},{"Sign":"B","Content":"错误"}]},{"QuestionID":77,"QuestionType":"禁毒知识","Content":"根据（　） 需要，依法可以生产、经营、使用、储存、运输麻醉药品和精神药品。","Score":5,"Options":[{"Sign":"A","Content":"医疗、教学、及科研"},{"Sign":"B","Content":"宣传"},{"Sign":"C","Content":"消费市场"},{"Sign":"D","Content":"大众生活"}]}]}