{"RandomPaperID":30,"Questions":[{"QuestionID":107,"QuestionType":"禁毒知识","Content":"合成毒品直接作用于人的（　）  。","Score":5,"Options":[{"Sign":"A","Content":"大脑"},{"Sign":"B","Content":"心脏"},{"Sign":"C","Content":"中枢神经"},{"Sign":"D","Content":"肌肉"}]},{"QuestionID":47,"QuestionType":"禁毒知识","Content":"登记参加药物维持治疗的戒毒人员的信息应当及时报(  )备案。","Score":5,"Options":[{"Sign":"A","Content":"药品监督管理部门"},{"Sign":"B","Content":"公安机关"},{"Sign":"C","Content":"卫生行政部门"},{"Sign":"D","Content":"检查机关"}]},{"QuestionID":435,"QuestionType":"禁毒知识","Content":"十九大报告提出，成立（），加强对法治中国建设的统一领导。","Score":5,"Options":[{"Sign":"A","Content":"中国依法治国领导小组"},{"Sign":"B","Content":"中央全面依法治国领导小组"},{"Sign":"C","Content":"中央法制领导小组"},{"Sign":"D","Content":"国务院依法治国领导小组"}]},{"QuestionID":131,"QuestionType":"禁毒知识","Content":"麻古具有强烈的兴奋和致幻功能，吸食后容易造成人体中枢神经（　）的损伤。","Score":5,"Options":[{"Sign":"A","Content":"不可逆性"},{"Sign":"B","Content":"可逆性"},{"Sign":"C","Content":"一过性"},{"Sign":"D","Content":"临时性"}]},{"QuestionID":71,"QuestionType":"禁毒知识","Content":"非法性是毒品的法律属性。凡违反有关规定，用于非医疗、科研目的而制造、运输、销售使用麻醉药品和精神药品是，这些药品就是毒品，此类行为就是非法行为。","Score":5,"Options":[{"Sign":"A","Content":"正确"},{"Sign":"B","Content":"错误"}]},{"QuestionID":376,"QuestionType":"禁毒知识","Content":"罂粟壳是罂粟的成熟干燥果壳，呈椭圆形或瓶状卵形，残留有吗啡等成分。","Score":5,"Options":[{"Sign":"A","Content":"正确"},{"Sign":"B","Content":"错误"}]},{"QuestionID":383,"QuestionType":"禁毒知识","Content":"有关单位及其工作人员在入学、就业、享受社会保障等方面歧视戒毒人员的，由教育行政部门、劳动行政部门责令改正；给当事人造成损失的，依法承担赔偿责任。以上说法正确吗？（  ）","Score":5,"Options":[{"Sign":"A","Content":"正确"},{"Sign":"B","Content":"错误"}]},{"QuestionID":268,"QuestionType":"禁毒知识","Content":"吸毒是一种违法行为，需要受到刑法处罚（  ）","Score":5,"Options":[{"Sign":"A","Content":"正确"},{"Sign":"B","Content":"错误"}]},{"QuestionID":25,"QuestionType":"禁毒知识","Content":"《禁毒法》规定的禁毒工作机制是（　）。","Score":5,"Options":[{"Sign":"A","Content":"党委统一领导，政府各部门各司其责，全社会广泛参与"},{"Sign":"B","Content":"政府统一领导，有关部门各负其责，社会广泛参与"},{"Sign":"C","Content":"党委政府统一领导，各有关部门各司其责，社会广泛参与"},{"Sign":"D","Content":"党委政府领导，各有关部门各负其责，全社会广泛参与"}]},{"QuestionID":75,"QuestionType":"禁毒知识","Content":"复吸的一律强制隔离戒毒。","Score":5,"Options":[{"Sign":"A","Content":"正确"},{"Sign":"B","Content":"错误"}]},{"QuestionID":41,"QuestionType":"禁毒知识","Content":"大麻类毒品的主要活性成分是四氢大麻酚。","Score":5,"Options":[{"Sign":"A","Content":"正确"},{"Sign":"B","Content":"错误"}]},{"QuestionID":272,"QuestionType":"禁毒知识","Content":"吸毒对女性怀孕后胎儿的影响是（　）。","Score":5,"Options":[{"Sign":"A","Content":"可能导致胎儿畸形死胎"},{"Sign":"B","Content":"没有任何影响"},{"Sign":"C","Content":"可能导致难产"},{"Sign":"D","Content":"会让胎儿更健康"}]},{"QuestionID":108,"QuestionType":"禁毒知识","Content":"荷兰不限制贩卖和吸食大麻。","Score":5,"Options":[{"Sign":"A","Content":"正确"},{"Sign":"B","Content":"错误"}]},{"QuestionID":419,"QuestionType":"禁毒知识","Content":"止咳露（或止咳水）只是一种常见的中成药，大量服用不会形成药物依赖。这种说法","Score":5,"Options":[{"Sign":"A","Content":"正确"},{"Sign":"B","Content":"错误"}]},{"QuestionID":355,"QuestionType":"禁毒知识","Content":"医务人员可为自己开处方使用麻醉药品。","Score":5,"Options":[{"Sign":"A","Content":"正确"},{"Sign":"B","Content":"错误"}]},{"QuestionID":263,"QuestionType":"禁毒知识","Content":"我们的爸爸、妈妈、爷爷、奶奶都可以喝酒，所以我们也可以喝酒。（  ）","Score":5,"Options":[{"Sign":"A","Content":"正确"},{"Sign":"B","Content":"错误"}]},{"QuestionID":69,"QuestionType":"禁毒知识","Content":"非法持有海洛因（  ）克以上的，构成非法持有毒品罪。","Score":5,"Options":[{"Sign":"A","Content":"5"},{"Sign":"B","Content":"50"},{"Sign":"C","Content":"10"},{"Sign":"D","Content":"20克"}]},{"QuestionID":309,"QuestionType":"禁毒知识","Content":"下列属于合成毒品的是（　）。","Score":5,"Options":[{"Sign":"A","Content":"可卡因"},{"Sign":"B","Content":"鸦片"},{"Sign":"C","Content":"冰毒"},{"Sign":"D","Content":"大麻"}]},{"QuestionID":190,"QuestionType":"禁毒知识","Content":"吸食毒品因共用针具容易导致艾滋病与丙型肝炎等类疾病的传播。","Score":5,"Options":[{"Sign":"A","Content":"正确"},{"Sign":"B","Content":"错误"}]},{"QuestionID":83,"QuestionType":"禁毒知识","Content":"根据我国《禁毒法》之规定，目前我国的禁毒模式共有自愿戒毒、社区戒毒、强制隔离戒毒三种。","Score":5,"Options":[{"Sign":"A","Content":"正确"},{"Sign":"B","Content":"错误"}]}]}