{"RandomPaperID":300,"Questions":[{"QuestionID":195,"QuestionType":"禁毒知识","Content":"下列哪个不属于吸毒者吸食毒品的方式？（  ）","Score":5,"Options":[{"Sign":"A","Content":"吸入式"},{"Sign":"B","Content":"口服式"},{"Sign":"C","Content":"静脉注射式"},{"Sign":"D","Content":"滴入式"}]},{"QuestionID":362,"QuestionType":"禁毒知识","Content":"以下哪一种情况一般不会发生在吸毒人员的身上。（  ）","Score":5,"Options":[{"Sign":"A","Content":"酗酒"},{"Sign":"B","Content":"脾气暴躁"},{"Sign":"C","Content":"每天锻炼身体"},{"Sign":"D","Content":"偷盗"}]},{"QuestionID":174,"QuestionType":"禁毒知识","Content":"我国对毒品违法犯罪尚不够成犯罪的行为予以处罚，处罚的形式有警告、罚款、行政拘留和吊销公安机关发放的许可证。","Score":5,"Options":[{"Sign":"A","Content":"正确"},{"Sign":"B","Content":"错误"}]},{"QuestionID":133,"QuestionType":"禁毒知识","Content":"吗啡、海洛因，如采取静脉注射的方式，1至2次即可成瘾。","Score":5,"Options":[{"Sign":"A","Content":"正确"},{"Sign":"B","Content":"错误"}]},{"QuestionID":36,"QuestionType":"禁毒知识","Content":"冰毒因作为具有强烈成瘾性和巨大危害性的吗啡类衍生物，被认为是当今毒品中的精品，目前被世界各国将其列为“头号毒品”。","Score":5,"Options":[{"Sign":"A","Content":"正确"},{"Sign":"B","Content":"错误"}]},{"QuestionID":97,"QuestionType":"禁毒知识","Content":"国家鼓励志愿人员参与（  ）工作。地方各级人民政府应当对志愿人员进行指导、培训，并提供必要的工作条件。","Score":5,"Options":[{"Sign":"A","Content":"缉毒侦查"},{"Sign":"B","Content":"禁毒管理"},{"Sign":"C","Content":"禁毒宣传教育和戒毒社会服务"},{"Sign":"D","Content":"禁毒知识普及教育"}]},{"QuestionID":320,"QuestionType":"禁毒知识","Content":"下面表述正确的是？（  ）","Score":5,"Options":[{"Sign":"A","Content":"禁毒主要是人民政府的责任"},{"Sign":"B","Content":"禁毒主要是公安机关的责任"},{"Sign":"C","Content":"禁毒与自己无关"},{"Sign":"D","Content":"禁毒是全社会的共同责任"}]},{"QuestionID":30,"QuestionType":"禁毒知识","Content":"《中华人民共和国刑法》规定，走私、贩卖、运输、制造鸦片一千克以上、海洛因或者甲基苯丙胺（　）克以上或者其他毒品数量大的，处十五年有期徒刑、无期徒刑或者死刑，并处没收财产。","Score":5,"Options":[{"Sign":"A","Content":"十"},{"Sign":"B","Content":"二十"},{"Sign":"C","Content":"五十"},{"Sign":"D","Content":"一百"}]},{"QuestionID":74,"QuestionType":"禁毒知识","Content":"负责社区戒毒工作的是（  ）。","Score":5,"Options":[{"Sign":"A","Content":"公安机关"},{"Sign":"B","Content":"卫生行政部门"},{"Sign":"C","Content":"城市街道办事处、乡镇人民政府"},{"Sign":"D","Content":"司法机关"}]},{"QuestionID":120,"QuestionType":"禁毒知识","Content":"经有关部门批准，个人可以开办戒毒脱瘾治疗业务。","Score":5,"Options":[{"Sign":"A","Content":"正确"},{"Sign":"B","Content":"错误"}]},{"QuestionID":158,"QuestionType":"禁毒知识","Content":"如果外国人在中国违法犯罪，中国根据属地管辖原则，有权对其违法犯罪行为进行处罚；该外国人所属国的法律规定了有属人管辖原则的，我国无法对该外国人在中国的犯罪行为进行处罚。","Score":5,"Options":[{"Sign":"A","Content":"正确"},{"Sign":"B","Content":"错误"}]},{"QuestionID":70,"QuestionType":"禁毒知识","Content":"非法持有甲基苯丙胺（即冰毒）（　）以上的，构成非法持有毒品罪。","Score":5,"Options":[{"Sign":"A","Content":"5克"},{"Sign":"B","Content":"10克"},{"Sign":"C","Content":"15克"},{"Sign":"D","Content":"20克"}]},{"QuestionID":54,"QuestionType":"禁毒知识","Content":"毒品是使用后能够产生（　）的物质。","Score":5,"Options":[{"Sign":"A","Content":"危害性"},{"Sign":"B","Content":"依赖性"},{"Sign":"C","Content":"兴奋性"},{"Sign":"D","Content":"抑制性"}]},{"QuestionID":432,"QuestionType":"禁毒知识","Content":"学校是毒品预防教育的主阵地，课堂是主渠道","Score":5,"Options":[{"Sign":"A","Content":"正确"},{"Sign":"B","Content":"错误"}]},{"QuestionID":142,"QuestionType":"禁毒知识","Content":"你的同学或者好朋友把你介绍给他的朋友们，这些人私密的聚在某人家里或者类似娱乐场所的地方，使用一些粉末、片剂或者类似香烟的东西。还请你品尝，你恰当的拒绝方式应该是（　） 。","Score":5,"Options":[{"Sign":"A","Content":"找个合适的借口离开那里"},{"Sign":"B","Content":"坚决地拒绝"},{"Sign":"C","Content":"婉言谢绝"},{"Sign":"D","Content":"以上方式都可以"}]},{"QuestionID":175,"QuestionType":"禁毒知识","Content":"毒品预防教育的首要重点对象是（　）。","Score":5,"Options":[{"Sign":"A","Content":"无业人员"},{"Sign":"B","Content":"青少年"},{"Sign":"C","Content":"流动人口"},{"Sign":"D","Content":"文化素质较低的人员"}]},{"QuestionID":35,"QuestionType":"禁毒知识","Content":"麻黄碱是从哪种原植物中提取的（　）  。","Score":5,"Options":[{"Sign":"A","Content":"罂粟"},{"Sign":"B","Content":"大麻"},{"Sign":"C","Content":"麻黄草"},{"Sign":"D","Content":"古柯"}]},{"QuestionID":141,"QuestionType":"禁毒知识","Content":"你的好朋友给你一种样子像糖果的东西，说特别好玩，让你尝尝。你的选择应该是：（ ）","Score":5,"Options":[{"Sign":"A","Content":"相信朋友不会害你，直接吞下"},{"Sign":"B","Content":"不想吃，但是碍于朋友之间的面子，勉强吃了。"},{"Sign":"C","Content":"拒绝或者收下但是不会吃。因为对于任何要摄入体内的东西在没有确定是否安全的情况下绝不能服用。即使是朋友可能也不知道或者没有意识到他给你的东西是有害的。"}]},{"QuestionID":317,"QuestionType":"禁毒知识","Content":"吸毒成瘾的原因有（　）。","Score":5,"Options":[{"Sign":"A","Content":"个人"},{"Sign":"B","Content":"家庭"},{"Sign":"C","Content":"社会"},{"Sign":"D","Content":"以上选项都是"}]},{"QuestionID":331,"QuestionType":"禁毒知识","Content":"合成毒品成瘾患者可以使用美沙酮维持治疗疗法。","Score":5,"Options":[{"Sign":"A","Content":"正确"},{"Sign":"B","Content":"错误"}]}]}