{"RandomPaperID":303,"Questions":[{"QuestionID":226,"QuestionType":"禁毒知识","Content":"中学生应该怎样做才能远离毒品、拒绝毒品？","Score":5,"Options":[{"Sign":"A","Content":"了解毒品的特征"},{"Sign":"B","Content":"认识到毒品的危害"},{"Sign":"C","Content":"能够辨别毒品"},{"Sign":"D","Content":"以上选项都是"}]},{"QuestionID":159,"QuestionType":"禁毒知识","Content":"如果有人在我们周围大量生产制造冰毒，很容易产生大量刺鼻的刺激性气味。这种说法正确吗？","Score":5,"Options":[{"Sign":"A","Content":"正确"},{"Sign":"B","Content":"错误"}]},{"QuestionID":149,"QuestionType":"禁毒知识","Content":"强制隔离戒毒是指对吸食、注射毒品成瘾严重人员，在一定时期内通过行政措施对其强制进行药物治疗、心理治疗和法制教育、道德教育，使其戒除毒瘾。","Score":5,"Options":[{"Sign":"A","Content":"正确"},{"Sign":"B","Content":"错误"}]},{"QuestionID":18,"QuestionType":"禁毒知识","Content":"《禁毒法》规定，国家采取各种措施帮助吸毒人员戒除毒瘾，（  ）吸毒人员。吸毒成瘾人员应当进行戒毒治疗。","Score":5,"Options":[{"Sign":"A","Content":"打击处理"},{"Sign":"B","Content":"依法惩治"},{"Sign":"C","Content":"教育和挽救"},{"Sign":"D","Content":"收容看管"}]},{"QuestionID":374,"QuestionType":"禁毒知识","Content":"引诱、教唆、欺骗或者强迫（ ）吸食、注射毒品的，从重处罚。","Score":5,"Options":[{"Sign":"A","Content":"成年人"},{"Sign":"B","Content":"未成年人"},{"Sign":"C","Content":"妇女"}]},{"QuestionID":243,"QuestionType":"禁毒知识","Content":"网络成瘾是一种行为成瘾。表现为由于（  ）互联网而导致个体明显的社会、心理、生理功能损害。","Score":5,"Options":[{"Sign":"A","Content":"过度使用"},{"Sign":"B","Content":"正常使用"}]},{"QuestionID":410,"QuestionType":"禁毒知识","Content":"长期吸毒会使吸毒者沉溺于虚幻的自我体验中而不能自拔，使其丧失对生活的热爱、丧失对人际交往的兴趣，这是毒品的社会危害。","Score":5,"Options":[{"Sign":"A","Content":"正确"},{"Sign":"B","Content":"错误"}]},{"QuestionID":367,"QuestionType":"禁毒知识","Content":"以下属于生活技能教育主要内容的是（　）  。","Score":5,"Options":[{"Sign":"A","Content":"正确的自我认识"},{"Sign":"B","Content":"学会倾听、有效交流与沟通"},{"Sign":"C","Content":"调节情绪，缓解紧张和压力"},{"Sign":"D","Content":"以上A.B.C三项表述均是"}]},{"QuestionID":44,"QuestionType":"禁毒知识","Content":"当有人以各种借口引诱你吸食毒品或尝试可能是毒品的药丸时，正确的做法是（  ）。","Score":5,"Options":[{"Sign":"A","Content":"拒绝"},{"Sign":"B","Content":"尝试"},{"Sign":"C","Content":"接受"},{"Sign":"D","Content":"犹豫不决"}]},{"QuestionID":9,"QuestionType":"禁毒知识","Content":"氟硝安定、安眠酮、丁丙诺啡、地西泮及有机溶剂和鼻吸剂是合成毒品。","Score":5,"Options":[{"Sign":"A","Content":"正确"},{"Sign":"B","Content":"错误"}]},{"QuestionID":307,"QuestionType":"禁毒知识","Content":"下列那种毒品常用鼻吸的方式吸食？（  ）","Score":5,"Options":[{"Sign":"A","Content":"麻古"},{"Sign":"B","Content":"古柯"},{"Sign":"C","Content":"K粉"},{"Sign":"D","Content":"冰毒"}]},{"QuestionID":420,"QuestionType":"禁毒知识","Content":"止咳水的主要成分虽然为可待因及麻黄碱等，但其实是一种镇咳处方药，即便非法乱用也不是吸毒。这种说法对吗？","Score":5,"Options":[{"Sign":"A","Content":"正确"},{"Sign":"B","Content":"错误"}]},{"QuestionID":22,"QuestionType":"禁毒知识","Content":"《禁毒法》规定，禁止非法（  ）麻醉药品、精神药品和易制毒化学品的制造方法。公安机关接到举报或者发现此类情况，应当及时依法查处。","Score":5,"Options":[{"Sign":"A","Content":"贩卖"},{"Sign":"B","Content":"传播"},{"Sign":"C","Content":"传授"},{"Sign":"D","Content":"获取"}]},{"QuestionID":122,"QuestionType":"禁毒知识","Content":"精神药品是指由国际禁毒公约和我国法律法规规定管制的、直接作用于人的中枢神经系统，使人兴奋或抑制，连续使用能产生依赖性的药品。","Score":5,"Options":[{"Sign":"A","Content":"正确"},{"Sign":"B","Content":"错误"}]},{"QuestionID":342,"QuestionType":"禁毒知识","Content":"研究表明，80%以上的苯丙胺滥用者即使停止滥用最长达8-12年 ，仍有一些精神病症状，乃至精神分裂，一遇刺激便会发作。","Score":5,"Options":[{"Sign":"A","Content":"正确"},{"Sign":"B","Content":"错误"}]},{"QuestionID":326,"QuestionType":"禁毒知识","Content":"小王在网上及微信群里教人制作毒品的方法，但他自己从来没有吸毒、贩毒和制毒，所以他仅仅算是传播了毒品的相关知识，并不算违法。这种说法正确吗？（  ）。","Score":5,"Options":[{"Sign":"A","Content":"正确"},{"Sign":"B","Content":"错误"}]},{"QuestionID":382,"QuestionType":"禁毒知识","Content":"由于吸毒者极易感染各种疾病，包括性病，丙型肝炎等，注射毒品是传染（　） 的主要途径。","Score":5,"Options":[{"Sign":"A","Content":"痢疾"},{"Sign":"B","Content":"艾滋病"},{"Sign":"C","Content":"肺病"}]},{"QuestionID":170,"QuestionType":"禁毒知识","Content":"为什么有的吸毒者在炎热的夏天仍穿着长衣长裤？（  ）","Score":5,"Options":[{"Sign":"A","Content":"怕冷"},{"Sign":"B","Content":"免疫力低下，怕得感冒"},{"Sign":"C","Content":"为了掩饰因为注射在身上留下的针孔和针疤"}]},{"QuestionID":323,"QuestionType":"禁毒知识","Content":"对戒毒人员戒毒的个人信息应当依法予以保密。对戒断3年未复吸的人员，不再实行动态管控。","Score":5,"Options":[{"Sign":"A","Content":"正确"},{"Sign":"B","Content":"错误"}]},{"QuestionID":125,"QuestionType":"禁毒知识","Content":"滥用大量止咳水会导致中毒性精神病、心跳停止及呼吸停顿导致窒息死亡。","Score":5,"Options":[{"Sign":"A","Content":"正确"},{"Sign":"B","Content":"错误"}]}]}