{"RandomPaperID":308,"Questions":[{"QuestionID":248,"QuestionType":"禁毒知识","Content":"卫生行政部门应当加强对强制隔离戒毒场所执业医师的业务指导和监督管理。","Score":5,"Options":[{"Sign":"A","Content":"正确"},{"Sign":"B","Content":"错误"}]},{"QuestionID":258,"QuestionType":"禁毒知识","Content":"我国列管的麻醉药品一共有多少种？（  ）","Score":5,"Options":[{"Sign":"A","Content":"53种"},{"Sign":"B","Content":"79种"},{"Sign":"C","Content":"132种"},{"Sign":"D","Content":"121种"}]},{"QuestionID":236,"QuestionType":"禁毒知识","Content":"世界上最大的可卡因产地是哪里？（  ）","Score":5,"Options":[{"Sign":"A","Content":"金三角"},{"Sign":"B","Content":"金新月"},{"Sign":"C","Content":"银三角"},{"Sign":"D","Content":"贝卡谷地"}]},{"QuestionID":414,"QuestionType":"禁毒知识","Content":"长期酗酒也会产生生理依赖和心理依赖","Score":5,"Options":[{"Sign":"A","Content":"正确"},{"Sign":"B","Content":"错误"}]},{"QuestionID":251,"QuestionType":"禁毒知识","Content":"《中华人民共和国禁毒法》（　）规定了毒品的定义？（  ）","Score":5,"Options":[{"Sign":"A","Content":"第1条"},{"Sign":"B","Content":"第2条"},{"Sign":"C","Content":"第3条"}]},{"QuestionID":39,"QuestionType":"禁毒知识","Content":"从毒品对人的中枢神经的作用看，可分为抑制剂、致幻剂和兴奋剂等，其中属于抑制剂的毒品种类是（  ）。","Score":5,"Options":[{"Sign":"A","Content":"巴比妥类"},{"Sign":"B","Content":"苯丙胺类"},{"Sign":"C","Content":"麦司卡林"},{"Sign":"D","Content":"LSD"}]},{"QuestionID":227,"QuestionType":"禁毒知识","Content":"众多种类的毒品之中有很多的致幻类药品，这其中有迷幻剂药物的代表，它是已知药力最强的致幻剂。它是（　）。","Score":5,"Options":[{"Sign":"A","Content":"K粉"},{"Sign":"B","Content":"三唑伦"},{"Sign":"C","Content":"麦角酰二乙胺"},{"Sign":"D","Content":"可卡因"}]},{"QuestionID":286,"QuestionType":"禁毒知识","Content":"吸毒者把可卡因称作“自由垒”或者“快乐客”。","Score":5,"Options":[{"Sign":"A","Content":"正确"},{"Sign":"B","Content":"错误"}]},{"QuestionID":368,"QuestionType":"禁毒知识","Content":"以下属于吸毒者吸食毒品原因的是（　）。","Score":5,"Options":[{"Sign":"A","Content":"无知和亲信"},{"Sign":"B","Content":"借助吸毒逃避现实，寻求解脱"},{"Sign":"C","Content":"受贩毒者引诱、处境性滥用"},{"Sign":"D","Content":"以上A.B.C三项表述均是"}]},{"QuestionID":266,"QuestionType":"禁毒知识","Content":"吸毒成瘾人员的认定是依据那些有吸毒病史，有依赖性表现，停用或减少用量会出现戒断综合征，再次适量给予此类物质可使戒断综合征立即消失，通常药物尿检（  ）反应。","Score":5,"Options":[{"Sign":"A","Content":"呈阴性"},{"Sign":"B","Content":"呈阳性"}]},{"QuestionID":218,"QuestionType":"禁毒知识","Content":"在植物古柯树叶中提取的一种生物碱是一种中枢神经系统的兴奋剂，叫做（  ）。","Score":5,"Options":[{"Sign":"A","Content":"可卡因"},{"Sign":"B","Content":"阿片"},{"Sign":"C","Content":"吗啡"},{"Sign":"D","Content":"四氢大麻酚"}]},{"QuestionID":376,"QuestionType":"禁毒知识","Content":"罂粟壳是罂粟的成熟干燥果壳，呈椭圆形或瓶状卵形，残留有吗啡等成分。","Score":5,"Options":[{"Sign":"A","Content":"正确"},{"Sign":"B","Content":"错误"}]},{"QuestionID":98,"QuestionType":"禁毒知识","Content":"国家确定的麻醉药品药用原植物种植企业的提取加工场所，以及国家设立的麻醉药品储存仓库，列为（  ）。","Score":5,"Options":[{"Sign":"A","Content":"国家重点工程"},{"Sign":"B","Content":"国家禁区"},{"Sign":"C","Content":"国家重点警戒目标"},{"Sign":"D","Content":"保密单位"}]},{"QuestionID":282,"QuestionType":"禁毒知识","Content":"吸毒人员王某主动到公安机关登记，接受戒毒治疗，对王某的原吸毒行为（  ）","Score":5,"Options":[{"Sign":"A","Content":"从轻处罚"},{"Sign":"B","Content":"减轻处罚"},{"Sign":"C","Content":"不予处罚"}]},{"QuestionID":92,"QuestionType":"禁毒知识","Content":"国家对麻醉药品、精神药品和易制毒化学品的进口、出口实行许可制度。国务院有关部门应当按照规定的职责，对进口、出口麻醉药品、精神药品和易制毒化学品依法进行管理。禁止走私麻醉药品、精神药品和易制毒化学品。以上说法正确吗？（  ）","Score":5,"Options":[{"Sign":"A","Content":"正确"},{"Sign":"B","Content":"错误"}]},{"QuestionID":119,"QuestionType":"禁毒知识","Content":"禁毒志愿者在志愿服务中过程中造成服务对象或者其他相关人损害，由组织志愿服务的禁毒青年志愿者组织依法承担民事责任。","Score":5,"Options":[{"Sign":"A","Content":"正确"},{"Sign":"B","Content":"错误"}]},{"QuestionID":97,"QuestionType":"禁毒知识","Content":"国家鼓励志愿人员参与（  ）工作。地方各级人民政府应当对志愿人员进行指导、培训，并提供必要的工作条件。","Score":5,"Options":[{"Sign":"A","Content":"缉毒侦查"},{"Sign":"B","Content":"禁毒管理"},{"Sign":"C","Content":"禁毒宣传教育和戒毒社会服务"},{"Sign":"D","Content":"禁毒知识普及教育"}]},{"QuestionID":43,"QuestionType":"禁毒知识","Content":"当有人威胁我们吸毒时，要将情况主动告知家长和学校，或者打110报警，寻求帮助。","Score":5,"Options":[{"Sign":"A","Content":"正确"},{"Sign":"B","Content":"错误"}]},{"QuestionID":130,"QuestionType":"禁毒知识","Content":"氯胺酮，是一种静脉全麻药，也用作兽用麻醉药，但是一般人只要足量接触二、三次即可上瘾，是一种极度危险的精神药品。","Score":5,"Options":[{"Sign":"A","Content":"正确"},{"Sign":"B","Content":"错误"}]},{"QuestionID":431,"QuestionType":"禁毒知识","Content":"《全国青少年毒品预防教育规划（2016—2018）》要求，2017年年底前，全国300万人口以上大城市各建(  )所禁毒教育基地","Score":5,"Options":[{"Sign":"A","Content":"1"},{"Sign":"B","Content":"2"},{"Sign":"C","Content":"3"}]}]}