{"RandomPaperID":313,"Questions":[{"QuestionID":406,"QuestionType":"禁毒知识","Content":"张某在甲市吸毒，被当地公安机关依法处理。到乙市后，当地公安机关发现其曾在甲市吸毒，乙市公安机关( )对同一行为作出处理决定。","Score":5,"Options":[{"Sign":"A","Content":"可以"},{"Sign":"B","Content":"应当"},{"Sign":"C","Content":"不得"}]},{"QuestionID":424,"QuestionType":"禁毒知识","Content":"中宣部、中央网信办、公安部等14个部门联合制定的《全国青少年毒品预防教育工作规划（2016——2018）》规定，力争用3年时间，使省级禁毒办专门从事毒品预防教育工作的在编人员不得少于本部门在编总人数的（）。","Score":5,"Options":[{"Sign":"A","Content":"10%"},{"Sign":"B","Content":"15%"},{"Sign":"C","Content":"20%"},{"Sign":"D","Content":"25%"}]},{"QuestionID":336,"QuestionType":"禁毒知识","Content":"鸦片，俗称大烟、福寿膏、阿芙蓉等，医学名阿片。其滥用方式为口吸，是一种传统麻醉品，具有保健作用。","Score":5,"Options":[{"Sign":"A","Content":"正确"},{"Sign":"B","Content":"错误"}]},{"QuestionID":401,"QuestionType":"禁毒知识","Content":"在药理上，海洛因的镇痛效力是吗啡的几倍？（  ）","Score":5,"Options":[{"Sign":"A","Content":"4至8倍"},{"Sign":"B","Content":"1至2倍"},{"Sign":"C","Content":"8倍以上"}]},{"QuestionID":193,"QuestionType":"禁毒知识","Content":"吸食可卡因可能导致心律不齐，血压升高，心肺与肝功能损害，丧失判断能力，产生幻觉出现自杀等。这种说法正确吗？","Score":5,"Options":[{"Sign":"A","Content":"正确"},{"Sign":"B","Content":"错误"}]},{"QuestionID":181,"QuestionType":"禁毒知识","Content":"吸毒成瘾一般具有哪些特征？","Score":5,"Options":[{"Sign":"A","Content":"药物耐受性"},{"Sign":"B","Content":"生理依赖性"},{"Sign":"C","Content":"心理依赖性"},{"Sign":"D","Content":"以上三项均正确"}]},{"QuestionID":389,"QuestionType":"禁毒知识","Content":"远离毒品的最好方式就是：尽量远离毒品可能出现的迪厅、酒吧等娱乐场所，远离吸毒的朋友，多多了解毒品知识，对一些成瘾性药品要在医生指导下使用。","Score":5,"Options":[{"Sign":"A","Content":"对"},{"Sign":"B","Content":"错"}]},{"QuestionID":276,"QuestionType":"禁毒知识","Content":"吸毒会败坏社会风气，腐蚀人的灵魂，摧毁民族精神。","Score":5,"Options":[{"Sign":"A","Content":"正确"},{"Sign":"B","Content":"错误"}]},{"QuestionID":232,"QuestionType":"禁毒知识","Content":"身边的亲戚或者朋友与同学家里家长都吸烟，他们递烟给你，你不要，亲戚说偶尔体验一下没关系，你最好的应对方式应该是（　）。","Score":5,"Options":[{"Sign":"A","Content":"坚决拒绝"},{"Sign":"B","Content":"从危害健康的角度建议大家戒烟"},{"Sign":"C","Content":"婉言谢绝"},{"Sign":"D","Content":"以上方式都可以"}]},{"QuestionID":404,"QuestionType":"禁毒知识","Content":"造成情绪暴躁而引发针对他人的肢体暴力（例如啃脸、咬耳）行为的“僵尸浴盐”，其主要的化学成分是卡西酮类物质。是一种新型的（  ）","Score":5,"Options":[{"Sign":"A","Content":"传统毒品"},{"Sign":"B","Content":"合成毒品"}]},{"QuestionID":142,"QuestionType":"禁毒知识","Content":"你的同学或者好朋友把你介绍给他的朋友们，这些人私密的聚在某人家里或者类似娱乐场所的地方，使用一些粉末、片剂或者类似香烟的东西。还请你品尝，你恰当的拒绝方式应该是（　） 。","Score":5,"Options":[{"Sign":"A","Content":"找个合适的借口离开那里"},{"Sign":"B","Content":"坚决地拒绝"},{"Sign":"C","Content":"婉言谢绝"},{"Sign":"D","Content":"以上方式都可以"}]},{"QuestionID":107,"QuestionType":"禁毒知识","Content":"合成毒品直接作用于人的（　）  。","Score":5,"Options":[{"Sign":"A","Content":"大脑"},{"Sign":"B","Content":"心脏"},{"Sign":"C","Content":"中枢神经"},{"Sign":"D","Content":"肌肉"}]},{"QuestionID":222,"QuestionType":"禁毒知识","Content":"长期吸食以后，情绪激昂冲动。就算是停止复吸，戒断很久以后，都容易出现幻听、幻觉、被害妄想等精神病稽延症状。这是（　）类毒品的精神病态特征。","Score":5,"Options":[{"Sign":"A","Content":"麻醉类"},{"Sign":"B","Content":"海洛因"},{"Sign":"C","Content":"苯丙胺(冰毒)"},{"Sign":"D","Content":"杜冷丁"}]},{"QuestionID":358,"QuestionType":"禁毒知识","Content":"以下不属于吸毒检测程序的是（  ）。","Score":5,"Options":[{"Sign":"A","Content":"现场检测"},{"Sign":"B","Content":"现场复检"},{"Sign":"C","Content":"实验室检测"}]},{"QuestionID":121,"QuestionType":"禁毒知识","Content":"精神药品的原料和制剂，按国家计划调拨，生产单位不得自行销售。","Score":5,"Options":[{"Sign":"A","Content":"正确"},{"Sign":"B","Content":"错误"}]},{"QuestionID":236,"QuestionType":"禁毒知识","Content":"世界上最大的可卡因产地是哪里？（  ）","Score":5,"Options":[{"Sign":"A","Content":"金三角"},{"Sign":"B","Content":"金新月"},{"Sign":"C","Content":"银三角"},{"Sign":"D","Content":"贝卡谷地"}]},{"QuestionID":346,"QuestionType":"禁毒知识","Content":"药物成瘾具有的特征之一：有一种不可抗拒的力量强制性地驱使人们使用该药，并（ ）去获得它。","Score":5,"Options":[{"Sign":"A","Content":"不择手段"},{"Sign":"B","Content":"正常手段"}]},{"QuestionID":403,"QuestionType":"禁毒知识","Content":"在中国，K粉列入第一类精神药品管制。","Score":5,"Options":[{"Sign":"A","Content":"正确"},{"Sign":"B","Content":"错误"}]},{"QuestionID":97,"QuestionType":"禁毒知识","Content":"国家鼓励志愿人员参与（  ）工作。地方各级人民政府应当对志愿人员进行指导、培训，并提供必要的工作条件。","Score":5,"Options":[{"Sign":"A","Content":"缉毒侦查"},{"Sign":"B","Content":"禁毒管理"},{"Sign":"C","Content":"禁毒宣传教育和戒毒社会服务"},{"Sign":"D","Content":"禁毒知识普及教育"}]},{"QuestionID":196,"QuestionType":"禁毒知识","Content":"下列那种表述符合毒品可卡因的危害？（  ）","Score":5,"Options":[{"Sign":"A","Content":"皮下虫行蚁走感，奇痒难忍,造成严重抓伤甚至断肢自残,情绪不稳定,容易引发暴力或攻击行为"},{"Sign":"B","Content":"情感冲动、性欲亢进、嗜舞"},{"Sign":"C","Content":"偏执、妄想、自我约束力下降"},{"Sign":"D","Content":"嗜睡，精神萎靡"}]}]}