{"RandomPaperID":317,"Questions":[{"QuestionID":18,"QuestionType":"禁毒知识","Content":"《禁毒法》规定，国家采取各种措施帮助吸毒人员戒除毒瘾，（  ）吸毒人员。吸毒成瘾人员应当进行戒毒治疗。","Score":5,"Options":[{"Sign":"A","Content":"打击处理"},{"Sign":"B","Content":"依法惩治"},{"Sign":"C","Content":"教育和挽救"},{"Sign":"D","Content":"收容看管"}]},{"QuestionID":10,"QuestionType":"禁毒知识","Content":"经强制隔离戒毒后又吸食，注射毒品的，构成吸食毒品罪。","Score":5,"Options":[{"Sign":"A","Content":"正确"},{"Sign":"B","Content":"错误"}]},{"QuestionID":260,"QuestionType":"禁毒知识","Content":"我国目前吸毒人员主要以吸食海洛因为主，大约占70%以上。","Score":5,"Options":[{"Sign":"A","Content":"正确"},{"Sign":"B","Content":"错误"}]},{"QuestionID":142,"QuestionType":"禁毒知识","Content":"你的同学或者好朋友把你介绍给他的朋友们，这些人私密的聚在某人家里或者类似娱乐场所的地方，使用一些粉末、片剂或者类似香烟的东西。还请你品尝，你恰当的拒绝方式应该是（　） 。","Score":5,"Options":[{"Sign":"A","Content":"找个合适的借口离开那里"},{"Sign":"B","Content":"坚决地拒绝"},{"Sign":"C","Content":"婉言谢绝"},{"Sign":"D","Content":"以上方式都可以"}]},{"QuestionID":16,"QuestionType":"禁毒知识","Content":"（ ）俗名“可可精”，是从古柯叶中分离出来的一种最主要的生物碱，属中枢神经兴奋剂，呈白色晶体状，无气味，味略苦而麻，兴奋作用强。","Score":5,"Options":[{"Sign":"A","Content":"海洛因"},{"Sign":"B","Content":"可卡因"},{"Sign":"C","Content":"大麻"},{"Sign":"D","Content":"鸦片"}]},{"QuestionID":323,"QuestionType":"禁毒知识","Content":"对戒毒人员戒毒的个人信息应当依法予以保密。对戒断3年未复吸的人员，不再实行动态管控。","Score":5,"Options":[{"Sign":"A","Content":"正确"},{"Sign":"B","Content":"错误"}]},{"QuestionID":276,"QuestionType":"禁毒知识","Content":"吸毒会败坏社会风气，腐蚀人的灵魂，摧毁民族精神。","Score":5,"Options":[{"Sign":"A","Content":"正确"},{"Sign":"B","Content":"错误"}]},{"QuestionID":239,"QuestionType":"禁毒知识","Content":"安定有助于睡眠，可以擅自服用，不需医生指导使用，也不会对身体造成什么危害。","Score":5,"Options":[{"Sign":"A","Content":"正确"},{"Sign":"B","Content":"错误"}]},{"QuestionID":393,"QuestionType":"禁毒知识","Content":"依据毒品对于大脑中枢神经的作用，杜冷丁属于（  ）。","Score":5,"Options":[{"Sign":"A","Content":"兴奋类"},{"Sign":"B","Content":"抑制剂"},{"Sign":"C","Content":"致幻剂"}]},{"QuestionID":386,"QuestionType":"禁毒知识","Content":"有效的戒毒方法包括药物治疗、物理治疗和心理社会治疗、行为矫治等。","Score":5,"Options":[{"Sign":"A","Content":"正确"},{"Sign":"B","Content":"错误"}]},{"QuestionID":69,"QuestionType":"禁毒知识","Content":"非法持有海洛因（  ）克以上的，构成非法持有毒品罪。","Score":5,"Options":[{"Sign":"A","Content":"5"},{"Sign":"B","Content":"50"},{"Sign":"C","Content":"10"},{"Sign":"D","Content":"20克"}]},{"QuestionID":395,"QuestionType":"禁毒知识","Content":"在荷兰吸毒，也属违法。","Score":5,"Options":[{"Sign":"A","Content":"正确"},{"Sign":"B","Content":"错误"}]},{"QuestionID":343,"QuestionType":"禁毒知识","Content":"摇头丸就像跳跳糖或是跑跑糖一样，是一种娱乐食品，不是毒品。（  ）","Score":5,"Options":[{"Sign":"A","Content":"正确"},{"Sign":"B","Content":"错误"}]},{"QuestionID":78,"QuestionType":"禁毒知识","Content":"根据查缉毒品的需要，（    ）可以在边境地区、交通要道、口岸以及飞机场、火车站、长途汽车站、码头对来往人员、物品、货物以及交通工具进行毒品和易制毒化学品检查。","Score":5,"Options":[{"Sign":"A","Content":"公安机关"},{"Sign":"B","Content":"药品监督管理部门"},{"Sign":"C","Content":"禁毒委员会"},{"Sign":"D","Content":"以上选项都是"}]},{"QuestionID":364,"QuestionType":"禁毒知识","Content":"以下属于毒品滥用的高危场所的是（　） 。","Score":5,"Options":[{"Sign":"A","Content":"歌舞厅、夜总会、洗浴中心等公共娱乐场所"},{"Sign":"B","Content":"个人家中"},{"Sign":"C","Content":"学校、医疗机构及药店"},{"Sign":"D","Content":"上班的公司"}]},{"QuestionID":421,"QuestionType":"禁毒知识","Content":"制定《禁毒法》的必要性是（  ）","Score":5,"Options":[{"Sign":"A","Content":"应对严峻的毒品违法犯罪形势的需要"},{"Sign":"B","Content":"进一步完善我国预防和惩治毒品违法犯罪法律体系的需要"},{"Sign":"C","Content":"履行国际禁毒公约的需要"},{"Sign":"D","Content":"A.B和C"}]},{"QuestionID":148,"QuestionType":"禁毒知识","Content":"强制隔离戒毒人员的戒毒相关费用由其本人承担。","Score":5,"Options":[{"Sign":"A","Content":"正确"},{"Sign":"B","Content":"错误"}]},{"QuestionID":44,"QuestionType":"禁毒知识","Content":"当有人以各种借口引诱你吸食毒品或尝试可能是毒品的药丸时，正确的做法是（  ）。","Score":5,"Options":[{"Sign":"A","Content":"拒绝"},{"Sign":"B","Content":"尝试"},{"Sign":"C","Content":"接受"},{"Sign":"D","Content":"犹豫不决"}]},{"QuestionID":114,"QuestionType":"禁毒知识","Content":"戒毒是一个长期的过程，包括生理脱毒与医学治疗、（）、善后辅导与回归社会三个阶段。（  ）","Score":5,"Options":[{"Sign":"A","Content":"心理成瘾戒断"},{"Sign":"B","Content":"心理治疗与心理康复"},{"Sign":"C","Content":"毒瘾戒断"},{"Sign":"D","Content":"社区康复"}]},{"QuestionID":180,"QuestionType":"禁毒知识","Content":"吸毒成瘾人员自愿接受强制隔离戒毒的，经公安机关同意，可以进入强制隔离戒毒场所戒毒。","Score":5,"Options":[{"Sign":"A","Content":"正确"},{"Sign":"B","Content":"错误"}]}]}