{"RandomPaperID":322,"Questions":[{"QuestionID":65,"QuestionType":"禁毒知识","Content":"二十世纪（　） ，中国获得近三十年“无毒国”美誉。（  ）","Score":5,"Options":[{"Sign":"A","Content":"40年代末到80年代初"},{"Sign":"B","Content":"50年代初到70年代末"},{"Sign":"C","Content":"50年代末到80年代初"},{"Sign":"D","Content":"40年代末到90年代初"}]},{"QuestionID":434,"QuestionType":"禁毒知识","Content":"十九大报告提出完善以(  )为核心的中国特色社会主义法律体系，建设中国特色社会主义法治体系。","Score":5,"Options":[{"Sign":"A","Content":"党章"},{"Sign":"B","Content":"宪法"},{"Sign":"C","Content":"党纪国法"},{"Sign":"D","Content":"全民守法"}]},{"QuestionID":26,"QuestionType":"禁毒知识","Content":"《刑法》规定非法种植罂粟（　） 株以上构成犯罪。","Score":5,"Options":[{"Sign":"A","Content":"1000"},{"Sign":"B","Content":"500"},{"Sign":"C","Content":"5000"},{"Sign":"D","Content":"8000"}]},{"QuestionID":304,"QuestionType":"禁毒知识","Content":"下列关于戒毒说法正确的是（ ）。","Score":5,"Options":[{"Sign":"A","Content":"戒毒有特效药"},{"Sign":"B","Content":"毒瘾能轻易戒除"},{"Sign":"C","Content":"一旦染上毒瘾很难戒除"}]},{"QuestionID":415,"QuestionType":"禁毒知识","Content":"只要处于观赏的目的，种植大麻、古柯或罂粟就是合法的。以上说法正确吗?","Score":5,"Options":[{"Sign":"A","Content":"正确"},{"Sign":"B","Content":"错误"}]},{"QuestionID":308,"QuestionType":"禁毒知识","Content":"下列人员中，不属于吸毒检测对象的是（　）。","Score":5,"Options":[{"Sign":"A","Content":"涉嫌吸毒人员"},{"Sign":"B","Content":"社区戒毒期间人员"},{"Sign":"C","Content":"已经康复的吸毒人员"}]},{"QuestionID":70,"QuestionType":"禁毒知识","Content":"非法持有甲基苯丙胺（即冰毒）（　）以上的，构成非法持有毒品罪。","Score":5,"Options":[{"Sign":"A","Content":"5克"},{"Sign":"B","Content":"10克"},{"Sign":"C","Content":"15克"},{"Sign":"D","Content":"20克"}]},{"QuestionID":37,"QuestionType":"禁毒知识","Content":"成瘾是由于(  )某种有依赖性药物或物质引起的一种慢性中毒状态。","Score":5,"Options":[{"Sign":"A","Content":"反复使用"},{"Sign":"B","Content":"一次使用"},{"Sign":"C","Content":"偶尔使用"},{"Sign":"D","Content":"曾经使用"}]},{"QuestionID":306,"QuestionType":"禁毒知识","Content":"下列哪项措施不是社区戒毒工作小组对社区戒毒人员实施的管理、帮助措施？（  ）","Score":5,"Options":[{"Sign":"A","Content":"戒毒知识辅导"},{"Sign":"B","Content":"限制人身自由"},{"Sign":"C","Content":"教育、劝诫"}]},{"QuestionID":169,"QuestionType":"禁毒知识","Content":"为了引起人们更广泛的关注，世界卫生组织将每年（ ）定为“世界艾滋病日”。","Score":5,"Options":[{"Sign":"A","Content":"3月14日"},{"Sign":"B","Content":"6月26日"},{"Sign":"C","Content":"9月10日"},{"Sign":"D","Content":"12月1日"}]},{"QuestionID":403,"QuestionType":"禁毒知识","Content":"在中国，K粉列入第一类精神药品管制。","Score":5,"Options":[{"Sign":"A","Content":"正确"},{"Sign":"B","Content":"错误"}]},{"QuestionID":118,"QuestionType":"禁毒知识","Content":"金新月国际毒源地是指以下哪几个国家的交界地带？","Score":5,"Options":[{"Sign":"A","Content":"老挝、缅甸、泰国"},{"Sign":"B","Content":"伊朗、阿富汗、巴基斯坦"},{"Sign":"C","Content":"印度、斯里兰卡、阿联酋"},{"Sign":"D","Content":"新加坡、伊朗、菲律宾"}]},{"QuestionID":340,"QuestionType":"禁毒知识","Content":"鸦片最初是医用药物，主要用于镇咳止泻，后来被人们作为毒品吸食。","Score":5,"Options":[{"Sign":"A","Content":"正确"},{"Sign":"B","Content":"错误"}]},{"QuestionID":134,"QuestionType":"禁毒知识","Content":"吗啡一般是从（   ）中提炼出来的？","Score":5,"Options":[{"Sign":"A","Content":"海洛因"},{"Sign":"B","Content":"鸦片"},{"Sign":"C","Content":"古柯叶"},{"Sign":"D","Content":"大麻"}]},{"QuestionID":268,"QuestionType":"禁毒知识","Content":"吸毒是一种违法行为，需要受到刑法处罚（  ）","Score":5,"Options":[{"Sign":"A","Content":"正确"},{"Sign":"B","Content":"错误"}]},{"QuestionID":189,"QuestionType":"禁毒知识","Content":"吸食K粉、摇头丸等药物会导致血压上升、心跳过快、心律失常，甚至可能诱发精神分裂症及急性心脑疾病。但不会致人死亡。","Score":5,"Options":[{"Sign":"A","Content":"正确"},{"Sign":"B","Content":"错误"}]},{"QuestionID":217,"QuestionType":"禁毒知识","Content":"在吸毒者中，由于无知、好奇，被他人引诱而吸毒的青少年的比例最高。","Score":5,"Options":[{"Sign":"A","Content":"正确"},{"Sign":"B","Content":"错误"}]},{"QuestionID":364,"QuestionType":"禁毒知识","Content":"以下属于毒品滥用的高危场所的是（　） 。","Score":5,"Options":[{"Sign":"A","Content":"歌舞厅、夜总会、洗浴中心等公共娱乐场所"},{"Sign":"B","Content":"个人家中"},{"Sign":"C","Content":"学校、医疗机构及药店"},{"Sign":"D","Content":"上班的公司"}]},{"QuestionID":188,"QuestionType":"禁毒知识","Content":"吸毒者染上毒瘾后，缺乏自我控制能力，更容易走向偷盗、抢劫等犯罪道路。","Score":5,"Options":[{"Sign":"A","Content":"正确"},{"Sign":"B","Content":"错误"}]},{"QuestionID":281,"QuestionType":"禁毒知识","Content":"吸毒人员身体消瘦是一种常态，而非病态，所以吸食毒品能有效减肥。","Score":5,"Options":[{"Sign":"A","Content":"正确"},{"Sign":"B","Content":"错误"}]}]}