{"RandomPaperID":327,"Questions":[{"QuestionID":180,"QuestionType":"禁毒知识","Content":"吸毒成瘾人员自愿接受强制隔离戒毒的，经公安机关同意，可以进入强制隔离戒毒场所戒毒。","Score":5,"Options":[{"Sign":"A","Content":"正确"},{"Sign":"B","Content":"错误"}]},{"QuestionID":402,"QuestionType":"禁毒知识","Content":"在医学上用作麻醉剂的是（　）。","Score":5,"Options":[{"Sign":"A","Content":"大麻"},{"Sign":"B","Content":"芬太尼"},{"Sign":"C","Content":"麻古"},{"Sign":"D","Content":"海洛因"}]},{"QuestionID":60,"QuestionType":"禁毒知识","Content":"对严重违反社区戒毒协议或者在社区戒毒期间又吸食、注射毒品的，参与社区戒毒的工作人员应当（ ）。","Score":5,"Options":[{"Sign":"A","Content":"进行劝导"},{"Sign":"B","Content":"进行批评、教育"},{"Sign":"C","Content":"及时向公安机关报告"},{"Sign":"D","Content":"对其执行强制隔离戒毒"}]},{"QuestionID":407,"QuestionType":"禁毒知识","Content":"长久以来，有人认为若只是偶尔吸食毒品，对于吸食者是不会成瘾。其实这个说法是错误的。","Score":5,"Options":[{"Sign":"A","Content":"正确"},{"Sign":"B","Content":"错误"}]},{"QuestionID":325,"QuestionType":"禁毒知识","Content":"小王把20克冰毒寄存在小张家里后离开了，但后来被公安机关查获。由于小张自己不吸毒，小王也承认毒品是他自己放的，没有告诉小张是毒品，所以小张他不需要负任何法律责任。这种说法（ ）。","Score":5,"Options":[{"Sign":"A","Content":"正确"},{"Sign":"B","Content":"错误"}]},{"QuestionID":75,"QuestionType":"禁毒知识","Content":"复吸的一律强制隔离戒毒。","Score":5,"Options":[{"Sign":"A","Content":"正确"},{"Sign":"B","Content":"错误"}]},{"QuestionID":306,"QuestionType":"禁毒知识","Content":"下列哪项措施不是社区戒毒工作小组对社区戒毒人员实施的管理、帮助措施？（  ）","Score":5,"Options":[{"Sign":"A","Content":"戒毒知识辅导"},{"Sign":"B","Content":"限制人身自由"},{"Sign":"C","Content":"教育、劝诫"}]},{"QuestionID":379,"QuestionType":"禁毒知识","Content":"有的吸毒者为了获取毒品和毒资，丧失人格，违反道德和法律，实施盗窃、抢劫和抢夺等破坏社会秩序的行为。","Score":5,"Options":[{"Sign":"A","Content":"正确"},{"Sign":"B","Content":"错误"}]},{"QuestionID":258,"QuestionType":"禁毒知识","Content":"我国列管的麻醉药品一共有多少种？（  ）","Score":5,"Options":[{"Sign":"A","Content":"53种"},{"Sign":"B","Content":"79种"},{"Sign":"C","Content":"132种"},{"Sign":"D","Content":"121种"}]},{"QuestionID":295,"QuestionType":"禁毒知识","Content":"吸食毒品等于自我毁灭。","Score":5,"Options":[{"Sign":"A","Content":"正确"},{"Sign":"B","Content":"错误"}]},{"QuestionID":339,"QuestionType":"禁毒知识","Content":"鸦片是罂粟植物的（　） 。","Score":5,"Options":[{"Sign":"A","Content":"种子碾碎后或花粉的提取物"},{"Sign":"B","Content":"果实未成熟时，割浆后的提取物"},{"Sign":"C","Content":"种子碾碎后的提取物"},{"Sign":"D","Content":"花粉的提取物"}]},{"QuestionID":35,"QuestionType":"禁毒知识","Content":"麻黄碱是从哪种原植物中提取的（　）  。","Score":5,"Options":[{"Sign":"A","Content":"罂粟"},{"Sign":"B","Content":"大麻"},{"Sign":"C","Content":"麻黄草"},{"Sign":"D","Content":"古柯"}]},{"QuestionID":218,"QuestionType":"禁毒知识","Content":"在植物古柯树叶中提取的一种生物碱是一种中枢神经系统的兴奋剂，叫做（  ）。","Score":5,"Options":[{"Sign":"A","Content":"可卡因"},{"Sign":"B","Content":"阿片"},{"Sign":"C","Content":"吗啡"},{"Sign":"D","Content":"四氢大麻酚"}]},{"QuestionID":70,"QuestionType":"禁毒知识","Content":"非法持有甲基苯丙胺（即冰毒）（　）以上的，构成非法持有毒品罪。","Score":5,"Options":[{"Sign":"A","Content":"5克"},{"Sign":"B","Content":"10克"},{"Sign":"C","Content":"15克"},{"Sign":"D","Content":"20克"}]},{"QuestionID":13,"QuestionType":"禁毒知识","Content":"（  ）俗称K粉，属于合成类新型毒品。","Score":5,"Options":[{"Sign":"A","Content":"氯胺酮"},{"Sign":"B","Content":"海洛因"},{"Sign":"C","Content":"大麻"},{"Sign":"D","Content":"美沙酮"}]},{"QuestionID":99,"QuestionType":"禁毒知识","Content":"国家严格管制戒毒药品的研究、生产、供应和使用。","Score":5,"Options":[{"Sign":"A","Content":"正确"},{"Sign":"B","Content":"错误"}]},{"QuestionID":413,"QuestionType":"禁毒知识","Content":"长期吸食以后，情绪亢奋冲动。就算是停止复吸，戒断很久以后，都容易出现幻听、幻觉、被害妄想等精神病稽延症状。这是（　）类毒品的精神病态特征。","Score":5,"Options":[{"Sign":"A","Content":"大麻类"},{"Sign":"B","Content":"鸦片类"},{"Sign":"C","Content":"苯丙胺类"},{"Sign":"D","Content":"古柯类"}]},{"QuestionID":430,"QuestionType":"禁毒知识","Content":"《全国青少年毒品预防教育规划（2016—2018）》要求，小学五年级至高中二年级每学年至少安排(  )课时毒品预防教育专题课程。","Score":5,"Options":[{"Sign":"A","Content":"1"},{"Sign":"B","Content":"2"},{"Sign":"C","Content":"3"},{"Sign":"D","Content":"4"}]},{"QuestionID":434,"QuestionType":"禁毒知识","Content":"十九大报告提出完善以(  )为核心的中国特色社会主义法律体系，建设中国特色社会主义法治体系。","Score":5,"Options":[{"Sign":"A","Content":"党章"},{"Sign":"B","Content":"宪法"},{"Sign":"C","Content":"党纪国法"},{"Sign":"D","Content":"全民守法"}]},{"QuestionID":269,"QuestionType":"禁毒知识","Content":"吸毒的人不会长寿。","Score":5,"Options":[{"Sign":"A","Content":"正确"},{"Sign":"B","Content":"错误"}]}]}