{"RandomPaperID":328,"Questions":[{"QuestionID":27,"QuestionType":"禁毒知识","Content":"《中华人民共和国禁毒法》自（ ）起施行。","Score":5,"Options":[{"Sign":"A","Content":"2007年12月29日"},{"Sign":"B","Content":"2008年1月1日"},{"Sign":"C","Content":"2008年6月1日"},{"Sign":"D","Content":"2008年6月26日"}]},{"QuestionID":243,"QuestionType":"禁毒知识","Content":"网络成瘾是一种行为成瘾。表现为由于（  ）互联网而导致个体明显的社会、心理、生理功能损害。","Score":5,"Options":[{"Sign":"A","Content":"过度使用"},{"Sign":"B","Content":"正常使用"}]},{"QuestionID":348,"QuestionType":"禁毒知识","Content":"要构筑拒毒心理防线，我们需要做到（　）。","Score":5,"Options":[{"Sign":"A","Content":"正确把握好奇心"},{"Sign":"B","Content":"抵制不良诱惑"},{"Sign":"C","Content":"养成良好的健康心理"},{"Sign":"D","Content":"以上A、B、C表述均正确"}]},{"QuestionID":389,"QuestionType":"禁毒知识","Content":"远离毒品的最好方式就是：尽量远离毒品可能出现的迪厅、酒吧等娱乐场所，远离吸毒的朋友，多多了解毒品知识，对一些成瘾性药品要在医生指导下使用。","Score":5,"Options":[{"Sign":"A","Content":"对"},{"Sign":"B","Content":"错"}]},{"QuestionID":154,"QuestionType":"禁毒知识","Content":"曲马多是鸦片类物质，主要用作镇痛药，大剂量服用可在短期内上瘾，而它的危害主要表现为（　） 。","Score":5,"Options":[{"Sign":"A","Content":"全身关节疼痛"},{"Sign":"B","Content":"焦虑不安、伴随记忆力下降"},{"Sign":"C","Content":"食欲下降、体重减轻"},{"Sign":"D","Content":"以上A.B.C三项表述均正确"}]},{"QuestionID":265,"QuestionType":"禁毒知识","Content":"吸毒成瘾不仅是身体上会对毒品产生依赖，更严重的是在心理上对毒品产生依赖。","Score":5,"Options":[{"Sign":"A","Content":"正确"},{"Sign":"B","Content":"错误"}]},{"QuestionID":108,"QuestionType":"禁毒知识","Content":"荷兰不限制贩卖和吸食大麻。","Score":5,"Options":[{"Sign":"A","Content":"正确"},{"Sign":"B","Content":"错误"}]},{"QuestionID":121,"QuestionType":"禁毒知识","Content":"精神药品的原料和制剂，按国家计划调拨，生产单位不得自行销售。","Score":5,"Options":[{"Sign":"A","Content":"正确"},{"Sign":"B","Content":"错误"}]},{"QuestionID":151,"QuestionType":"禁毒知识","Content":"青少年如何防止吸毒?（  ）","Score":5,"Options":[{"Sign":"A","Content":"接受毒品基本知识和禁毒法律法规教育"},{"Sign":"B","Content":"树立正确的人生观，不盲目追求享受"},{"Sign":"C","Content":"不听信毒品能治病，毒品能解脱烦恼和痛苦"},{"Sign":"D","Content":"以上选项都是"}]},{"QuestionID":173,"QuestionType":"禁毒知识","Content":"我国的吸毒现象已遍及社会各阶层、各年龄段。","Score":5,"Options":[{"Sign":"A","Content":"正确"},{"Sign":"B","Content":"错误"}]},{"QuestionID":291,"QuestionType":"禁毒知识","Content":"吸毒者在今后的人生道路上应该选择的正确生活态度是（　）。","Score":5,"Options":[{"Sign":"A","Content":"最后吸一次，以后再也不吸了"},{"Sign":"B","Content":"及时行乐，吸毒无害"},{"Sign":"C","Content":"时而坚定，时而动摇"},{"Sign":"D","Content":"戒除毒瘾，回归社会"}]},{"QuestionID":293,"QuestionType":"禁毒知识","Content":"吸食冰毒以后马上驾驶车辆，容易造成情绪冲动及过度兴奋，从而极易引发超速而造成的严重交通事故。","Score":5,"Options":[{"Sign":"A","Content":"对"},{"Sign":"B","Content":"错"}]},{"QuestionID":17,"QuestionType":"禁毒知识","Content":"“快克”是一种高纯度的海洛因，属于海洛因中的精制品。","Score":5,"Options":[{"Sign":"A","Content":"正确"},{"Sign":"B","Content":"错误"}]},{"QuestionID":367,"QuestionType":"禁毒知识","Content":"以下属于生活技能教育主要内容的是（　）  。","Score":5,"Options":[{"Sign":"A","Content":"正确的自我认识"},{"Sign":"B","Content":"学会倾听、有效交流与沟通"},{"Sign":"C","Content":"调节情绪，缓解紧张和压力"},{"Sign":"D","Content":"以上A.B.C三项表述均是"}]},{"QuestionID":347,"QuestionType":"禁毒知识","Content":"药物滥用一词是上世纪60年代中期国际社会上开始采用的专有名词，它与我们平时所说的“滥用抗生素”、“滥用激素”等的概念截然不同。","Score":5,"Options":[{"Sign":"A","Content":"正确"},{"Sign":"B","Content":"错误"}]},{"QuestionID":135,"QuestionType":"禁毒知识","Content":"麦角酰二乙胺，俗称“摇脚丸”，是迷幻药物中代表，是已知药力最强的致幻剂之一。","Score":5,"Options":[{"Sign":"A","Content":"正确"},{"Sign":"B","Content":"错误"}]},{"QuestionID":163,"QuestionType":"禁毒知识","Content":"社区戒毒的期限为（ ）。","Score":5,"Options":[{"Sign":"A","Content":"1年"},{"Sign":"B","Content":"2年"},{"Sign":"C","Content":"3年"}]},{"QuestionID":346,"QuestionType":"禁毒知识","Content":"药物成瘾具有的特征之一：有一种不可抗拒的力量强制性地驱使人们使用该药，并（ ）去获得它。","Score":5,"Options":[{"Sign":"A","Content":"不择手段"},{"Sign":"B","Content":"正常手段"}]},{"QuestionID":137,"QuestionType":"禁毒知识","Content":"美沙酮替代维持治疗主要适用于吸食、注射（     ）的吸毒人员。","Score":5,"Options":[{"Sign":"A","Content":"冰毒"},{"Sign":"B","Content":"可卡因"},{"Sign":"C","Content":"大麻"},{"Sign":"D","Content":"海洛因"}]},{"QuestionID":126,"QuestionType":"禁毒知识","Content":"李某发现儿子小强吸毒后，便将其关在家中，并与家人轮流看守令其戒毒。起初，断了毒品的小强呼天喊地，半个月后，小强又恢复了正常。试问小强是否已全部戒除毒瘾？（  ）","Score":5,"Options":[{"Sign":"A","Content":"已完全戒断毒瘾"},{"Sign":"B","Content":"只戒断生理上毒瘾"}]}]}