{"RandomPaperID":33,"Questions":[{"QuestionID":122,"QuestionType":"禁毒知识","Content":"精神药品是指由国际禁毒公约和我国法律法规规定管制的、直接作用于人的中枢神经系统，使人兴奋或抑制，连续使用能产生依赖性的药品。","Score":5,"Options":[{"Sign":"A","Content":"正确"},{"Sign":"B","Content":"错误"}]},{"QuestionID":43,"QuestionType":"禁毒知识","Content":"当有人威胁我们吸毒时，要将情况主动告知家长和学校，或者打110报警，寻求帮助。","Score":5,"Options":[{"Sign":"A","Content":"正确"},{"Sign":"B","Content":"错误"}]},{"QuestionID":352,"QuestionType":"禁毒知识","Content":"要想真正远离毒品，我们首先就必须要了解人们选择吸食毒品之原因。","Score":5,"Options":[{"Sign":"A","Content":"正确"},{"Sign":"B","Content":"错误"}]},{"QuestionID":306,"QuestionType":"禁毒知识","Content":"下列哪项措施不是社区戒毒工作小组对社区戒毒人员实施的管理、帮助措施？（  ）","Score":5,"Options":[{"Sign":"A","Content":"戒毒知识辅导"},{"Sign":"B","Content":"限制人身自由"},{"Sign":"C","Content":"教育、劝诫"}]},{"QuestionID":334,"QuestionType":"禁毒知识","Content":"学生也有一份禁毒的责任。","Score":5,"Options":[{"Sign":"A","Content":"正确"},{"Sign":"B","Content":"错误"}]},{"QuestionID":299,"QuestionType":"禁毒知识","Content":"吸食新型合成毒品后，只要自己注意，不可能染上性病或艾滋病。","Score":5,"Options":[{"Sign":"A","Content":"正确"},{"Sign":"B","Content":"错误"}]},{"QuestionID":372,"QuestionType":"禁毒知识","Content":"易制毒化学品分为三类。第一类是可以用于制毒的主要原料，第二类、第三类是可以用于制毒的化学配剂。以上说法正确吗？（  ）","Score":5,"Options":[{"Sign":"A","Content":"正确"},{"Sign":"B","Content":"错误"}]},{"QuestionID":170,"QuestionType":"禁毒知识","Content":"为什么有的吸毒者在炎热的夏天仍穿着长衣长裤？（  ）","Score":5,"Options":[{"Sign":"A","Content":"怕冷"},{"Sign":"B","Content":"免疫力低下，怕得感冒"},{"Sign":"C","Content":"为了掩饰因为注射在身上留下的针孔和针疤"}]},{"QuestionID":317,"QuestionType":"禁毒知识","Content":"吸毒成瘾的原因有（　）。","Score":5,"Options":[{"Sign":"A","Content":"个人"},{"Sign":"B","Content":"家庭"},{"Sign":"C","Content":"社会"},{"Sign":"D","Content":"以上选项都是"}]},{"QuestionID":383,"QuestionType":"禁毒知识","Content":"有关单位及其工作人员在入学、就业、享受社会保障等方面歧视戒毒人员的，由教育行政部门、劳动行政部门责令改正；给当事人造成损失的，依法承担赔偿责任。以上说法正确吗？（  ）","Score":5,"Options":[{"Sign":"A","Content":"正确"},{"Sign":"B","Content":"错误"}]},{"QuestionID":325,"QuestionType":"禁毒知识","Content":"小王把20克冰毒寄存在小张家里后离开了，但后来被公安机关查获。由于小张自己不吸毒，小王也承认毒品是他自己放的，没有告诉小张是毒品，所以小张他不需要负任何法律责任。这种说法（ ）。","Score":5,"Options":[{"Sign":"A","Content":"正确"},{"Sign":"B","Content":"错误"}]},{"QuestionID":240,"QuestionType":"禁毒知识","Content":"随着社会的发展，大麻已经不是世界上滥用人数最多的毒品。","Score":5,"Options":[{"Sign":"A","Content":"正确"},{"Sign":"B","Content":"错误"}]},{"QuestionID":174,"QuestionType":"禁毒知识","Content":"我国对毒品违法犯罪尚不够成犯罪的行为予以处罚，处罚的形式有警告、罚款、行政拘留和吊销公安机关发放的许可证。","Score":5,"Options":[{"Sign":"A","Content":"正确"},{"Sign":"B","Content":"错误"}]},{"QuestionID":358,"QuestionType":"禁毒知识","Content":"以下不属于吸毒检测程序的是（  ）。","Score":5,"Options":[{"Sign":"A","Content":"现场检测"},{"Sign":"B","Content":"现场复检"},{"Sign":"C","Content":"实验室检测"}]},{"QuestionID":47,"QuestionType":"禁毒知识","Content":"登记参加药物维持治疗的戒毒人员的信息应当及时报(  )备案。","Score":5,"Options":[{"Sign":"A","Content":"药品监督管理部门"},{"Sign":"B","Content":"公安机关"},{"Sign":"C","Content":"卫生行政部门"},{"Sign":"D","Content":"检查机关"}]},{"QuestionID":177,"QuestionType":"禁毒知识","Content":"吸毒成瘾的认定办法，由（  ）规定。","Score":5,"Options":[{"Sign":"A","Content":"国务院卫生行政部门"},{"Sign":"B","Content":"国务院卫生行政部门、药品监督管理部门"},{"Sign":"C","Content":"国务院卫生行政部门、药品监督管理部门、公安部门"},{"Sign":"D","Content":"国务院药品监督管理部门"}]},{"QuestionID":175,"QuestionType":"禁毒知识","Content":"毒品预防教育的首要重点对象是（　）。","Score":5,"Options":[{"Sign":"A","Content":"无业人员"},{"Sign":"B","Content":"青少年"},{"Sign":"C","Content":"流动人口"},{"Sign":"D","Content":"文化素质较低的人员"}]},{"QuestionID":248,"QuestionType":"禁毒知识","Content":"卫生行政部门应当加强对强制隔离戒毒场所执业医师的业务指导和监督管理。","Score":5,"Options":[{"Sign":"A","Content":"正确"},{"Sign":"B","Content":"错误"}]},{"QuestionID":179,"QuestionType":"禁毒知识","Content":"吸毒成瘾的因素有生理因素、社会因素、个人的心理因素。","Score":5,"Options":[{"Sign":"A","Content":"正确"},{"Sign":"B","Content":"错误"}]},{"QuestionID":132,"QuestionType":"禁毒知识","Content":"麻醉药品、精神药品和易制毒化学品管理的具体办法，由（　）规定。","Score":5,"Options":[{"Sign":"A","Content":"公安部"},{"Sign":"B","Content":"国家禁毒委"},{"Sign":"C","Content":"国务院"},{"Sign":"D","Content":"卫生部"}]}]}