{"RandomPaperID":330,"Questions":[{"QuestionID":198,"QuestionType":"禁毒知识","Content":"下列选项中对我国毒品消费形势表述正确的是 。（  ）","Score":5,"Options":[{"Sign":"A","Content":"毒品消费者市场逐步减少"},{"Sign":"B","Content":"35岁以下青少年吸毒人数约比高"},{"Sign":"C","Content":"吸食合成毒品的人数下降"},{"Sign":"D","Content":"吸毒人数减少"}]},{"QuestionID":259,"QuestionType":"禁毒知识","Content":"我国新发现的90%以上的艾滋病病毒感染者主要感染途径是（　）。","Score":5,"Options":[{"Sign":"A","Content":"母婴传播"},{"Sign":"B","Content":"性传播"},{"Sign":"C","Content":"注射毒品"},{"Sign":"D","Content":"输血"}]},{"QuestionID":108,"QuestionType":"禁毒知识","Content":"荷兰不限制贩卖和吸食大麻。","Score":5,"Options":[{"Sign":"A","Content":"正确"},{"Sign":"B","Content":"错误"}]},{"QuestionID":123,"QuestionType":"禁毒知识","Content":"据我国《禁毒法》之有关规定，以下不属于我国目前禁毒模式的是（　）。","Score":5,"Options":[{"Sign":"A","Content":"家庭戒毒"},{"Sign":"B","Content":"自愿戒毒"},{"Sign":"C","Content":"强制隔离戒毒"},{"Sign":"D","Content":"社区戒毒"}]},{"QuestionID":48,"QuestionType":"禁毒知识","Content":"地方各级人民政府发现非法种植毒品原植物的，应当（　）采取措施予以制止、铲除。","Score":5,"Options":[{"Sign":"A","Content":"立即"},{"Sign":"B","Content":"适时"},{"Sign":"C","Content":"成熟后"},{"Sign":"D","Content":"收割时"}]},{"QuestionID":178,"QuestionType":"禁毒知识","Content":"吸毒成瘾的三个基本过程包括：耐药作用的形成，（  ），强化的形成。","Score":5,"Options":[{"Sign":"A","Content":"对毒品反映减弱"},{"Sign":"B","Content":"身体依赖性的产生"},{"Sign":"C","Content":"对毒品反映增强"},{"Sign":"D","Content":"身体依赖性的消失"}]},{"QuestionID":202,"QuestionType":"禁毒知识","Content":"要构筑良好的拒毒心理防线只需做到正确把握好奇心，抵制不良诱惑即可。","Score":5,"Options":[{"Sign":"A","Content":"正确"},{"Sign":"B","Content":"错误"}]},{"QuestionID":138,"QuestionType":"禁毒知识","Content":"蘑菇是一种蔬菜。郊外雨后的草地上长出了漂亮的新鲜蘑菇，所以我们可以把这些漂亮的野蘑菇随便采回家里做菜吃。（  ）","Score":5,"Options":[{"Sign":"A","Content":"正确"},{"Sign":"B","Content":"错误"}]},{"QuestionID":102,"QuestionType":"禁毒知识","Content":"海洛因的滥用方式有（　） 。","Score":5,"Options":[{"Sign":"A","Content":"口吸"},{"Sign":"B","Content":"鼻吸"},{"Sign":"C","Content":"注射"},{"Sign":"D","Content":"以上均正确"}]},{"QuestionID":399,"QuestionType":"禁毒知识","Content":"在我国目前现有的几种戒毒模式中，具有限制人身自由的行政强制措施性质的是（　） 。","Score":5,"Options":[{"Sign":"A","Content":"自愿戒毒"},{"Sign":"B","Content":"社区戒毒与社区康复"},{"Sign":"C","Content":"强制隔离戒毒"},{"Sign":"D","Content":"以上均不属于"}]},{"QuestionID":251,"QuestionType":"禁毒知识","Content":"《中华人民共和国禁毒法》（　）规定了毒品的定义？（  ）","Score":5,"Options":[{"Sign":"A","Content":"第1条"},{"Sign":"B","Content":"第2条"},{"Sign":"C","Content":"第3条"}]},{"QuestionID":84,"QuestionType":"禁毒知识","Content":"根据我国《治安管理处罚法》，三年内有吸食、注射毒品行为或者解除强制隔离戒毒措施未满两年的，不得申请驾照。","Score":5,"Options":[{"Sign":"A","Content":"正确"},{"Sign":"B","Content":"错误"}]},{"QuestionID":203,"QuestionType":"禁毒知识","Content":"一个完整的戒毒过程，包含（ ）。","Score":5,"Options":[{"Sign":"A","Content":"脱毒、康复、回归社会三部分"},{"Sign":"B","Content":"B强制戒毒一部分"},{"Sign":"C","Content":"社区戒毒"},{"Sign":"D","Content":"社区康复"}]},{"QuestionID":309,"QuestionType":"禁毒知识","Content":"下列属于合成毒品的是（　）。","Score":5,"Options":[{"Sign":"A","Content":"可卡因"},{"Sign":"B","Content":"鸦片"},{"Sign":"C","Content":"冰毒"},{"Sign":"D","Content":"大麻"}]},{"QuestionID":210,"QuestionType":"禁毒知识","Content":"罂粟籽属于一种毒品原料。","Score":5,"Options":[{"Sign":"A","Content":"正确"},{"Sign":"B","Content":"错误"}]},{"QuestionID":43,"QuestionType":"禁毒知识","Content":"当有人威胁我们吸毒时，要将情况主动告知家长和学校，或者打110报警，寻求帮助。","Score":5,"Options":[{"Sign":"A","Content":"正确"},{"Sign":"B","Content":"错误"}]},{"QuestionID":345,"QuestionType":"禁毒知识","Content":"摇头丸又称“俱乐部毒品”或“休闲毒品”。","Score":5,"Options":[{"Sign":"A","Content":"正确"},{"Sign":"B","Content":"错误"}]},{"QuestionID":308,"QuestionType":"禁毒知识","Content":"下列人员中，不属于吸毒检测对象的是（　）。","Score":5,"Options":[{"Sign":"A","Content":"涉嫌吸毒人员"},{"Sign":"B","Content":"社区戒毒期间人员"},{"Sign":"C","Content":"已经康复的吸毒人员"}]},{"QuestionID":42,"QuestionType":"禁毒知识","Content":"当发现有人可能正在吸毒或实施涉及毒品的违法犯罪行为时，应该 （  ）。","Score":5,"Options":[{"Sign":"A","Content":"尽快离开，确保安全情况下报警"},{"Sign":"B","Content":"事不关己"},{"Sign":"C","Content":"好奇上前去看个究竟"},{"Sign":"D","Content":"马上阻止其违法犯罪行为"}]},{"QuestionID":105,"QuestionType":"禁毒知识","Content":"合成毒品“麻古”的主要成分是甲基苯丙胺和（  ）。","Score":5,"Options":[{"Sign":"A","Content":"大麻"},{"Sign":"B","Content":"古柯碱"},{"Sign":"C","Content":"咖啡因"},{"Sign":"D","Content":"安纳咖"}]}]}