{"RandomPaperID":338,"Questions":[{"QuestionID":303,"QuestionType":"禁毒知识","Content":"下列毒品中属于抑制剂类毒品的是（  ）。","Score":5,"Options":[{"Sign":"A","Content":"冰毒"},{"Sign":"B","Content":"摇头丸"},{"Sign":"C","Content":"海洛因"},{"Sign":"D","Content":"麦斯卡林"}]},{"QuestionID":63,"QuestionType":"禁毒知识","Content":"对于吸毒成瘾严重，通过社区戒毒难以戒除毒瘾的人员，公安机关可以直接作出强制隔离戒毒的决定。以上说法正确吗？","Score":5,"Options":[{"Sign":"A","Content":"正确"},{"Sign":"B","Content":"错误"}]},{"QuestionID":277,"QuestionType":"禁毒知识","Content":"吸毒会耗费越来越多的家庭财产。","Score":5,"Options":[{"Sign":"A","Content":"正确"},{"Sign":"B","Content":"错误"}]},{"QuestionID":373,"QuestionType":"禁毒知识","Content":"吸毒人员应当戒除毒瘾（）","Score":5,"Options":[{"Sign":"A","Content":"应当"},{"Sign":"B","Content":"可以"},{"Sign":"C","Content":"不需要"}]},{"QuestionID":312,"QuestionType":"禁毒知识","Content":"下列物品中不属于毒品的是（　）。","Score":5,"Options":[{"Sign":"A","Content":"鸦片"},{"Sign":"B","Content":"海洛因"},{"Sign":"C","Content":"酒精"},{"Sign":"D","Content":"杜冷丁"}]},{"QuestionID":427,"QuestionType":"禁毒知识","Content":"众多种类的毒品之中有很多的致幻剂，（　）是已知药力最强的致幻剂之一。","Score":5,"Options":[{"Sign":"A","Content":"K粉"},{"Sign":"B","Content":"三唑伦"},{"Sign":"C","Content":"麦角酰二乙胺"},{"Sign":"D","Content":"可卡因"}]},{"QuestionID":392,"QuestionType":"禁毒知识","Content":"孕妇涉毒犯罪有可能免除刑责。","Score":5,"Options":[{"Sign":"A","Content":"正确"},{"Sign":"B","Content":"错误"}]},{"QuestionID":13,"QuestionType":"禁毒知识","Content":"（  ）俗称K粉，属于合成类新型毒品。","Score":5,"Options":[{"Sign":"A","Content":"氯胺酮"},{"Sign":"B","Content":"海洛因"},{"Sign":"C","Content":"大麻"},{"Sign":"D","Content":"美沙酮"}]},{"QuestionID":97,"QuestionType":"禁毒知识","Content":"国家鼓励志愿人员参与（  ）工作。地方各级人民政府应当对志愿人员进行指导、培训，并提供必要的工作条件。","Score":5,"Options":[{"Sign":"A","Content":"缉毒侦查"},{"Sign":"B","Content":"禁毒管理"},{"Sign":"C","Content":"禁毒宣传教育和戒毒社会服务"},{"Sign":"D","Content":"禁毒知识普及教育"}]},{"QuestionID":155,"QuestionType":"禁毒知识","Content":"人们常说“毒品猛于虎”，毒品的危害除了对身心的危害，严重摧残吸毒者的身体之外，还包括（　） 。（  ）","Score":5,"Options":[{"Sign":"A","Content":"对家庭的危害"},{"Sign":"B","Content":"对社会的危害"},{"Sign":"C","Content":"对他人的危害"},{"Sign":"D","Content":"以上A和B"}]},{"QuestionID":74,"QuestionType":"禁毒知识","Content":"负责社区戒毒工作的是（  ）。","Score":5,"Options":[{"Sign":"A","Content":"公安机关"},{"Sign":"B","Content":"卫生行政部门"},{"Sign":"C","Content":"城市街道办事处、乡镇人民政府"},{"Sign":"D","Content":"司法机关"}]},{"QuestionID":315,"QuestionType":"禁毒知识","Content":"下列选项中属于禁毒志愿者义务的是。（  ）","Score":5,"Options":[{"Sign":"A","Content":"履行禁毒志愿者服务承诺"},{"Sign":"B","Content":"自身远离毒品"},{"Sign":"C","Content":"每年参加不少于48小时禁毒志愿服务活动"},{"Sign":"D","Content":"以上选项都是"}]},{"QuestionID":370,"QuestionType":"禁毒知识","Content":"以下致幻毒品中（　）是从生长在墨西哥北部与美国南部的仙人球里提取的。（  ）","Score":5,"Options":[{"Sign":"A","Content":"吗啡"},{"Sign":"B","Content":"麦司卡林"},{"Sign":"C","Content":"古柯"},{"Sign":"D","Content":"麻古"}]},{"QuestionID":116,"QuestionType":"禁毒知识","Content":"戒毒药品可随意提供戒毒医疗机构开展戒毒治疗使用。","Score":5,"Options":[{"Sign":"A","Content":"正确"},{"Sign":"B","Content":"错误"}]},{"QuestionID":273,"QuestionType":"禁毒知识","Content":"吸毒行为产生的环境因素主要包括社区环境、家庭环境和人际环境。","Score":5,"Options":[{"Sign":"A","Content":"正确"},{"Sign":"B","Content":"错误"}]},{"QuestionID":326,"QuestionType":"禁毒知识","Content":"小王在网上及微信群里教人制作毒品的方法，但他自己从来没有吸毒、贩毒和制毒，所以他仅仅算是传播了毒品的相关知识，并不算违法。这种说法正确吗？（  ）。","Score":5,"Options":[{"Sign":"A","Content":"正确"},{"Sign":"B","Content":"错误"}]},{"QuestionID":398,"QuestionType":"禁毒知识","Content":"在食品中掺用罂粟壳的行为，不构成犯罪，也无需进行行政处罚。","Score":5,"Options":[{"Sign":"A","Content":"正确"},{"Sign":"B","Content":"错误"}]},{"QuestionID":26,"QuestionType":"禁毒知识","Content":"《刑法》规定非法种植罂粟（　） 株以上构成犯罪。","Score":5,"Options":[{"Sign":"A","Content":"1000"},{"Sign":"B","Content":"500"},{"Sign":"C","Content":"5000"},{"Sign":"D","Content":"8000"}]},{"QuestionID":118,"QuestionType":"禁毒知识","Content":"金新月国际毒源地是指以下哪几个国家的交界地带？","Score":5,"Options":[{"Sign":"A","Content":"老挝、缅甸、泰国"},{"Sign":"B","Content":"伊朗、阿富汗、巴基斯坦"},{"Sign":"C","Content":"印度、斯里兰卡、阿联酋"},{"Sign":"D","Content":"新加坡、伊朗、菲律宾"}]},{"QuestionID":4,"QuestionType":"禁毒知识","Content":"“金三角”是指泰国、缅甸、（ ）。","Score":5,"Options":[{"Sign":"A","Content":"老挝"},{"Sign":"B","Content":"越南"},{"Sign":"C","Content":"柬埔寨"},{"Sign":"D","Content":"印度"}]}]}