{"RandomPaperID":339,"Questions":[{"QuestionID":192,"QuestionType":"禁毒知识","Content":"吸食过量大麻烟可引起气管炎、咽炎、气喘发作、喉头水肿等疾病。","Score":5,"Options":[{"Sign":"A","Content":"正确"},{"Sign":"B","Content":"错误"}]},{"QuestionID":134,"QuestionType":"禁毒知识","Content":"吗啡一般是从（   ）中提炼出来的？","Score":5,"Options":[{"Sign":"A","Content":"海洛因"},{"Sign":"B","Content":"鸦片"},{"Sign":"C","Content":"古柯叶"},{"Sign":"D","Content":"大麻"}]},{"QuestionID":381,"QuestionType":"禁毒知识","Content":"由于我国西南边境毗邻世界最主要的毒源地（　），造成毒源地的毒品大量流入我国，部分经我国中转走私到其他国家和地区。","Score":5,"Options":[{"Sign":"A","Content":"金三角"},{"Sign":"B","Content":"银三角"},{"Sign":"C","Content":"金新月"}]},{"QuestionID":352,"QuestionType":"禁毒知识","Content":"要想真正远离毒品，我们首先就必须要了解人们选择吸食毒品之原因。","Score":5,"Options":[{"Sign":"A","Content":"正确"},{"Sign":"B","Content":"错误"}]},{"QuestionID":297,"QuestionType":"禁毒知识","Content":"吸食过量大麻可发生意识不清、产生幻觉等。","Score":5,"Options":[{"Sign":"A","Content":"正确"},{"Sign":"B","Content":"错误"}]},{"QuestionID":332,"QuestionType":"禁毒知识","Content":"（）是指直接作用于中枢神经系统，使之兴奋或抑制，连续使用能产生依赖性的药品。","Score":5,"Options":[{"Sign":"A","Content":"麻醉药品"},{"Sign":"B","Content":"精神药品"},{"Sign":"C","Content":"新精神活性物质"}]},{"QuestionID":164,"QuestionType":"禁毒知识","Content":"申请成为禁毒志愿者的年龄要求是（  ）。","Score":5,"Options":[{"Sign":"A","Content":"没要求"},{"Sign":"B","Content":"14周岁以上"},{"Sign":"C","Content":"16周岁以上"},{"Sign":"D","Content":"18周岁以上"}]},{"QuestionID":194,"QuestionType":"禁毒知识","Content":"下列不属于戒毒措施的是（  ）。","Score":5,"Options":[{"Sign":"A","Content":"强制隔离戒毒"},{"Sign":"B","Content":"社区康复"},{"Sign":"C","Content":"自愿戒毒"},{"Sign":"D","Content":"治安拘留"}]},{"QuestionID":344,"QuestionType":"禁毒知识","Content":"摇头丸具有兴奋与致幻双重作用，在药力作用下，用药者的时间概念和认知会混乱，因而表现出超乎寻常的活跃。","Score":5,"Options":[{"Sign":"A","Content":"正确"},{"Sign":"B","Content":"错误"}]},{"QuestionID":216,"QuestionType":"禁毒知识","Content":"在迪厅、酒吧、KTV等娱乐场所，如果你看到了一种红色药丸（或药片）状的东西，那你可能就是看到了（　），千万小心不要沾染。（  ）","Score":5,"Options":[{"Sign":"A","Content":"跳跳糖"},{"Sign":"B","Content":"彩球糖"},{"Sign":"C","Content":"摇头丸或麻古"},{"Sign":"D","Content":"山楂丸"}]},{"QuestionID":157,"QuestionType":"禁毒知识","Content":"容留他人吸食、注射毒品或者介绍买卖毒品，构成犯罪的，依法追究刑事责任；尚不构成犯罪的，由公安机关处十日以上十五日以下拘留，可以并处三千元以下罚款；情节较轻的，处五日以下拘留或者五百元以下罚款。以上说法正确吗？（  ）","Score":5,"Options":[{"Sign":"A","Content":"正确"},{"Sign":"B","Content":"不正确"}]},{"QuestionID":163,"QuestionType":"禁毒知识","Content":"社区戒毒的期限为（ ）。","Score":5,"Options":[{"Sign":"A","Content":"1年"},{"Sign":"B","Content":"2年"},{"Sign":"C","Content":"3年"}]},{"QuestionID":87,"QuestionType":"禁毒知识","Content":"公安机关可以对涉嫌吸毒的人员进行必要的检测，被检测人员应当予以配合；对拒绝接受检测的，经县级以上人民政府公安机关或者其派出机构负责人批准，可以（  ）。","Score":5,"Options":[{"Sign":"A","Content":"行政罚款"},{"Sign":"B","Content":"依法惩治"},{"Sign":"C","Content":"行政拘留"},{"Sign":"D","Content":"强制检测"}]},{"QuestionID":78,"QuestionType":"禁毒知识","Content":"根据查缉毒品的需要，（    ）可以在边境地区、交通要道、口岸以及飞机场、火车站、长途汽车站、码头对来往人员、物品、货物以及交通工具进行毒品和易制毒化学品检查。","Score":5,"Options":[{"Sign":"A","Content":"公安机关"},{"Sign":"B","Content":"药品监督管理部门"},{"Sign":"C","Content":"禁毒委员会"},{"Sign":"D","Content":"以上选项都是"}]},{"QuestionID":253,"QuestionType":"禁毒知识","Content":"我国《刑法》规定走私、贩卖、运输、制造毒品，无论数量多少，都应当追究刑事责任。","Score":5,"Options":[{"Sign":"A","Content":"正确"},{"Sign":"B","Content":"错误"}]},{"QuestionID":59,"QuestionType":"禁毒知识","Content":"对吸毒成瘾人员，公安机关可以责令其接受（  ），期限为三年，同时通知吸毒人员户籍所在地或者现居住地的城市街道办事处、乡镇人民政府。","Score":5,"Options":[{"Sign":"A","Content":"社区戒毒"},{"Sign":"B","Content":"强制隔离戒毒"},{"Sign":"C","Content":"限期戒毒"},{"Sign":"D","Content":"社区康复"}]},{"QuestionID":329,"QuestionType":"禁毒知识","Content":"心理治疗在戒毒过程中有着重要的作用。","Score":5,"Options":[{"Sign":"A","Content":"正确"},{"Sign":"B","Content":"错误"}]},{"QuestionID":102,"QuestionType":"禁毒知识","Content":"海洛因的滥用方式有（　） 。","Score":5,"Options":[{"Sign":"A","Content":"口吸"},{"Sign":"B","Content":"鼻吸"},{"Sign":"C","Content":"注射"},{"Sign":"D","Content":"以上均正确"}]},{"QuestionID":114,"QuestionType":"禁毒知识","Content":"戒毒是一个长期的过程，包括生理脱毒与医学治疗、（）、善后辅导与回归社会三个阶段。（  ）","Score":5,"Options":[{"Sign":"A","Content":"心理成瘾戒断"},{"Sign":"B","Content":"心理治疗与心理康复"},{"Sign":"C","Content":"毒瘾戒断"},{"Sign":"D","Content":"社区康复"}]},{"QuestionID":260,"QuestionType":"禁毒知识","Content":"我国目前吸毒人员主要以吸食海洛因为主，大约占70%以上。","Score":5,"Options":[{"Sign":"A","Content":"正确"},{"Sign":"B","Content":"错误"}]}]}