{"RandomPaperID":342,"Questions":[{"QuestionID":305,"QuestionType":"禁毒知识","Content":"下列哪条不是吸毒成瘾严重的认定标准：","Score":5,"Options":[{"Sign":"A","Content":"有戒断症状或者有证据证明吸毒史，包括曾经因使用毒品被公安机关查处、曾经进行自愿戒毒、人体毛发样品检测出毒品成分等情形"},{"Sign":"B","Content":"经被责令社区戒毒、强制隔离戒毒（含《禁毒法》实施以前被强制戒毒或者劳教戒毒）、社区康复或者参加过戒毒药物维持治疗，再次吸食、注射毒品的"},{"Sign":"C","Content":"有证据证明其采取注射方式使用毒品或者多次使用两类以上毒品的"},{"Sign":"D","Content":"有证据证明其使用毒品后伴有聚众淫乱、自伤自残或者暴力侵犯他人人身、财产安全或者妨害公共安全等行为的"}]},{"QuestionID":134,"QuestionType":"禁毒知识","Content":"吗啡一般是从（   ）中提炼出来的？","Score":5,"Options":[{"Sign":"A","Content":"海洛因"},{"Sign":"B","Content":"鸦片"},{"Sign":"C","Content":"古柯叶"},{"Sign":"D","Content":"大麻"}]},{"QuestionID":183,"QuestionType":"禁毒知识","Content":"吸毒的危害有哪些方面？（  ）","Score":5,"Options":[{"Sign":"A","Content":"危害个人，包括：摧残人的身体、扭曲人格、引发自伤、自残、自杀的行为、传播疾病等。"},{"Sign":"B","Content":"危害家庭，包括：对家庭成员身心摧残、导致倾家荡产、家破人亡、贻害后代等。"},{"Sign":"C","Content":"危害社会，包括：诱发违法犯罪、影响国民素质、吞噬社会巨额财富、影响国计民生等。"},{"Sign":"D","Content":"A.B和C"}]},{"QuestionID":236,"QuestionType":"禁毒知识","Content":"世界上最大的可卡因产地是哪里？（  ）","Score":5,"Options":[{"Sign":"A","Content":"金三角"},{"Sign":"B","Content":"金新月"},{"Sign":"C","Content":"银三角"},{"Sign":"D","Content":"贝卡谷地"}]},{"QuestionID":83,"QuestionType":"禁毒知识","Content":"根据我国《禁毒法》之规定，目前我国的禁毒模式共有自愿戒毒、社区戒毒、强制隔离戒毒三种。","Score":5,"Options":[{"Sign":"A","Content":"正确"},{"Sign":"B","Content":"错误"}]},{"QuestionID":255,"QuestionType":"禁毒知识","Content":"我国近代史上著名的“虎门销烟”中销毁的是哪种烟？","Score":5,"Options":[{"Sign":"A","Content":"鸦片烟"},{"Sign":"B","Content":"卷烟"},{"Sign":"C","Content":"大麻烟"}]},{"QuestionID":116,"QuestionType":"禁毒知识","Content":"戒毒药品可随意提供戒毒医疗机构开展戒毒治疗使用。","Score":5,"Options":[{"Sign":"A","Content":"正确"},{"Sign":"B","Content":"错误"}]},{"QuestionID":45,"QuestionType":"禁毒知识","Content":"当在你身边出现毒品时，正确的做法是（　）。","Score":5,"Options":[{"Sign":"A","Content":"变卖"},{"Sign":"B","Content":"丢弃"},{"Sign":"C","Content":"报告公安机关"},{"Sign":"D","Content":"假装看不见"}]},{"QuestionID":84,"QuestionType":"禁毒知识","Content":"根据我国《治安管理处罚法》，三年内有吸食、注射毒品行为或者解除强制隔离戒毒措施未满两年的，不得申请驾照。","Score":5,"Options":[{"Sign":"A","Content":"正确"},{"Sign":"B","Content":"错误"}]},{"QuestionID":377,"QuestionType":"禁毒知识","Content":"罂粟是几年生草本植物？（  ）","Score":5,"Options":[{"Sign":"A","Content":"1"},{"Sign":"B","Content":"2"},{"Sign":"C","Content":"3"}]},{"QuestionID":405,"QuestionType":"禁毒知识","Content":"张某吸毒，有时让王某为其购买毒品，王某借机从中牟利，对王某的行为是否应追究刑事责任？（  ）","Score":5,"Options":[{"Sign":"A","Content":"应该"},{"Sign":"B","Content":"不应该"},{"Sign":"C","Content":"由所涉毒品数量决定"}]},{"QuestionID":26,"QuestionType":"禁毒知识","Content":"《刑法》规定非法种植罂粟（　） 株以上构成犯罪。","Score":5,"Options":[{"Sign":"A","Content":"1000"},{"Sign":"B","Content":"500"},{"Sign":"C","Content":"5000"},{"Sign":"D","Content":"8000"}]},{"QuestionID":432,"QuestionType":"禁毒知识","Content":"学校是毒品预防教育的主阵地，课堂是主渠道","Score":5,"Options":[{"Sign":"A","Content":"正确"},{"Sign":"B","Content":"错误"}]},{"QuestionID":410,"QuestionType":"禁毒知识","Content":"长期吸毒会使吸毒者沉溺于虚幻的自我体验中而不能自拔，使其丧失对生活的热爱、丧失对人际交往的兴趣，这是毒品的社会危害。","Score":5,"Options":[{"Sign":"A","Content":"正确"},{"Sign":"B","Content":"错误"}]},{"QuestionID":148,"QuestionType":"禁毒知识","Content":"强制隔离戒毒人员的戒毒相关费用由其本人承担。","Score":5,"Options":[{"Sign":"A","Content":"正确"},{"Sign":"B","Content":"错误"}]},{"QuestionID":412,"QuestionType":"禁毒知识","Content":"长期吸食鸦片会使人先天免疫力丧失，非常容易感染各种疾病。","Score":5,"Options":[{"Sign":"A","Content":"正确"},{"Sign":"B","Content":"错误"}]},{"QuestionID":142,"QuestionType":"禁毒知识","Content":"你的同学或者好朋友把你介绍给他的朋友们，这些人私密的聚在某人家里或者类似娱乐场所的地方，使用一些粉末、片剂或者类似香烟的东西。还请你品尝，你恰当的拒绝方式应该是（　） 。","Score":5,"Options":[{"Sign":"A","Content":"找个合适的借口离开那里"},{"Sign":"B","Content":"坚决地拒绝"},{"Sign":"C","Content":"婉言谢绝"},{"Sign":"D","Content":"以上方式都可以"}]},{"QuestionID":434,"QuestionType":"禁毒知识","Content":"十九大报告提出完善以(  )为核心的中国特色社会主义法律体系，建设中国特色社会主义法治体系。","Score":5,"Options":[{"Sign":"A","Content":"党章"},{"Sign":"B","Content":"宪法"},{"Sign":"C","Content":"党纪国法"},{"Sign":"D","Content":"全民守法"}]},{"QuestionID":219,"QuestionType":"禁毒知识","Content":"在中国，大约一直到20世纪20年代才开始使用“毒品”一词。","Score":5,"Options":[{"Sign":"A","Content":"正确"},{"Sign":"B","Content":"错误"}]},{"QuestionID":127,"QuestionType":"禁毒知识","Content":"李某是某酒吧老板，明知一些人经常在该酒吧内吸食冰毒，李某却视而不见。对李某的行为如何进行处罚 （  ）。","Score":5,"Options":[{"Sign":"A","Content":"批评教育"},{"Sign":"B","Content":"以容留他人吸毒罪论处"},{"Sign":"C","Content":"以贩卖毒品罪论处"},{"Sign":"D","Content":"罚款并吊销营业执照"}]}]}