{"RandomPaperID":344,"Questions":[{"QuestionID":215,"QuestionType":"禁毒知识","Content":"远离毒品的自我保护方法有（　） 。","Score":5,"Options":[{"Sign":"A","Content":"养成良好习惯"},{"Sign":"B","Content":"不在危险地方逗留"},{"Sign":"C","Content":"不接受他人的食物"},{"Sign":"D","Content":"ABC都是"}]},{"QuestionID":273,"QuestionType":"禁毒知识","Content":"吸毒行为产生的环境因素主要包括社区环境、家庭环境和人际环境。","Score":5,"Options":[{"Sign":"A","Content":"正确"},{"Sign":"B","Content":"错误"}]},{"QuestionID":27,"QuestionType":"禁毒知识","Content":"《中华人民共和国禁毒法》自（ ）起施行。","Score":5,"Options":[{"Sign":"A","Content":"2007年12月29日"},{"Sign":"B","Content":"2008年1月1日"},{"Sign":"C","Content":"2008年6月1日"},{"Sign":"D","Content":"2008年6月26日"}]},{"QuestionID":272,"QuestionType":"禁毒知识","Content":"吸毒对女性怀孕后胎儿的影响是（　）。","Score":5,"Options":[{"Sign":"A","Content":"可能导致胎儿畸形死胎"},{"Sign":"B","Content":"没有任何影响"},{"Sign":"C","Content":"可能导致难产"},{"Sign":"D","Content":"会让胎儿更健康"}]},{"QuestionID":213,"QuestionType":"禁毒知识","Content":"娱乐场所因违反《娱乐场所管理条例》规定，被吊销或者撤销娱乐经营许可证的，自被吊销或者撤销之日起，其法定代表人、负责人在（  ）内不得担任娱乐场所的法定代表人、负责人。","Score":5,"Options":[{"Sign":"A","Content":"二年"},{"Sign":"B","Content":"三年"},{"Sign":"C","Content":"四年"},{"Sign":"D","Content":"五年"}]},{"QuestionID":298,"QuestionType":"禁毒知识","Content":"吸食合成毒品危害比较传统毒品要小。","Score":5,"Options":[{"Sign":"A","Content":"正确"},{"Sign":"B","Content":"错误"}]},{"QuestionID":293,"QuestionType":"禁毒知识","Content":"吸食冰毒以后马上驾驶车辆，容易造成情绪冲动及过度兴奋，从而极易引发超速而造成的严重交通事故。","Score":5,"Options":[{"Sign":"A","Content":"对"},{"Sign":"B","Content":"错"}]},{"QuestionID":228,"QuestionType":"禁毒知识","Content":"擅自开办戒毒脱瘾治疗业务的，由卫生部门依法予以取缔和处罚。有毒品违法犯罪行为的，应当移送公安机关处理。","Score":5,"Options":[{"Sign":"A","Content":"正确"},{"Sign":"B","Content":"错误"}]},{"QuestionID":300,"QuestionType":"禁毒知识","Content":"吸食注射毒品成瘾的，应当戒除毒瘾。","Score":5,"Options":[{"Sign":"A","Content":"正确"},{"Sign":"B","Content":"错误"}]},{"QuestionID":100,"QuestionType":"禁毒知识","Content":"海洛因对中枢神经系统主要起（  ） 。","Score":5,"Options":[{"Sign":"A","Content":"兴奋作用"},{"Sign":"B","Content":"抑制作用"},{"Sign":"C","Content":"致幻作用"},{"Sign":"D","Content":"安眠作用"}]},{"QuestionID":8,"QuestionType":"禁毒知识","Content":"不属于阿片类毒品的是（  ）","Score":5,"Options":[{"Sign":"A","Content":"吗啡"},{"Sign":"B","Content":"海洛因"},{"Sign":"C","Content":"冰毒"},{"Sign":"D","Content":"美沙酮"}]},{"QuestionID":66,"QuestionType":"禁毒知识","Content":"发现吸贩毒情况，想向公安机关举报应拨打电话号码（  ）。","Score":5,"Options":[{"Sign":"A","Content":"114"},{"Sign":"B","Content":"119"},{"Sign":"C","Content":"110"},{"Sign":"D","Content":"120"}]},{"QuestionID":223,"QuestionType":"禁毒知识","Content":"郑某在南方某地购得15克海洛因藏在家中准备自己吸食，后被公安机关查获，郑某的行为构成了什么罪？（  ）","Score":5,"Options":[{"Sign":"A","Content":"贩卖毒品罪"},{"Sign":"B","Content":"非法持有毒品罪"},{"Sign":"C","Content":"不构成犯罪"},{"Sign":"D","Content":"私藏毒品罪"}]},{"QuestionID":308,"QuestionType":"禁毒知识","Content":"下列人员中，不属于吸毒检测对象的是（　）。","Score":5,"Options":[{"Sign":"A","Content":"涉嫌吸毒人员"},{"Sign":"B","Content":"社区戒毒期间人员"},{"Sign":"C","Content":"已经康复的吸毒人员"}]},{"QuestionID":288,"QuestionType":"禁毒知识","Content":"吸毒者对毒品都具有较强的依赖性，而依赖性仅表现在身体（生理）上对毒品的依赖。","Score":5,"Options":[{"Sign":"A","Content":"正确"},{"Sign":"B","Content":"错误"}]},{"QuestionID":18,"QuestionType":"禁毒知识","Content":"《禁毒法》规定，国家采取各种措施帮助吸毒人员戒除毒瘾，（  ）吸毒人员。吸毒成瘾人员应当进行戒毒治疗。","Score":5,"Options":[{"Sign":"A","Content":"打击处理"},{"Sign":"B","Content":"依法惩治"},{"Sign":"C","Content":"教育和挽救"},{"Sign":"D","Content":"收容看管"}]},{"QuestionID":118,"QuestionType":"禁毒知识","Content":"金新月国际毒源地是指以下哪几个国家的交界地带？","Score":5,"Options":[{"Sign":"A","Content":"老挝、缅甸、泰国"},{"Sign":"B","Content":"伊朗、阿富汗、巴基斯坦"},{"Sign":"C","Content":"印度、斯里兰卡、阿联酋"},{"Sign":"D","Content":"新加坡、伊朗、菲律宾"}]},{"QuestionID":356,"QuestionType":"禁毒知识","Content":"已满14周岁不满16周岁的人对涉及“毒品”的犯罪，仅对“贩卖”毒品行为负刑事责任，对其他涉毒罪行不负刑事责任。","Score":5,"Options":[{"Sign":"A","Content":"正确"},{"Sign":"B","Content":"错误"}]},{"QuestionID":205,"QuestionType":"禁毒知识","Content":"以下哪个法令中第一次明确了保护青少年不受毒品危害的规定。（  ）","Score":5,"Options":[{"Sign":"A","Content":"《刑法》"},{"Sign":"B","Content":"《预防未成年人犯罪法》"},{"Sign":"C","Content":"《未成年人保护法》"},{"Sign":"D","Content":"《危险毒品条例》"}]},{"QuestionID":411,"QuestionType":"禁毒知识","Content":"长期吸食鸦片的会导致什么样的危害？（  ）","Score":5,"Options":[{"Sign":"A","Content":"会使人的先天免疫力丧失"},{"Sign":"B","Content":"容易感染各种疾病"},{"Sign":"C","Content":"A和B都是"}]}]}