{"RandomPaperID":354,"Questions":[{"QuestionID":249,"QuestionType":"禁毒知识","Content":"未成年人的父母或者其他监护人应当对未成年人进行毒品危害的教育，防止其吸食、注射毒品或者进行其他毒品违法犯罪活动。","Score":5,"Options":[{"Sign":"A","Content":"正确"},{"Sign":"B","Content":"错误"}]},{"QuestionID":144,"QuestionType":"禁毒知识","Content":"强迫他人吸毒、注射毒品的，处（    ）有期徒刑，并处罚金。","Score":5,"Options":[{"Sign":"A","Content":"1年以上3年以下"},{"Sign":"B","Content":"3年以上6年以下"},{"Sign":"C","Content":"3年以上10年以下"},{"Sign":"D","Content":"3年以上7年以下"}]},{"QuestionID":35,"QuestionType":"禁毒知识","Content":"麻黄碱是从哪种原植物中提取的（　）  。","Score":5,"Options":[{"Sign":"A","Content":"罂粟"},{"Sign":"B","Content":"大麻"},{"Sign":"C","Content":"麻黄草"},{"Sign":"D","Content":"古柯"}]},{"QuestionID":359,"QuestionType":"禁毒知识","Content":"以下几种毒品，成瘾性和毒副作用最强的是（　）。","Score":5,"Options":[{"Sign":"A","Content":"古柯叶"},{"Sign":"B","Content":"海洛因"},{"Sign":"C","Content":"鸦片"},{"Sign":"D","Content":"大麻"}]},{"QuestionID":238,"QuestionType":"禁毒知识","Content":"印度人最早将鸦片传入中国。","Score":5,"Options":[{"Sign":"A","Content":"正确"},{"Sign":"B","Content":"错误"}]},{"QuestionID":403,"QuestionType":"禁毒知识","Content":"在中国，K粉列入第一类精神药品管制。","Score":5,"Options":[{"Sign":"A","Content":"正确"},{"Sign":"B","Content":"错误"}]},{"QuestionID":230,"QuestionType":"禁毒知识","Content":"社区戒毒与社区康复是具有限制人身自由的行政强制措施。","Score":5,"Options":[{"Sign":"A","Content":"正确"},{"Sign":"B","Content":"错误"}]},{"QuestionID":175,"QuestionType":"禁毒知识","Content":"毒品预防教育的首要重点对象是（　）。","Score":5,"Options":[{"Sign":"A","Content":"无业人员"},{"Sign":"B","Content":"青少年"},{"Sign":"C","Content":"流动人口"},{"Sign":"D","Content":"文化素质较低的人员"}]},{"QuestionID":400,"QuestionType":"禁毒知识","Content":"在我们日常生活里可能遇到的毒品中，根据其来源可将其分为传统毒品与新型毒品。","Score":5,"Options":[{"Sign":"A","Content":"正确"},{"Sign":"B","Content":"错误"}]},{"QuestionID":100,"QuestionType":"禁毒知识","Content":"海洛因对中枢神经系统主要起（  ） 。","Score":5,"Options":[{"Sign":"A","Content":"兴奋作用"},{"Sign":"B","Content":"抑制作用"},{"Sign":"C","Content":"致幻作用"},{"Sign":"D","Content":"安眠作用"}]},{"QuestionID":171,"QuestionType":"禁毒知识","Content":"我国《禁毒法》明确了（　），综合治理，禁种、禁制、禁贩、禁吸的禁毒方针？","Score":5,"Options":[{"Sign":"A","Content":"预防为本"},{"Sign":"B","Content":"预防为主"},{"Sign":"C","Content":"打击为主"},{"Sign":"D","Content":"打防并举"}]},{"QuestionID":50,"QuestionType":"禁毒知识","Content":"第一次将毒品犯罪规定为国际犯罪的公约是（　） 。","Score":5,"Options":[{"Sign":"A","Content":"《禁止非法贩运麻醉药品和精神药物公约》"},{"Sign":"B","Content":"《海牙鸦片公约》"},{"Sign":"C","Content":"《日内瓦禁毒公约》"},{"Sign":"D","Content":"《麻醉药品单一公约》"}]},{"QuestionID":361,"QuestionType":"禁毒知识","Content":"以下哪些是有效的戒毒方法?( D)","Score":5,"Options":[{"Sign":"A","Content":"药物治疗"},{"Sign":"B","Content":"物理治疗"},{"Sign":"C","Content":"心理社会治疗"},{"Sign":"D","Content":"以上皆是"}]},{"QuestionID":3,"QuestionType":"禁毒知识","Content":"“国际禁毒日”是每年的（  ）。","Score":5,"Options":[{"Sign":"A","Content":"7月9日"},{"Sign":"B","Content":"6月26日"},{"Sign":"C","Content":"12月1日"},{"Sign":"D","Content":"5月17日"}]},{"QuestionID":189,"QuestionType":"禁毒知识","Content":"吸食K粉、摇头丸等药物会导致血压上升、心跳过快、心律失常，甚至可能诱发精神分裂症及急性心脑疾病。但不会致人死亡。","Score":5,"Options":[{"Sign":"A","Content":"正确"},{"Sign":"B","Content":"错误"}]},{"QuestionID":73,"QuestionType":"禁毒知识","Content":"氟硝安定属于抑制剂类药物，是一种镇静催眠药，与酒精或其他镇静催眠药合用后可导致中毒死亡。","Score":5,"Options":[{"Sign":"A","Content":"正确"},{"Sign":"B","Content":"错误"}]},{"QuestionID":379,"QuestionType":"禁毒知识","Content":"有的吸毒者为了获取毒品和毒资，丧失人格，违反道德和法律，实施盗窃、抢劫和抢夺等破坏社会秩序的行为。","Score":5,"Options":[{"Sign":"A","Content":"正确"},{"Sign":"B","Content":"错误"}]},{"QuestionID":116,"QuestionType":"禁毒知识","Content":"戒毒药品可随意提供戒毒医疗机构开展戒毒治疗使用。","Score":5,"Options":[{"Sign":"A","Content":"正确"},{"Sign":"B","Content":"错误"}]},{"QuestionID":274,"QuestionType":"禁毒知识","Content":"尿检呈现阳性，说明被检测者有吸毒行为（   ）","Score":5,"Options":[{"Sign":"A","Content":"正确"},{"Sign":"B","Content":"错误"}]},{"QuestionID":207,"QuestionType":"禁毒知识","Content":"因吸毒被查获的人员应当接受 （  ）。","Score":5,"Options":[{"Sign":"A","Content":"治安处罚"},{"Sign":"B","Content":"刑事处罚"},{"Sign":"C","Content":"不处罚"},{"Sign":"D","Content":"批评教育"}]}]}