{"RandomPaperID":362,"Questions":[{"QuestionID":165,"QuestionType":"禁毒知识","Content":"生理戒断是指尿检呈阴性，戒断症状消失。","Score":5,"Options":[{"Sign":"A","Content":"正确"},{"Sign":"B","Content":"错误"}]},{"QuestionID":323,"QuestionType":"禁毒知识","Content":"对戒毒人员戒毒的个人信息应当依法予以保密。对戒断3年未复吸的人员，不再实行动态管控。","Score":5,"Options":[{"Sign":"A","Content":"正确"},{"Sign":"B","Content":"错误"}]},{"QuestionID":409,"QuestionType":"禁毒知识","Content":"长期吸毒会使吸毒者沉溺于虚幻的自我体验中而不能自拔，使其丧失对生活的热爱、丧失对人际交往的兴趣，而这反映毒品对青少年（　） 的危害。","Score":5,"Options":[{"Sign":"A","Content":"身体健康方面"},{"Sign":"B","Content":"心理健康方面"},{"Sign":"C","Content":"社会发展方面"},{"Sign":"D","Content":"以上三项均不对"}]},{"QuestionID":40,"QuestionType":"禁毒知识","Content":"从医学角度看，吸毒成瘾作为一种疾病。以下哪个表述是正确的（  ）。","Score":5,"Options":[{"Sign":"A","Content":"心理障碍"},{"Sign":"B","Content":"精神疾病"},{"Sign":"C","Content":"躯体疾病"},{"Sign":"D","Content":"慢性的复发性的脑疾病"}]},{"QuestionID":247,"QuestionType":"禁毒知识","Content":"“虎门销烟”是哪一天开始的（）。","Score":5,"Options":[{"Sign":"A","Content":"1839年6月3日"},{"Sign":"B","Content":"1840年6月9日"},{"Sign":"C","Content":"1841年7月17日"},{"Sign":"D","Content":"1842年10月10日"}]},{"QuestionID":388,"QuestionType":"禁毒知识","Content":"预防吸毒的有效措施有（　） 。","Score":5,"Options":[{"Sign":"A","Content":"远离特殊人群、特殊场所、特殊嗜好"},{"Sign":"B","Content":"毒品知识的教育，认清毒品的危害"},{"Sign":"C","Content":"不结交社会上的吸毒朋友"},{"Sign":"D","Content":"以上选项都是"}]},{"QuestionID":1,"QuestionType":"禁毒知识","Content":"杜冷丁，又称哌替啶，为白色结晶性粉末，无臭或几乎无臭。医疗多用于针剂，滥用会成瘾，严重危害人体健康和生命安全。","Score":5,"Options":[{"Sign":"A","Content":"正确"},{"Sign":"B","Content":"错误"}]},{"QuestionID":94,"QuestionType":"禁毒知识","Content":"国家对易制毒化学品的生产、经营、购买、运输实行（ ）制度。","Score":5,"Options":[{"Sign":"A","Content":"审查"},{"Sign":"B","Content":"许可"},{"Sign":"C","Content":"管理"},{"Sign":"D","Content":"禁止"}]},{"QuestionID":318,"QuestionType":"禁毒知识","Content":"吸毒的方式有（　）。","Score":5,"Options":[{"Sign":"A","Content":"通过呼吸道"},{"Sign":"B","Content":"通过消化道"},{"Sign":"C","Content":"静脉注射"},{"Sign":"D","Content":"以上选项都是"}]},{"QuestionID":335,"QuestionType":"禁毒知识","Content":"学校应当将禁毒知识纳入教育、教学内容，对学生进行禁毒宣传教育。","Score":5,"Options":[{"Sign":"A","Content":"正确"},{"Sign":"B","Content":"错误"}]},{"QuestionID":46,"QuestionType":"禁毒知识","Content":"到民国时期，（　）已经取代英国成为向中国输入毒品最多的国家。","Score":5,"Options":[{"Sign":"A","Content":"美国"},{"Sign":"B","Content":"荷兰"},{"Sign":"C","Content":"日本"},{"Sign":"D","Content":"意大利"}]},{"QuestionID":272,"QuestionType":"禁毒知识","Content":"吸毒对女性怀孕后胎儿的影响是（　）。","Score":5,"Options":[{"Sign":"A","Content":"可能导致胎儿畸形死胎"},{"Sign":"B","Content":"没有任何影响"},{"Sign":"C","Content":"可能导致难产"},{"Sign":"D","Content":"会让胎儿更健康"}]},{"QuestionID":115,"QuestionType":"禁毒知识","Content":"戒毒是指吸毒人员自愿，或者由国家强制戒除其吸食、注射毒品瘾癖的过程。","Score":5,"Options":[{"Sign":"A","Content":"正确"},{"Sign":"B","Content":"错误"}]},{"QuestionID":308,"QuestionType":"禁毒知识","Content":"下列人员中，不属于吸毒检测对象的是（　）。","Score":5,"Options":[{"Sign":"A","Content":"涉嫌吸毒人员"},{"Sign":"B","Content":"社区戒毒期间人员"},{"Sign":"C","Content":"已经康复的吸毒人员"}]},{"QuestionID":69,"QuestionType":"禁毒知识","Content":"非法持有海洛因（  ）克以上的，构成非法持有毒品罪。","Score":5,"Options":[{"Sign":"A","Content":"5"},{"Sign":"B","Content":"50"},{"Sign":"C","Content":"10"},{"Sign":"D","Content":"20克"}]},{"QuestionID":145,"QuestionType":"禁毒知识","Content":"强制隔离戒毒场所应当根据戒毒人员吸食、注射毒品的种类及成瘾程度等，对戒毒人员进行有针对性的生理、心理治疗和身体康复训练。以上说法正确吗？（  ）","Score":5,"Options":[{"Sign":"A","Content":"正确"},{"Sign":"B","Content":"错误"}]},{"QuestionID":379,"QuestionType":"禁毒知识","Content":"有的吸毒者为了获取毒品和毒资，丧失人格，违反道德和法律，实施盗窃、抢劫和抢夺等破坏社会秩序的行为。","Score":5,"Options":[{"Sign":"A","Content":"正确"},{"Sign":"B","Content":"错误"}]},{"QuestionID":316,"QuestionType":"禁毒知识","Content":"下列选项中属于吸毒成瘾的表现的是（　） 。","Score":5,"Options":[{"Sign":"A","Content":"不顾不良后果，强迫性寻求及使用毒品的行为"},{"Sign":"B","Content":"戒断后复吸的"},{"Sign":"C","Content":"多次吸食毒品的行为"},{"Sign":"D","Content":"以上选项都是"}]},{"QuestionID":364,"QuestionType":"禁毒知识","Content":"以下属于毒品滥用的高危场所的是（　） 。","Score":5,"Options":[{"Sign":"A","Content":"歌舞厅、夜总会、洗浴中心等公共娱乐场所"},{"Sign":"B","Content":"个人家中"},{"Sign":"C","Content":"学校、医疗机构及药店"},{"Sign":"D","Content":"上班的公司"}]},{"QuestionID":112,"QuestionType":"禁毒知识","Content":"戒毒人员应当在户籍所在地接受社区戒毒；在户籍所在地以外的现居住地有固定住所的，可以在现居住地接受社区戒毒。以上说法正确吗？（  ）","Score":5,"Options":[{"Sign":"A","Content":"正确"},{"Sign":"B","Content":"错误"}]}]}