{"RandomPaperID":363,"Questions":[{"QuestionID":345,"QuestionType":"禁毒知识","Content":"摇头丸又称“俱乐部毒品”或“休闲毒品”。","Score":5,"Options":[{"Sign":"A","Content":"正确"},{"Sign":"B","Content":"错误"}]},{"QuestionID":371,"QuestionType":"禁毒知识","Content":"以下哪一种不是毒品原植物。（  ）","Score":5,"Options":[{"Sign":"A","Content":"罂粟"},{"Sign":"B","Content":"大麻"},{"Sign":"C","Content":"烟叶"},{"Sign":"D","Content":"古柯"}]},{"QuestionID":305,"QuestionType":"禁毒知识","Content":"下列哪条不是吸毒成瘾严重的认定标准：","Score":5,"Options":[{"Sign":"A","Content":"有戒断症状或者有证据证明吸毒史，包括曾经因使用毒品被公安机关查处、曾经进行自愿戒毒、人体毛发样品检测出毒品成分等情形"},{"Sign":"B","Content":"经被责令社区戒毒、强制隔离戒毒（含《禁毒法》实施以前被强制戒毒或者劳教戒毒）、社区康复或者参加过戒毒药物维持治疗，再次吸食、注射毒品的"},{"Sign":"C","Content":"有证据证明其采取注射方式使用毒品或者多次使用两类以上毒品的"},{"Sign":"D","Content":"有证据证明其使用毒品后伴有聚众淫乱、自伤自残或者暴力侵犯他人人身、财产安全或者妨害公共安全等行为的"}]},{"QuestionID":1,"QuestionType":"禁毒知识","Content":"杜冷丁，又称哌替啶，为白色结晶性粉末，无臭或几乎无臭。医疗多用于针剂，滥用会成瘾，严重危害人体健康和生命安全。","Score":5,"Options":[{"Sign":"A","Content":"正确"},{"Sign":"B","Content":"错误"}]},{"QuestionID":373,"QuestionType":"禁毒知识","Content":"吸毒人员应当戒除毒瘾（）","Score":5,"Options":[{"Sign":"A","Content":"应当"},{"Sign":"B","Content":"可以"},{"Sign":"C","Content":"不需要"}]},{"QuestionID":16,"QuestionType":"禁毒知识","Content":"（ ）俗名“可可精”，是从古柯叶中分离出来的一种最主要的生物碱，属中枢神经兴奋剂，呈白色晶体状，无气味，味略苦而麻，兴奋作用强。","Score":5,"Options":[{"Sign":"A","Content":"海洛因"},{"Sign":"B","Content":"可卡因"},{"Sign":"C","Content":"大麻"},{"Sign":"D","Content":"鸦片"}]},{"QuestionID":157,"QuestionType":"禁毒知识","Content":"容留他人吸食、注射毒品或者介绍买卖毒品，构成犯罪的，依法追究刑事责任；尚不构成犯罪的，由公安机关处十日以上十五日以下拘留，可以并处三千元以下罚款；情节较轻的，处五日以下拘留或者五百元以下罚款。以上说法正确吗？（  ）","Score":5,"Options":[{"Sign":"A","Content":"正确"},{"Sign":"B","Content":"不正确"}]},{"QuestionID":47,"QuestionType":"禁毒知识","Content":"登记参加药物维持治疗的戒毒人员的信息应当及时报(  )备案。","Score":5,"Options":[{"Sign":"A","Content":"药品监督管理部门"},{"Sign":"B","Content":"公安机关"},{"Sign":"C","Content":"卫生行政部门"},{"Sign":"D","Content":"检查机关"}]},{"QuestionID":59,"QuestionType":"禁毒知识","Content":"对吸毒成瘾人员，公安机关可以责令其接受（  ），期限为三年，同时通知吸毒人员户籍所在地或者现居住地的城市街道办事处、乡镇人民政府。","Score":5,"Options":[{"Sign":"A","Content":"社区戒毒"},{"Sign":"B","Content":"强制隔离戒毒"},{"Sign":"C","Content":"限期戒毒"},{"Sign":"D","Content":"社区康复"}]},{"QuestionID":50,"QuestionType":"禁毒知识","Content":"第一次将毒品犯罪规定为国际犯罪的公约是（　） 。","Score":5,"Options":[{"Sign":"A","Content":"《禁止非法贩运麻醉药品和精神药物公约》"},{"Sign":"B","Content":"《海牙鸦片公约》"},{"Sign":"C","Content":"《日内瓦禁毒公约》"},{"Sign":"D","Content":"《麻醉药品单一公约》"}]},{"QuestionID":202,"QuestionType":"禁毒知识","Content":"要构筑良好的拒毒心理防线只需做到正确把握好奇心，抵制不良诱惑即可。","Score":5,"Options":[{"Sign":"A","Content":"正确"},{"Sign":"B","Content":"错误"}]},{"QuestionID":420,"QuestionType":"禁毒知识","Content":"止咳水的主要成分虽然为可待因及麻黄碱等，但其实是一种镇咳处方药，即便非法乱用也不是吸毒。这种说法对吗？","Score":5,"Options":[{"Sign":"A","Content":"正确"},{"Sign":"B","Content":"错误"}]},{"QuestionID":361,"QuestionType":"禁毒知识","Content":"以下哪些是有效的戒毒方法?( D)","Score":5,"Options":[{"Sign":"A","Content":"药物治疗"},{"Sign":"B","Content":"物理治疗"},{"Sign":"C","Content":"心理社会治疗"},{"Sign":"D","Content":"以上皆是"}]},{"QuestionID":313,"QuestionType":"禁毒知识","Content":"下列选项中属于毒品的是（  ）。","Score":5,"Options":[{"Sign":"A","Content":"瘦肉精"},{"Sign":"B","Content":"老鼠药"},{"Sign":"C","Content":"砒霜"},{"Sign":"D","Content":"K粉"}]},{"QuestionID":115,"QuestionType":"禁毒知识","Content":"戒毒是指吸毒人员自愿，或者由国家强制戒除其吸食、注射毒品瘾癖的过程。","Score":5,"Options":[{"Sign":"A","Content":"正确"},{"Sign":"B","Content":"错误"}]},{"QuestionID":29,"QuestionType":"禁毒知识","Content":"《中华人民共和国刑法》规定，走私、贩卖、运输、制造鸦片不满二百克、海洛因或者甲基苯丙胺不满（  ）克或者其他少量毒品的，处三年以下有期徒刑、拘役或者管制，并处罚金；情节严重的，处三年以上七年以下有期徒刑，并处罚金。","Score":5,"Options":[{"Sign":"A","Content":"十"},{"Sign":"B","Content":"二十"},{"Sign":"C","Content":"三十"},{"Sign":"D","Content":"四十"}]},{"QuestionID":246,"QuestionType":"禁毒知识","Content":"为吸毒者提供打火机、吸管等吸毒场所、工具，但自己并不吸毒，所以不用承担法律责任。这种说法（  ）","Score":5,"Options":[{"Sign":"A","Content":"正确"},{"Sign":"B","Content":"错误"}]},{"QuestionID":165,"QuestionType":"禁毒知识","Content":"生理戒断是指尿检呈阴性，戒断症状消失。","Score":5,"Options":[{"Sign":"A","Content":"正确"},{"Sign":"B","Content":"错误"}]},{"QuestionID":190,"QuestionType":"禁毒知识","Content":"吸食毒品因共用针具容易导致艾滋病与丙型肝炎等类疾病的传播。","Score":5,"Options":[{"Sign":"A","Content":"正确"},{"Sign":"B","Content":"错误"}]},{"QuestionID":249,"QuestionType":"禁毒知识","Content":"未成年人的父母或者其他监护人应当对未成年人进行毒品危害的教育，防止其吸食、注射毒品或者进行其他毒品违法犯罪活动。","Score":5,"Options":[{"Sign":"A","Content":"正确"},{"Sign":"B","Content":"错误"}]}]}