{"RandomPaperID":364,"Questions":[{"QuestionID":52,"QuestionType":"禁毒知识","Content":"毒品起源于（　） 。","Score":5,"Options":[{"Sign":"A","Content":"矿物"},{"Sign":"B","Content":"动物"},{"Sign":"C","Content":"植物"},{"Sign":"D","Content":"毒物"}]},{"QuestionID":73,"QuestionType":"禁毒知识","Content":"氟硝安定属于抑制剂类药物，是一种镇静催眠药，与酒精或其他镇静催眠药合用后可导致中毒死亡。","Score":5,"Options":[{"Sign":"A","Content":"正确"},{"Sign":"B","Content":"错误"}]},{"QuestionID":362,"QuestionType":"禁毒知识","Content":"以下哪一种情况一般不会发生在吸毒人员的身上。（  ）","Score":5,"Options":[{"Sign":"A","Content":"酗酒"},{"Sign":"B","Content":"脾气暴躁"},{"Sign":"C","Content":"每天锻炼身体"},{"Sign":"D","Content":"偷盗"}]},{"QuestionID":307,"QuestionType":"禁毒知识","Content":"下列那种毒品常用鼻吸的方式吸食？（  ）","Score":5,"Options":[{"Sign":"A","Content":"麻古"},{"Sign":"B","Content":"古柯"},{"Sign":"C","Content":"K粉"},{"Sign":"D","Content":"冰毒"}]},{"QuestionID":419,"QuestionType":"禁毒知识","Content":"止咳露（或止咳水）只是一种常见的中成药，大量服用不会形成药物依赖。这种说法","Score":5,"Options":[{"Sign":"A","Content":"正确"},{"Sign":"B","Content":"错误"}]},{"QuestionID":172,"QuestionType":"禁毒知识","Content":"我国《刑法》对毒品犯罪的刑事责任年龄的规定，对已满14周岁不满16周岁的人，犯贩卖毒品罪的，应当（  ）。","Score":5,"Options":[{"Sign":"A","Content":"负刑事责任"},{"Sign":"B","Content":"从轻或减轻处罚"},{"Sign":"C","Content":"不予刑事处罚"},{"Sign":"D","Content":"责令其家长或者监护人加以管教，必要时，也可以由政府收容教养"}]},{"QuestionID":168,"QuestionType":"禁毒知识","Content":"王某在自己开垦的山地里种植罂粟，收获前他学习了《禁毒法》，将所有罂粟铲除，对于王某应该（　） 。","Score":5,"Options":[{"Sign":"A","Content":"拘留"},{"Sign":"B","Content":"罚款"},{"Sign":"C","Content":"不予处罚"},{"Sign":"D","Content":"判刑"}]},{"QuestionID":287,"QuestionType":"禁毒知识","Content":"吸毒者不健康的心理有盲目好奇、慕虚荣、赶时髦、追求刺激和享乐、赌气或逆反、无知和轻信、自暴自弃。","Score":5,"Options":[{"Sign":"A","Content":"正确"},{"Sign":"B","Content":"错误"}]},{"QuestionID":319,"QuestionType":"禁毒知识","Content":"下列有关世界三大毒源地叙述正确的是（　）。","Score":5,"Options":[{"Sign":"A","Content":"“金三角”位于老挝、越南、缅甸三国的接壤地区"},{"Sign":"B","Content":"“金新月”位于阿富汗、巴基斯坦、伊朗三国的接壤地区"},{"Sign":"C","Content":"“银三角”位于南美洲的哥伦比亚境内"}]},{"QuestionID":150,"QuestionType":"禁毒知识","Content":"青少年涉毒犯罪的特征表现为：低龄化趋势明显，吸毒犯罪者居多。","Score":5,"Options":[{"Sign":"A","Content":"正确"},{"Sign":"B","Content":"错误"}]},{"QuestionID":107,"QuestionType":"禁毒知识","Content":"合成毒品直接作用于人的（　）  。","Score":5,"Options":[{"Sign":"A","Content":"大脑"},{"Sign":"B","Content":"心脏"},{"Sign":"C","Content":"中枢神经"},{"Sign":"D","Content":"肌肉"}]},{"QuestionID":301,"QuestionType":"禁毒知识","Content":"吸烟会使肺癌的发生几率增加，从而威胁人们的身体健康。（  ）","Score":5,"Options":[{"Sign":"A","Content":"正确"},{"Sign":"B","Content":"错误"}]},{"QuestionID":21,"QuestionType":"禁毒知识","Content":"《禁毒法》规定，教育行政部门、（  ）应当将禁毒知识纳入教育、教学内容，对学生进行禁毒宣传教育。公安机关、司法行政部门和卫生行政部门应当予以协助。","Score":5,"Options":[{"Sign":"A","Content":"学校"},{"Sign":"B","Content":"中小学校"},{"Sign":"C","Content":"大专院校"},{"Sign":"D","Content":"B和C"}]},{"QuestionID":255,"QuestionType":"禁毒知识","Content":"我国近代史上著名的“虎门销烟”中销毁的是哪种烟？","Score":5,"Options":[{"Sign":"A","Content":"鸦片烟"},{"Sign":"B","Content":"卷烟"},{"Sign":"C","Content":"大麻烟"}]},{"QuestionID":387,"QuestionType":"禁毒知识","Content":"娱乐场所应当开展禁毒宣传教育，建立巡查制度，发现娱乐场所内 有毒品违法犯罪活的，应当（　）。","Score":5,"Options":[{"Sign":"A","Content":"自行处理"},{"Sign":"B","Content":"立即向公安机关报告"},{"Sign":"C","Content":"自愿报告"}]},{"QuestionID":105,"QuestionType":"禁毒知识","Content":"合成毒品“麻古”的主要成分是甲基苯丙胺和（  ）。","Score":5,"Options":[{"Sign":"A","Content":"大麻"},{"Sign":"B","Content":"古柯碱"},{"Sign":"C","Content":"咖啡因"},{"Sign":"D","Content":"安纳咖"}]},{"QuestionID":39,"QuestionType":"禁毒知识","Content":"从毒品对人的中枢神经的作用看，可分为抑制剂、致幻剂和兴奋剂等，其中属于抑制剂的毒品种类是（  ）。","Score":5,"Options":[{"Sign":"A","Content":"巴比妥类"},{"Sign":"B","Content":"苯丙胺类"},{"Sign":"C","Content":"麦司卡林"},{"Sign":"D","Content":"LSD"}]},{"QuestionID":309,"QuestionType":"禁毒知识","Content":"下列属于合成毒品的是（　）。","Score":5,"Options":[{"Sign":"A","Content":"可卡因"},{"Sign":"B","Content":"鸦片"},{"Sign":"C","Content":"冰毒"},{"Sign":"D","Content":"大麻"}]},{"QuestionID":372,"QuestionType":"禁毒知识","Content":"易制毒化学品分为三类。第一类是可以用于制毒的主要原料，第二类、第三类是可以用于制毒的化学配剂。以上说法正确吗？（  ）","Score":5,"Options":[{"Sign":"A","Content":"正确"},{"Sign":"B","Content":"错误"}]},{"QuestionID":280,"QuestionType":"禁毒知识","Content":"吸毒人员可以自行到具有戒毒治疗资质的医疗机构接受戒毒治疗。以上说法正确吗？（  ）","Score":5,"Options":[{"Sign":"A","Content":"正确"},{"Sign":"B","Content":"错误"}]}]}