{"RandomPaperID":371,"Questions":[{"QuestionID":357,"QuestionType":"禁毒知识","Content":"以下（　） 不属于阿片类毒品。","Score":5,"Options":[{"Sign":"A","Content":"冰毒"},{"Sign":"B","Content":"美沙酮"},{"Sign":"C","Content":"吗啡"},{"Sign":"D","Content":"海洛因"}]},{"QuestionID":236,"QuestionType":"禁毒知识","Content":"世界上最大的可卡因产地是哪里？（  ）","Score":5,"Options":[{"Sign":"A","Content":"金三角"},{"Sign":"B","Content":"金新月"},{"Sign":"C","Content":"银三角"},{"Sign":"D","Content":"贝卡谷地"}]},{"QuestionID":399,"QuestionType":"禁毒知识","Content":"在我国目前现有的几种戒毒模式中，具有限制人身自由的行政强制措施性质的是（　） 。","Score":5,"Options":[{"Sign":"A","Content":"自愿戒毒"},{"Sign":"B","Content":"社区戒毒与社区康复"},{"Sign":"C","Content":"强制隔离戒毒"},{"Sign":"D","Content":"以上均不属于"}]},{"QuestionID":261,"QuestionType":"禁毒知识","Content":"我国吸毒人员吸食的毒品中，吸食最多的毒品是（　）。","Score":5,"Options":[{"Sign":"A","Content":"传统毒品"},{"Sign":"B","Content":"合成毒品"},{"Sign":"C","Content":"新精神活性物质"}]},{"QuestionID":216,"QuestionType":"禁毒知识","Content":"在迪厅、酒吧、KTV等娱乐场所，如果你看到了一种红色药丸（或药片）状的东西，那你可能就是看到了（　），千万小心不要沾染。（  ）","Score":5,"Options":[{"Sign":"A","Content":"跳跳糖"},{"Sign":"B","Content":"彩球糖"},{"Sign":"C","Content":"摇头丸或麻古"},{"Sign":"D","Content":"山楂丸"}]},{"QuestionID":301,"QuestionType":"禁毒知识","Content":"吸烟会使肺癌的发生几率增加，从而威胁人们的身体健康。（  ）","Score":5,"Options":[{"Sign":"A","Content":"正确"},{"Sign":"B","Content":"错误"}]},{"QuestionID":225,"QuestionType":"禁毒知识","Content":"制定《禁毒法》的目的是（  ）","Score":5,"Options":[{"Sign":"A","Content":"预防和惩治毒品违法犯罪行为"},{"Sign":"B","Content":"保护公民身心健康"},{"Sign":"C","Content":"维护社会秩序"},{"Sign":"D","Content":"A.B和C"}]},{"QuestionID":48,"QuestionType":"禁毒知识","Content":"地方各级人民政府发现非法种植毒品原植物的，应当（　）采取措施予以制止、铲除。","Score":5,"Options":[{"Sign":"A","Content":"立即"},{"Sign":"B","Content":"适时"},{"Sign":"C","Content":"成熟后"},{"Sign":"D","Content":"收割时"}]},{"QuestionID":169,"QuestionType":"禁毒知识","Content":"为了引起人们更广泛的关注，世界卫生组织将每年（ ）定为“世界艾滋病日”。","Score":5,"Options":[{"Sign":"A","Content":"3月14日"},{"Sign":"B","Content":"6月26日"},{"Sign":"C","Content":"9月10日"},{"Sign":"D","Content":"12月1日"}]},{"QuestionID":311,"QuestionType":"禁毒知识","Content":"下列说法正确的是 。（  ）","Score":5,"Options":[{"Sign":"A","Content":"吸毒成瘾是一种脑病"},{"Sign":"B","Content":"少量吸毒对身体没有损害"},{"Sign":"C","Content":"只吸几次毒不会上瘾"},{"Sign":"D","Content":"吸食合成毒品危害比较传统毒品要小"}]},{"QuestionID":85,"QuestionType":"禁毒知识","Content":"根据我国现行法律法规，对夫妻一方在从事赌博、吸毒等违法犯罪活动中所负债务，另一方仍需承担责任。","Score":5,"Options":[{"Sign":"A","Content":"正确"},{"Sign":"B","Content":"错误"}]},{"QuestionID":127,"QuestionType":"禁毒知识","Content":"李某是某酒吧老板，明知一些人经常在该酒吧内吸食冰毒，李某却视而不见。对李某的行为如何进行处罚 （  ）。","Score":5,"Options":[{"Sign":"A","Content":"批评教育"},{"Sign":"B","Content":"以容留他人吸毒罪论处"},{"Sign":"C","Content":"以贩卖毒品罪论处"},{"Sign":"D","Content":"罚款并吊销营业执照"}]},{"QuestionID":123,"QuestionType":"禁毒知识","Content":"据我国《禁毒法》之有关规定，以下不属于我国目前禁毒模式的是（　）。","Score":5,"Options":[{"Sign":"A","Content":"家庭戒毒"},{"Sign":"B","Content":"自愿戒毒"},{"Sign":"C","Content":"强制隔离戒毒"},{"Sign":"D","Content":"社区戒毒"}]},{"QuestionID":200,"QuestionType":"禁毒知识","Content":"小明今年上五年级，沉迷于网络游戏，然后到黑网吧去上网，结交了不良的朋友，最后染上了烟瘾和学会了吸毒。这个故事告诉我们什么道理？（  ）","Score":5,"Options":[{"Sign":"A","Content":"不在危险的地方逗留，尤其是网吧这样人多和复杂的环境"},{"Sign":"B","Content":"要养成自律的好习惯"},{"Sign":"C","Content":"要学会抵制诱惑"},{"Sign":"D","Content":"以上选项都是"}]},{"QuestionID":59,"QuestionType":"禁毒知识","Content":"对吸毒成瘾人员，公安机关可以责令其接受（  ），期限为三年，同时通知吸毒人员户籍所在地或者现居住地的城市街道办事处、乡镇人民政府。","Score":5,"Options":[{"Sign":"A","Content":"社区戒毒"},{"Sign":"B","Content":"强制隔离戒毒"},{"Sign":"C","Content":"限期戒毒"},{"Sign":"D","Content":"社区康复"}]},{"QuestionID":332,"QuestionType":"禁毒知识","Content":"（）是指直接作用于中枢神经系统，使之兴奋或抑制，连续使用能产生依赖性的药品。","Score":5,"Options":[{"Sign":"A","Content":"麻醉药品"},{"Sign":"B","Content":"精神药品"},{"Sign":"C","Content":"新精神活性物质"}]},{"QuestionID":63,"QuestionType":"禁毒知识","Content":"对于吸毒成瘾严重，通过社区戒毒难以戒除毒瘾的人员，公安机关可以直接作出强制隔离戒毒的决定。以上说法正确吗？","Score":5,"Options":[{"Sign":"A","Content":"正确"},{"Sign":"B","Content":"错误"}]},{"QuestionID":41,"QuestionType":"禁毒知识","Content":"大麻类毒品的主要活性成分是四氢大麻酚。","Score":5,"Options":[{"Sign":"A","Content":"正确"},{"Sign":"B","Content":"错误"}]},{"QuestionID":147,"QuestionType":"禁毒知识","Content":"强制隔离戒毒期满前，经诊断评估，对于需要延长戒毒期限的戒毒人员，由强制隔离戒毒场所提出延长戒毒期限的意见，报强制隔离戒毒的决定机关批准。强制隔离戒毒的最长延长期限不得超过半年。","Score":5,"Options":[{"Sign":"A","Content":"正确"},{"Sign":"B","Content":"错误"}]},{"QuestionID":411,"QuestionType":"禁毒知识","Content":"长期吸食鸦片的会导致什么样的危害？（  ）","Score":5,"Options":[{"Sign":"A","Content":"会使人的先天免疫力丧失"},{"Sign":"B","Content":"容易感染各种疾病"},{"Sign":"C","Content":"A和B都是"}]}]}