{"RandomPaperID":377,"Questions":[{"QuestionID":371,"QuestionType":"禁毒知识","Content":"以下哪一种不是毒品原植物。（  ）","Score":5,"Options":[{"Sign":"A","Content":"罂粟"},{"Sign":"B","Content":"大麻"},{"Sign":"C","Content":"烟叶"},{"Sign":"D","Content":"古柯"}]},{"QuestionID":213,"QuestionType":"禁毒知识","Content":"娱乐场所因违反《娱乐场所管理条例》规定，被吊销或者撤销娱乐经营许可证的，自被吊销或者撤销之日起，其法定代表人、负责人在（  ）内不得担任娱乐场所的法定代表人、负责人。","Score":5,"Options":[{"Sign":"A","Content":"二年"},{"Sign":"B","Content":"三年"},{"Sign":"C","Content":"四年"},{"Sign":"D","Content":"五年"}]},{"QuestionID":267,"QuestionType":"禁毒知识","Content":"依赖性一般有生理依赖性与心理依赖性两大特征。","Score":5,"Options":[{"Sign":"A","Content":"正确"},{"Sign":"B","Content":"错误"}]},{"QuestionID":18,"QuestionType":"禁毒知识","Content":"《禁毒法》规定，国家采取各种措施帮助吸毒人员戒除毒瘾，（  ）吸毒人员。吸毒成瘾人员应当进行戒毒治疗。","Score":5,"Options":[{"Sign":"A","Content":"打击处理"},{"Sign":"B","Content":"依法惩治"},{"Sign":"C","Content":"教育和挽救"},{"Sign":"D","Content":"收容看管"}]},{"QuestionID":243,"QuestionType":"禁毒知识","Content":"网络成瘾是一种行为成瘾。表现为由于（  ）互联网而导致个体明显的社会、心理、生理功能损害。","Score":5,"Options":[{"Sign":"A","Content":"过度使用"},{"Sign":"B","Content":"正常使用"}]},{"QuestionID":220,"QuestionType":"禁毒知识","Content":"在众多毒品，有很多抑制剂类药物，被不法之徒用来对女性实施性侵犯，它们也被称之为“约会迷奸药”。以下属于此类毒品的是（　）？","Score":5,"Options":[{"Sign":"A","Content":"氟硝安定"},{"Sign":"B","Content":"摇头丸"},{"Sign":"C","Content":"咖啡因"},{"Sign":"D","Content":"大麻"}]},{"QuestionID":166,"QuestionType":"禁毒知识","Content":"属于（  ）种情形的，处以15年有期徒刑、无期徒刑或者死刑，并处没收财产。","Score":5,"Options":[{"Sign":"A","Content":"走私、贩卖、运输、制造鸦片200克以上不满1000克"},{"Sign":"B","Content":"走私、贩卖、运输、制造海洛因或者甲基苯丙胺10克以上"},{"Sign":"C","Content":"走私、贩卖、运输、制造海洛因或者甲基苯丙胺50克以上"},{"Sign":"D","Content":"走私、贩卖、运输、制造鸦片140克以上不满200克"}]},{"QuestionID":179,"QuestionType":"禁毒知识","Content":"吸毒成瘾的因素有生理因素、社会因素、个人的心理因素。","Score":5,"Options":[{"Sign":"A","Content":"正确"},{"Sign":"B","Content":"错误"}]},{"QuestionID":339,"QuestionType":"禁毒知识","Content":"鸦片是罂粟植物的（　） 。","Score":5,"Options":[{"Sign":"A","Content":"种子碾碎后或花粉的提取物"},{"Sign":"B","Content":"果实未成熟时，割浆后的提取物"},{"Sign":"C","Content":"种子碾碎后的提取物"},{"Sign":"D","Content":"花粉的提取物"}]},{"QuestionID":159,"QuestionType":"禁毒知识","Content":"如果有人在我们周围大量生产制造冰毒，很容易产生大量刺鼻的刺激性气味。这种说法正确吗？","Score":5,"Options":[{"Sign":"A","Content":"正确"},{"Sign":"B","Content":"错误"}]},{"QuestionID":42,"QuestionType":"禁毒知识","Content":"当发现有人可能正在吸毒或实施涉及毒品的违法犯罪行为时，应该 （  ）。","Score":5,"Options":[{"Sign":"A","Content":"尽快离开，确保安全情况下报警"},{"Sign":"B","Content":"事不关己"},{"Sign":"C","Content":"好奇上前去看个究竟"},{"Sign":"D","Content":"马上阻止其违法犯罪行为"}]},{"QuestionID":127,"QuestionType":"禁毒知识","Content":"李某是某酒吧老板，明知一些人经常在该酒吧内吸食冰毒，李某却视而不见。对李某的行为如何进行处罚 （  ）。","Score":5,"Options":[{"Sign":"A","Content":"批评教育"},{"Sign":"B","Content":"以容留他人吸毒罪论处"},{"Sign":"C","Content":"以贩卖毒品罪论处"},{"Sign":"D","Content":"罚款并吊销营业执照"}]},{"QuestionID":28,"QuestionType":"禁毒知识","Content":"《中华人民共和国刑法》规定，毒品的数量以（  ）属实的走私、贩卖、运输、制造、非法持有毒品的数量计算，不以纯度折算。","Score":5,"Options":[{"Sign":"A","Content":"缴获"},{"Sign":"B","Content":"检查"},{"Sign":"C","Content":"查证"},{"Sign":"D","Content":"收缴"}]},{"QuestionID":357,"QuestionType":"禁毒知识","Content":"以下（　） 不属于阿片类毒品。","Score":5,"Options":[{"Sign":"A","Content":"冰毒"},{"Sign":"B","Content":"美沙酮"},{"Sign":"C","Content":"吗啡"},{"Sign":"D","Content":"海洛因"}]},{"QuestionID":217,"QuestionType":"禁毒知识","Content":"在吸毒者中，由于无知、好奇，被他人引诱而吸毒的青少年的比例最高。","Score":5,"Options":[{"Sign":"A","Content":"正确"},{"Sign":"B","Content":"错误"}]},{"QuestionID":272,"QuestionType":"禁毒知识","Content":"吸毒对女性怀孕后胎儿的影响是（　）。","Score":5,"Options":[{"Sign":"A","Content":"可能导致胎儿畸形死胎"},{"Sign":"B","Content":"没有任何影响"},{"Sign":"C","Content":"可能导致难产"},{"Sign":"D","Content":"会让胎儿更健康"}]},{"QuestionID":176,"QuestionType":"禁毒知识","Content":"吸毒，也称“药物滥用”，就是出于（　）目的，通过注射、口服、鼻吸或其他方式将毒品摄入人体的行为。","Score":5,"Options":[{"Sign":"A","Content":"非医疗"},{"Sign":"B","Content":"治病"},{"Sign":"C","Content":"麻醉"},{"Sign":"D","Content":"交友"}]},{"QuestionID":154,"QuestionType":"禁毒知识","Content":"曲马多是鸦片类物质，主要用作镇痛药，大剂量服用可在短期内上瘾，而它的危害主要表现为（　） 。","Score":5,"Options":[{"Sign":"A","Content":"全身关节疼痛"},{"Sign":"B","Content":"焦虑不安、伴随记忆力下降"},{"Sign":"C","Content":"食欲下降、体重减轻"},{"Sign":"D","Content":"以上A.B.C三项表述均正确"}]},{"QuestionID":180,"QuestionType":"禁毒知识","Content":"吸毒成瘾人员自愿接受强制隔离戒毒的，经公安机关同意，可以进入强制隔离戒毒场所戒毒。","Score":5,"Options":[{"Sign":"A","Content":"正确"},{"Sign":"B","Content":"错误"}]},{"QuestionID":16,"QuestionType":"禁毒知识","Content":"（ ）俗名“可可精”，是从古柯叶中分离出来的一种最主要的生物碱，属中枢神经兴奋剂，呈白色晶体状，无气味，味略苦而麻，兴奋作用强。","Score":5,"Options":[{"Sign":"A","Content":"海洛因"},{"Sign":"B","Content":"可卡因"},{"Sign":"C","Content":"大麻"},{"Sign":"D","Content":"鸦片"}]}]}