{"RandomPaperID":379,"Questions":[{"QuestionID":46,"QuestionType":"禁毒知识","Content":"到民国时期，（　）已经取代英国成为向中国输入毒品最多的国家。","Score":5,"Options":[{"Sign":"A","Content":"美国"},{"Sign":"B","Content":"荷兰"},{"Sign":"C","Content":"日本"},{"Sign":"D","Content":"意大利"}]},{"QuestionID":1,"QuestionType":"禁毒知识","Content":"杜冷丁，又称哌替啶，为白色结晶性粉末，无臭或几乎无臭。医疗多用于针剂，滥用会成瘾，严重危害人体健康和生命安全。","Score":5,"Options":[{"Sign":"A","Content":"正确"},{"Sign":"B","Content":"错误"}]},{"QuestionID":73,"QuestionType":"禁毒知识","Content":"氟硝安定属于抑制剂类药物，是一种镇静催眠药，与酒精或其他镇静催眠药合用后可导致中毒死亡。","Score":5,"Options":[{"Sign":"A","Content":"正确"},{"Sign":"B","Content":"错误"}]},{"QuestionID":87,"QuestionType":"禁毒知识","Content":"公安机关可以对涉嫌吸毒的人员进行必要的检测，被检测人员应当予以配合；对拒绝接受检测的，经县级以上人民政府公安机关或者其派出机构负责人批准，可以（  ）。","Score":5,"Options":[{"Sign":"A","Content":"行政罚款"},{"Sign":"B","Content":"依法惩治"},{"Sign":"C","Content":"行政拘留"},{"Sign":"D","Content":"强制检测"}]},{"QuestionID":55,"QuestionType":"禁毒知识","Content":"毒品与药品，往往具有双重属性，只要为人解除痛苦的就是药品。","Score":5,"Options":[{"Sign":"A","Content":"正确"},{"Sign":"B","Content":"错误"}]},{"QuestionID":382,"QuestionType":"禁毒知识","Content":"由于吸毒者极易感染各种疾病，包括性病，丙型肝炎等，注射毒品是传染（　） 的主要途径。","Score":5,"Options":[{"Sign":"A","Content":"痢疾"},{"Sign":"B","Content":"艾滋病"},{"Sign":"C","Content":"肺病"}]},{"QuestionID":431,"QuestionType":"禁毒知识","Content":"《全国青少年毒品预防教育规划（2016—2018）》要求，2017年年底前，全国300万人口以上大城市各建(  )所禁毒教育基地","Score":5,"Options":[{"Sign":"A","Content":"1"},{"Sign":"B","Content":"2"},{"Sign":"C","Content":"3"}]},{"QuestionID":297,"QuestionType":"禁毒知识","Content":"吸食过量大麻可发生意识不清、产生幻觉等。","Score":5,"Options":[{"Sign":"A","Content":"正确"},{"Sign":"B","Content":"错误"}]},{"QuestionID":399,"QuestionType":"禁毒知识","Content":"在我国目前现有的几种戒毒模式中，具有限制人身自由的行政强制措施性质的是（　） 。","Score":5,"Options":[{"Sign":"A","Content":"自愿戒毒"},{"Sign":"B","Content":"社区戒毒与社区康复"},{"Sign":"C","Content":"强制隔离戒毒"},{"Sign":"D","Content":"以上均不属于"}]},{"QuestionID":388,"QuestionType":"禁毒知识","Content":"预防吸毒的有效措施有（　） 。","Score":5,"Options":[{"Sign":"A","Content":"远离特殊人群、特殊场所、特殊嗜好"},{"Sign":"B","Content":"毒品知识的教育，认清毒品的危害"},{"Sign":"C","Content":"不结交社会上的吸毒朋友"},{"Sign":"D","Content":"以上选项都是"}]},{"QuestionID":332,"QuestionType":"禁毒知识","Content":"（）是指直接作用于中枢神经系统，使之兴奋或抑制，连续使用能产生依赖性的药品。","Score":5,"Options":[{"Sign":"A","Content":"麻醉药品"},{"Sign":"B","Content":"精神药品"},{"Sign":"C","Content":"新精神活性物质"}]},{"QuestionID":337,"QuestionType":"禁毒知识","Content":"鸦片，俗称大烟、烟土、福寿膏、阿片，其原植物是罂粟。","Score":5,"Options":[{"Sign":"A","Content":"正确"},{"Sign":"B","Content":"错误"}]},{"QuestionID":435,"QuestionType":"禁毒知识","Content":"十九大报告提出，成立（），加强对法治中国建设的统一领导。","Score":5,"Options":[{"Sign":"A","Content":"中国依法治国领导小组"},{"Sign":"B","Content":"中央全面依法治国领导小组"},{"Sign":"C","Content":"中央法制领导小组"},{"Sign":"D","Content":"国务院依法治国领导小组"}]},{"QuestionID":195,"QuestionType":"禁毒知识","Content":"下列哪个不属于吸毒者吸食毒品的方式？（  ）","Score":5,"Options":[{"Sign":"A","Content":"吸入式"},{"Sign":"B","Content":"口服式"},{"Sign":"C","Content":"静脉注射式"},{"Sign":"D","Content":"滴入式"}]},{"QuestionID":4,"QuestionType":"禁毒知识","Content":"“金三角”是指泰国、缅甸、（ ）。","Score":5,"Options":[{"Sign":"A","Content":"老挝"},{"Sign":"B","Content":"越南"},{"Sign":"C","Content":"柬埔寨"},{"Sign":"D","Content":"印度"}]},{"QuestionID":240,"QuestionType":"禁毒知识","Content":"随着社会的发展，大麻已经不是世界上滥用人数最多的毒品。","Score":5,"Options":[{"Sign":"A","Content":"正确"},{"Sign":"B","Content":"错误"}]},{"QuestionID":107,"QuestionType":"禁毒知识","Content":"合成毒品直接作用于人的（　）  。","Score":5,"Options":[{"Sign":"A","Content":"大脑"},{"Sign":"B","Content":"心脏"},{"Sign":"C","Content":"中枢神经"},{"Sign":"D","Content":"肌肉"}]},{"QuestionID":48,"QuestionType":"禁毒知识","Content":"地方各级人民政府发现非法种植毒品原植物的，应当（　）采取措施予以制止、铲除。","Score":5,"Options":[{"Sign":"A","Content":"立即"},{"Sign":"B","Content":"适时"},{"Sign":"C","Content":"成熟后"},{"Sign":"D","Content":"收割时"}]},{"QuestionID":50,"QuestionType":"禁毒知识","Content":"第一次将毒品犯罪规定为国际犯罪的公约是（　） 。","Score":5,"Options":[{"Sign":"A","Content":"《禁止非法贩运麻醉药品和精神药物公约》"},{"Sign":"B","Content":"《海牙鸦片公约》"},{"Sign":"C","Content":"《日内瓦禁毒公约》"},{"Sign":"D","Content":"《麻醉药品单一公约》"}]},{"QuestionID":104,"QuestionType":"禁毒知识","Content":"合成毒品（　） 又称海米那、眠可欣，临床上适用于各种类型的失眠症，该药久用可成瘾，已成为国内外滥用药物之一。（  ）","Score":5,"Options":[{"Sign":"A","Content":"三唑仑"},{"Sign":"B","Content":"氟硝安定"},{"Sign":"C","Content":"安纳咖"},{"Sign":"D","Content":"安眠酮"}]}]}