{"RandomPaperID":38,"Questions":[{"QuestionID":236,"QuestionType":"禁毒知识","Content":"世界上最大的可卡因产地是哪里？（  ）","Score":5,"Options":[{"Sign":"A","Content":"金三角"},{"Sign":"B","Content":"金新月"},{"Sign":"C","Content":"银三角"},{"Sign":"D","Content":"贝卡谷地"}]},{"QuestionID":173,"QuestionType":"禁毒知识","Content":"我国的吸毒现象已遍及社会各阶层、各年龄段。","Score":5,"Options":[{"Sign":"A","Content":"正确"},{"Sign":"B","Content":"错误"}]},{"QuestionID":96,"QuestionType":"禁毒知识","Content":"国家鼓励公民举报毒品违法犯罪行为。各级人民政府和有关部门应当对举报人予以保护，对( )，给予表彰和奖励。","Score":5,"Options":[{"Sign":"A","Content":"举报人员"},{"Sign":"B","Content":"举报积极人员"},{"Sign":"C","Content":"举报有功人员"},{"Sign":"D","Content":"实名举报人员"}]},{"QuestionID":188,"QuestionType":"禁毒知识","Content":"吸毒者染上毒瘾后，缺乏自我控制能力，更容易走向偷盗、抢劫等犯罪道路。","Score":5,"Options":[{"Sign":"A","Content":"正确"},{"Sign":"B","Content":"错误"}]},{"QuestionID":217,"QuestionType":"禁毒知识","Content":"在吸毒者中，由于无知、好奇，被他人引诱而吸毒的青少年的比例最高。","Score":5,"Options":[{"Sign":"A","Content":"正确"},{"Sign":"B","Content":"错误"}]},{"QuestionID":148,"QuestionType":"禁毒知识","Content":"强制隔离戒毒人员的戒毒相关费用由其本人承担。","Score":5,"Options":[{"Sign":"A","Content":"正确"},{"Sign":"B","Content":"错误"}]},{"QuestionID":277,"QuestionType":"禁毒知识","Content":"吸毒会耗费越来越多的家庭财产。","Score":5,"Options":[{"Sign":"A","Content":"正确"},{"Sign":"B","Content":"错误"}]},{"QuestionID":37,"QuestionType":"禁毒知识","Content":"成瘾是由于(  )某种有依赖性药物或物质引起的一种慢性中毒状态。","Score":5,"Options":[{"Sign":"A","Content":"反复使用"},{"Sign":"B","Content":"一次使用"},{"Sign":"C","Content":"偶尔使用"},{"Sign":"D","Content":"曾经使用"}]},{"QuestionID":234,"QuestionType":"禁毒知识","Content":"世界上三大毒品产地中哪一个不在亚洲？","Score":5,"Options":[{"Sign":"A","Content":"“金三角”"},{"Sign":"B","Content":"“金新月”"},{"Sign":"C","Content":"“银三角”"}]},{"QuestionID":97,"QuestionType":"禁毒知识","Content":"国家鼓励志愿人员参与（  ）工作。地方各级人民政府应当对志愿人员进行指导、培训，并提供必要的工作条件。","Score":5,"Options":[{"Sign":"A","Content":"缉毒侦查"},{"Sign":"B","Content":"禁毒管理"},{"Sign":"C","Content":"禁毒宣传教育和戒毒社会服务"},{"Sign":"D","Content":"禁毒知识普及教育"}]},{"QuestionID":241,"QuestionType":"禁毒知识","Content":"天然类毒品是指直接从毒品原植物中提取的毒品，常见的主要有大麻、鸦片、冰毒及麦司卡林等。","Score":5,"Options":[{"Sign":"A","Content":"正确"},{"Sign":"B","Content":"错误"}]},{"QuestionID":34,"QuestionType":"禁毒知识","Content":"被称为现代迷魂药的三唑仑是一种强效的 （  ）。","Score":5,"Options":[{"Sign":"A","Content":"致幻剂"},{"Sign":"B","Content":"兴奋剂"},{"Sign":"C","Content":"麻醉剂"},{"Sign":"D","Content":"氧化剂"}]},{"QuestionID":398,"QuestionType":"禁毒知识","Content":"在食品中掺用罂粟壳的行为，不构成犯罪，也无需进行行政处罚。","Score":5,"Options":[{"Sign":"A","Content":"正确"},{"Sign":"B","Content":"错误"}]},{"QuestionID":423,"QuestionType":"禁毒知识","Content":"治疗咳嗽的止咳水，因为只是一种治咳嗽的中药，所以多喝一些不会上瘾","Score":5,"Options":[{"Sign":"A","Content":"正确"},{"Sign":"B","Content":"错误"}]},{"QuestionID":207,"QuestionType":"禁毒知识","Content":"因吸毒被查获的人员应当接受 （  ）。","Score":5,"Options":[{"Sign":"A","Content":"治安处罚"},{"Sign":"B","Content":"刑事处罚"},{"Sign":"C","Content":"不处罚"},{"Sign":"D","Content":"批评教育"}]},{"QuestionID":278,"QuestionType":"禁毒知识","Content":"吸毒人群的意外死亡率较一般人群高。","Score":5,"Options":[{"Sign":"A","Content":"正确"},{"Sign":"B","Content":"错误"}]},{"QuestionID":80,"QuestionType":"禁毒知识","Content":"根据国务院授权，（　）负责组织开展禁毒国际合作，履行国际禁毒公约义务。","Score":5,"Options":[{"Sign":"A","Content":"国务院"},{"Sign":"B","Content":"国家禁毒委员会"},{"Sign":"C","Content":"全国人大常委会"},{"Sign":"D","Content":"公安部"}]},{"QuestionID":212,"QuestionType":"禁毒知识","Content":"娱乐场所及其（  ）实施毒品违法犯罪行为，或者为进入娱乐场所的人员实施毒品违法犯罪行为提供条件，构成犯罪的，依法追究刑事责任；尚不构成犯罪的，依照有关法律、行政法规的规定给予处罚。","Score":5,"Options":[{"Sign":"A","Content":"法人"},{"Sign":"B","Content":"投资方"},{"Sign":"C","Content":"经理"},{"Sign":"D","Content":"从业人员"}]},{"QuestionID":425,"QuestionType":"禁毒知识","Content":"中宣部、中央网信办、公安部等14个部门联合制定的《全国青少年毒品预防教育工作规划（2016——2018）》规定，要力争用3年时间，使18岁以下未成年人涉毒违法犯罪人数占涉毒违法犯罪总人数比例不高于：","Score":5,"Options":[{"Sign":"A","Content":"0.3%"},{"Sign":"B","Content":"0.4%"},{"Sign":"C","Content":"0.5%"},{"Sign":"D","Content":"0.6%"}]},{"QuestionID":105,"QuestionType":"禁毒知识","Content":"合成毒品“麻古”的主要成分是甲基苯丙胺和（  ）。","Score":5,"Options":[{"Sign":"A","Content":"大麻"},{"Sign":"B","Content":"古柯碱"},{"Sign":"C","Content":"咖啡因"},{"Sign":"D","Content":"安纳咖"}]}]}