{"RandomPaperID":380,"Questions":[{"QuestionID":198,"QuestionType":"禁毒知识","Content":"下列选项中对我国毒品消费形势表述正确的是 。（  ）","Score":5,"Options":[{"Sign":"A","Content":"毒品消费者市场逐步减少"},{"Sign":"B","Content":"35岁以下青少年吸毒人数约比高"},{"Sign":"C","Content":"吸食合成毒品的人数下降"},{"Sign":"D","Content":"吸毒人数减少"}]},{"QuestionID":21,"QuestionType":"禁毒知识","Content":"《禁毒法》规定，教育行政部门、（  ）应当将禁毒知识纳入教育、教学内容，对学生进行禁毒宣传教育。公安机关、司法行政部门和卫生行政部门应当予以协助。","Score":5,"Options":[{"Sign":"A","Content":"学校"},{"Sign":"B","Content":"中小学校"},{"Sign":"C","Content":"大专院校"},{"Sign":"D","Content":"B和C"}]},{"QuestionID":420,"QuestionType":"禁毒知识","Content":"止咳水的主要成分虽然为可待因及麻黄碱等，但其实是一种镇咳处方药，即便非法乱用也不是吸毒。这种说法对吗？","Score":5,"Options":[{"Sign":"A","Content":"正确"},{"Sign":"B","Content":"错误"}]},{"QuestionID":62,"QuestionType":"禁毒知识","Content":"对于容留他人吸食、注射毒品或者介绍买卖毒品，构成犯罪的，依法追究刑事责任;尚不构成犯罪的，由公安机关处十日以上十五日以下拘留，可以并处三千元以下罚款。","Score":5,"Options":[{"Sign":"A","Content":"正确"},{"Sign":"B","Content":"错误"}]},{"QuestionID":206,"QuestionType":"禁毒知识","Content":"以下哪种行为不予处罚。（  ）","Score":5,"Options":[{"Sign":"A","Content":"有人在自己经营的娱乐场所内吸毒，不制止、不报告"},{"Sign":"B","Content":"携带毒品原植物种子"},{"Sign":"C","Content":"非法种植毒品原植物，在收获前自动铲除"},{"Sign":"D","Content":"为走私、贩卖、运输、制造鸦片的犯罪分子提供财物"}]},{"QuestionID":405,"QuestionType":"禁毒知识","Content":"张某吸毒，有时让王某为其购买毒品，王某借机从中牟利，对王某的行为是否应追究刑事责任？（  ）","Score":5,"Options":[{"Sign":"A","Content":"应该"},{"Sign":"B","Content":"不应该"},{"Sign":"C","Content":"由所涉毒品数量决定"}]},{"QuestionID":293,"QuestionType":"禁毒知识","Content":"吸食冰毒以后马上驾驶车辆，容易造成情绪冲动及过度兴奋，从而极易引发超速而造成的严重交通事故。","Score":5,"Options":[{"Sign":"A","Content":"对"},{"Sign":"B","Content":"错"}]},{"QuestionID":42,"QuestionType":"禁毒知识","Content":"当发现有人可能正在吸毒或实施涉及毒品的违法犯罪行为时，应该 （  ）。","Score":5,"Options":[{"Sign":"A","Content":"尽快离开，确保安全情况下报警"},{"Sign":"B","Content":"事不关己"},{"Sign":"C","Content":"好奇上前去看个究竟"},{"Sign":"D","Content":"马上阻止其违法犯罪行为"}]},{"QuestionID":326,"QuestionType":"禁毒知识","Content":"小王在网上及微信群里教人制作毒品的方法，但他自己从来没有吸毒、贩毒和制毒，所以他仅仅算是传播了毒品的相关知识，并不算违法。这种说法正确吗？（  ）。","Score":5,"Options":[{"Sign":"A","Content":"正确"},{"Sign":"B","Content":"错误"}]},{"QuestionID":188,"QuestionType":"禁毒知识","Content":"吸毒者染上毒瘾后，缺乏自我控制能力，更容易走向偷盗、抢劫等犯罪道路。","Score":5,"Options":[{"Sign":"A","Content":"正确"},{"Sign":"B","Content":"错误"}]},{"QuestionID":396,"QuestionType":"禁毒知识","Content":"在容易接触的的毒品中，有一种属于荨麻目大麻科草本植物，其主要有化学成分为四氢大麻酚（THC），它被人们成为“（　） ”。","Score":5,"Options":[{"Sign":"A","Content":"氟硝安定"},{"Sign":"B","Content":"大麻"},{"Sign":"C","Content":"冰毒"},{"Sign":"D","Content":"海洛因"}]},{"QuestionID":351,"QuestionType":"禁毒知识","Content":"要树立正确的人生观、价值观、世界观，努力学习，追求进取，正确把握自己的行动与交友，以免走上歧途、误入毒海。","Score":5,"Options":[{"Sign":"A","Content":"对"},{"Sign":"B","Content":"错"}]},{"QuestionID":286,"QuestionType":"禁毒知识","Content":"吸毒者把可卡因称作“自由垒”或者“快乐客”。","Score":5,"Options":[{"Sign":"A","Content":"正确"},{"Sign":"B","Content":"错误"}]},{"QuestionID":360,"QuestionType":"禁毒知识","Content":"以下哪些是我国刑法所界定的毒品？（  ）","Score":5,"Options":[{"Sign":"A","Content":"鸦片、海洛因、甲基苯丙胺(冰毒)、吗啡、大麻、可卡因"},{"Sign":"B","Content":"挥发性溶剂"},{"Sign":"C","Content":"烟草、酒精"}]},{"QuestionID":295,"QuestionType":"禁毒知识","Content":"吸食毒品等于自我毁灭。","Score":5,"Options":[{"Sign":"A","Content":"正确"},{"Sign":"B","Content":"错误"}]},{"QuestionID":322,"QuestionType":"禁毒知识","Content":"下面说法不正确的是（　） 。","Score":5,"Options":[{"Sign":"A","Content":"国家鼓励开展禁毒科学技术研究。"},{"Sign":"B","Content":"国家鼓励公民举报毒品违法犯罪行为。"},{"Sign":"C","Content":"国家鼓励对禁毒工作的社会捐赠。"},{"Sign":"D","Content":"国家鼓励戒毒治疗的药品、医疗器械和治疗方法在媒体上做广告宣传。"}]},{"QuestionID":106,"QuestionType":"禁毒知识","Content":"合成毒品成瘾者的违法行为一般在吸食后，因产生精神障碍而导致行为失控，引发自伤自残、暴力侵害等严重公共安全问题。","Score":5,"Options":[{"Sign":"A","Content":"正确"},{"Sign":"B","Content":"错误"}]},{"QuestionID":25,"QuestionType":"禁毒知识","Content":"《禁毒法》规定的禁毒工作机制是（　）。","Score":5,"Options":[{"Sign":"A","Content":"党委统一领导，政府各部门各司其责，全社会广泛参与"},{"Sign":"B","Content":"政府统一领导，有关部门各负其责，社会广泛参与"},{"Sign":"C","Content":"党委政府统一领导，各有关部门各司其责，社会广泛参与"},{"Sign":"D","Content":"党委政府领导，各有关部门各负其责，全社会广泛参与"}]},{"QuestionID":255,"QuestionType":"禁毒知识","Content":"我国近代史上著名的“虎门销烟”中销毁的是哪种烟？","Score":5,"Options":[{"Sign":"A","Content":"鸦片烟"},{"Sign":"B","Content":"卷烟"},{"Sign":"C","Content":"大麻烟"}]},{"QuestionID":6,"QuestionType":"禁毒知识","Content":"按药物对人体大脑中枢神经所产生的作用，可将毒品分为麻醉药品和精神药品。","Score":5,"Options":[{"Sign":"A","Content":"正确"},{"Sign":"B","Content":"错误"}]}]}