{"RandomPaperID":388,"Questions":[{"QuestionID":425,"QuestionType":"禁毒知识","Content":"中宣部、中央网信办、公安部等14个部门联合制定的《全国青少年毒品预防教育工作规划（2016——2018）》规定，要力争用3年时间，使18岁以下未成年人涉毒违法犯罪人数占涉毒违法犯罪总人数比例不高于：","Score":5,"Options":[{"Sign":"A","Content":"0.3%"},{"Sign":"B","Content":"0.4%"},{"Sign":"C","Content":"0.5%"},{"Sign":"D","Content":"0.6%"}]},{"QuestionID":377,"QuestionType":"禁毒知识","Content":"罂粟是几年生草本植物？（  ）","Score":5,"Options":[{"Sign":"A","Content":"1"},{"Sign":"B","Content":"2"},{"Sign":"C","Content":"3"}]},{"QuestionID":161,"QuestionType":"禁毒知识","Content":"如果自己一个人在家，遇到有不明的快递物品送到家里，我们应该先电话向父母问核实情况，才能开门接受快递员送的东西。这种说法正确吗？","Score":5,"Options":[{"Sign":"A","Content":"正确"},{"Sign":"B","Content":"错误"}]},{"QuestionID":229,"QuestionType":"禁毒知识","Content":"社区戒毒为我国现有戒毒模式之一，其虽具有强制性但却不得限制人身自由，此模式期限为（　）。","Score":5,"Options":[{"Sign":"A","Content":"2年"},{"Sign":"B","Content":"3年"},{"Sign":"C","Content":"1年"},{"Sign":"D","Content":"6个月"}]},{"QuestionID":364,"QuestionType":"禁毒知识","Content":"以下属于毒品滥用的高危场所的是（　） 。","Score":5,"Options":[{"Sign":"A","Content":"歌舞厅、夜总会、洗浴中心等公共娱乐场所"},{"Sign":"B","Content":"个人家中"},{"Sign":"C","Content":"学校、医疗机构及药店"},{"Sign":"D","Content":"上班的公司"}]},{"QuestionID":143,"QuestionType":"禁毒知识","Content":"你认为一个家庭如何才能“远离毒品”？（  ）","Score":5,"Options":[{"Sign":"A","Content":"自己拒绝毒品，向父母和亲属介绍毒品常识，提醒他们千万不要尝试毒品"},{"Sign":"B","Content":"不去沾毒品，也不关心毒品"},{"Sign":"C","Content":"自己不去碰毒品就行"},{"Sign":"D","Content":"自己树立防毒意识"}]},{"QuestionID":211,"QuestionType":"禁毒知识","Content":"邮寄毒品进出国（边）境的行为不是走私毒品罪。","Score":5,"Options":[{"Sign":"A","Content":"正确"},{"Sign":"B","Content":"错误"}]},{"QuestionID":342,"QuestionType":"禁毒知识","Content":"研究表明，80%以上的苯丙胺滥用者即使停止滥用最长达8-12年 ，仍有一些精神病症状，乃至精神分裂，一遇刺激便会发作。","Score":5,"Options":[{"Sign":"A","Content":"正确"},{"Sign":"B","Content":"错误"}]},{"QuestionID":360,"QuestionType":"禁毒知识","Content":"以下哪些是我国刑法所界定的毒品？（  ）","Score":5,"Options":[{"Sign":"A","Content":"鸦片、海洛因、甲基苯丙胺(冰毒)、吗啡、大麻、可卡因"},{"Sign":"B","Content":"挥发性溶剂"},{"Sign":"C","Content":"烟草、酒精"}]},{"QuestionID":203,"QuestionType":"禁毒知识","Content":"一个完整的戒毒过程，包含（ ）。","Score":5,"Options":[{"Sign":"A","Content":"脱毒、康复、回归社会三部分"},{"Sign":"B","Content":"B强制戒毒一部分"},{"Sign":"C","Content":"社区戒毒"},{"Sign":"D","Content":"社区康复"}]},{"QuestionID":397,"QuestionType":"禁毒知识","Content":"根据毒品对于人的大脑中枢神经作用，将毒品分为合成类毒品与天然类毒品。","Score":5,"Options":[{"Sign":"A","Content":"正确"},{"Sign":"B","Content":"错误"}]},{"QuestionID":434,"QuestionType":"禁毒知识","Content":"十九大报告提出完善以(  )为核心的中国特色社会主义法律体系，建设中国特色社会主义法治体系。","Score":5,"Options":[{"Sign":"A","Content":"党章"},{"Sign":"B","Content":"宪法"},{"Sign":"C","Content":"党纪国法"},{"Sign":"D","Content":"全民守法"}]},{"QuestionID":350,"QuestionType":"禁毒知识","Content":"要拒绝毒品我们只要知道毒品的危害，吸毒、贩毒就是违法犯罪即可。","Score":5,"Options":[{"Sign":"A","Content":"正确"},{"Sign":"B","Content":"错误"}]},{"QuestionID":154,"QuestionType":"禁毒知识","Content":"曲马多是鸦片类物质，主要用作镇痛药，大剂量服用可在短期内上瘾，而它的危害主要表现为（　） 。","Score":5,"Options":[{"Sign":"A","Content":"全身关节疼痛"},{"Sign":"B","Content":"焦虑不安、伴随记忆力下降"},{"Sign":"C","Content":"食欲下降、体重减轻"},{"Sign":"D","Content":"以上A.B.C三项表述均正确"}]},{"QuestionID":30,"QuestionType":"禁毒知识","Content":"《中华人民共和国刑法》规定，走私、贩卖、运输、制造鸦片一千克以上、海洛因或者甲基苯丙胺（　）克以上或者其他毒品数量大的，处十五年有期徒刑、无期徒刑或者死刑，并处没收财产。","Score":5,"Options":[{"Sign":"A","Content":"十"},{"Sign":"B","Content":"二十"},{"Sign":"C","Content":"五十"},{"Sign":"D","Content":"一百"}]},{"QuestionID":198,"QuestionType":"禁毒知识","Content":"下列选项中对我国毒品消费形势表述正确的是 。（  ）","Score":5,"Options":[{"Sign":"A","Content":"毒品消费者市场逐步减少"},{"Sign":"B","Content":"35岁以下青少年吸毒人数约比高"},{"Sign":"C","Content":"吸食合成毒品的人数下降"},{"Sign":"D","Content":"吸毒人数减少"}]},{"QuestionID":293,"QuestionType":"禁毒知识","Content":"吸食冰毒以后马上驾驶车辆，容易造成情绪冲动及过度兴奋，从而极易引发超速而造成的严重交通事故。","Score":5,"Options":[{"Sign":"A","Content":"对"},{"Sign":"B","Content":"错"}]},{"QuestionID":264,"QuestionType":"禁毒知识","Content":"我们在网络上和陌生人交流和交友的时候，应该保持警惕心，不能轻易泄露自己的个人信息。（  ）","Score":5,"Options":[{"Sign":"A","Content":"正确"},{"Sign":"B","Content":"错误"}]},{"QuestionID":76,"QuestionType":"禁毒知识","Content":"各级人民政府应当建立毒品违法犯罪举报制度。","Score":5,"Options":[{"Sign":"A","Content":"正确"},{"Sign":"B","Content":"错误"}]},{"QuestionID":234,"QuestionType":"禁毒知识","Content":"世界上三大毒品产地中哪一个不在亚洲？","Score":5,"Options":[{"Sign":"A","Content":"“金三角”"},{"Sign":"B","Content":"“金新月”"},{"Sign":"C","Content":"“银三角”"}]}]}