{"RandomPaperID":389,"Questions":[{"QuestionID":275,"QuestionType":"禁毒知识","Content":"吸毒行为可以通过采集当事人血液、尿液或毛发等检测出来。","Score":5,"Options":[{"Sign":"A","Content":"正确"},{"Sign":"B","Content":"错误"}]},{"QuestionID":159,"QuestionType":"禁毒知识","Content":"如果有人在我们周围大量生产制造冰毒，很容易产生大量刺鼻的刺激性气味。这种说法正确吗？","Score":5,"Options":[{"Sign":"A","Content":"正确"},{"Sign":"B","Content":"错误"}]},{"QuestionID":251,"QuestionType":"禁毒知识","Content":"《中华人民共和国禁毒法》（　）规定了毒品的定义？（  ）","Score":5,"Options":[{"Sign":"A","Content":"第1条"},{"Sign":"B","Content":"第2条"},{"Sign":"C","Content":"第3条"}]},{"QuestionID":338,"QuestionType":"禁毒知识","Content":"鸦片、合成大麻、海洛因、可卡因是传统毒品。","Score":5,"Options":[{"Sign":"A","Content":"正确"},{"Sign":"B","Content":"错误"}]},{"QuestionID":257,"QuestionType":"禁毒知识","Content":"我国禁毒工作的治本之策是（　）。","Score":5,"Options":[{"Sign":"A","Content":"预防教育"},{"Sign":"B","Content":"依法严厉打击"},{"Sign":"C","Content":"切断毒品来源"},{"Sign":"D","Content":"戒断治疗"}]},{"QuestionID":322,"QuestionType":"禁毒知识","Content":"下面说法不正确的是（　） 。","Score":5,"Options":[{"Sign":"A","Content":"国家鼓励开展禁毒科学技术研究。"},{"Sign":"B","Content":"国家鼓励公民举报毒品违法犯罪行为。"},{"Sign":"C","Content":"国家鼓励对禁毒工作的社会捐赠。"},{"Sign":"D","Content":"国家鼓励戒毒治疗的药品、医疗器械和治疗方法在媒体上做广告宣传。"}]},{"QuestionID":390,"QuestionType":"禁毒知识","Content":"远离毒品关键在于自己。","Score":5,"Options":[{"Sign":"A","Content":"正确"},{"Sign":"B","Content":"错误"}]},{"QuestionID":65,"QuestionType":"禁毒知识","Content":"二十世纪（　） ，中国获得近三十年“无毒国”美誉。（  ）","Score":5,"Options":[{"Sign":"A","Content":"40年代末到80年代初"},{"Sign":"B","Content":"50年代初到70年代末"},{"Sign":"C","Content":"50年代末到80年代初"},{"Sign":"D","Content":"40年代末到90年代初"}]},{"QuestionID":335,"QuestionType":"禁毒知识","Content":"学校应当将禁毒知识纳入教育、教学内容，对学生进行禁毒宣传教育。","Score":5,"Options":[{"Sign":"A","Content":"正确"},{"Sign":"B","Content":"错误"}]},{"QuestionID":142,"QuestionType":"禁毒知识","Content":"你的同学或者好朋友把你介绍给他的朋友们，这些人私密的聚在某人家里或者类似娱乐场所的地方，使用一些粉末、片剂或者类似香烟的东西。还请你品尝，你恰当的拒绝方式应该是（　） 。","Score":5,"Options":[{"Sign":"A","Content":"找个合适的借口离开那里"},{"Sign":"B","Content":"坚决地拒绝"},{"Sign":"C","Content":"婉言谢绝"},{"Sign":"D","Content":"以上方式都可以"}]},{"QuestionID":374,"QuestionType":"禁毒知识","Content":"引诱、教唆、欺骗或者强迫（ ）吸食、注射毒品的，从重处罚。","Score":5,"Options":[{"Sign":"A","Content":"成年人"},{"Sign":"B","Content":"未成年人"},{"Sign":"C","Content":"妇女"}]},{"QuestionID":193,"QuestionType":"禁毒知识","Content":"吸食可卡因可能导致心律不齐，血压升高，心肺与肝功能损害，丧失判断能力，产生幻觉出现自杀等。这种说法正确吗？","Score":5,"Options":[{"Sign":"A","Content":"正确"},{"Sign":"B","Content":"错误"}]},{"QuestionID":394,"QuestionType":"禁毒知识","Content":"在对众多吸毒者进行调查时发现，占据第一位的吸毒原因是（　）  。","Score":5,"Options":[{"Sign":"A","Content":"贪慕虚荣，赶时髦"},{"Sign":"B","Content":"借助吸毒逃离现实，寻求解脱"},{"Sign":"C","Content":"受贩毒者引诱"},{"Sign":"D","Content":"盲目好奇，追求享乐和刺激"}]},{"QuestionID":77,"QuestionType":"禁毒知识","Content":"根据（　） 需要，依法可以生产、经营、使用、储存、运输麻醉药品和精神药品。","Score":5,"Options":[{"Sign":"A","Content":"医疗、教学、及科研"},{"Sign":"B","Content":"宣传"},{"Sign":"C","Content":"消费市场"},{"Sign":"D","Content":"大众生活"}]},{"QuestionID":120,"QuestionType":"禁毒知识","Content":"经有关部门批准，个人可以开办戒毒脱瘾治疗业务。","Score":5,"Options":[{"Sign":"A","Content":"正确"},{"Sign":"B","Content":"错误"}]},{"QuestionID":149,"QuestionType":"禁毒知识","Content":"强制隔离戒毒是指对吸食、注射毒品成瘾严重人员，在一定时期内通过行政措施对其强制进行药物治疗、心理治疗和法制教育、道德教育，使其戒除毒瘾。","Score":5,"Options":[{"Sign":"A","Content":"正确"},{"Sign":"B","Content":"错误"}]},{"QuestionID":107,"QuestionType":"禁毒知识","Content":"合成毒品直接作用于人的（　）  。","Score":5,"Options":[{"Sign":"A","Content":"大脑"},{"Sign":"B","Content":"心脏"},{"Sign":"C","Content":"中枢神经"},{"Sign":"D","Content":"肌肉"}]},{"QuestionID":128,"QuestionType":"禁毒知识","Content":"李某为炫耀，将50克冰毒放在身上，后被民警抓获，李某构成（　）。","Score":5,"Options":[{"Sign":"A","Content":"吸毒"},{"Sign":"B","Content":"非法持有毒品罪"},{"Sign":"C","Content":"贩卖毒品罪"},{"Sign":"D","Content":"窝藏毒品罪"}]},{"QuestionID":324,"QuestionType":"禁毒知识","Content":"小丁13岁，被毒贩子教唆利用帮助贩毒集团贩毒，并伴随有吸毒行为，小丁虽然不用承担刑事责任，但应该进行戒毒治疗。这种说法（  ）。","Score":5,"Options":[{"Sign":"A","Content":"正确"},{"Sign":"B","Content":"错误"}]},{"QuestionID":357,"QuestionType":"禁毒知识","Content":"以下（　） 不属于阿片类毒品。","Score":5,"Options":[{"Sign":"A","Content":"冰毒"},{"Sign":"B","Content":"美沙酮"},{"Sign":"C","Content":"吗啡"},{"Sign":"D","Content":"海洛因"}]}]}