{"RandomPaperID":395,"Questions":[{"QuestionID":143,"QuestionType":"禁毒知识","Content":"你认为一个家庭如何才能“远离毒品”？（  ）","Score":5,"Options":[{"Sign":"A","Content":"自己拒绝毒品，向父母和亲属介绍毒品常识，提醒他们千万不要尝试毒品"},{"Sign":"B","Content":"不去沾毒品，也不关心毒品"},{"Sign":"C","Content":"自己不去碰毒品就行"},{"Sign":"D","Content":"自己树立防毒意识"}]},{"QuestionID":27,"QuestionType":"禁毒知识","Content":"《中华人民共和国禁毒法》自（ ）起施行。","Score":5,"Options":[{"Sign":"A","Content":"2007年12月29日"},{"Sign":"B","Content":"2008年1月1日"},{"Sign":"C","Content":"2008年6月1日"},{"Sign":"D","Content":"2008年6月26日"}]},{"QuestionID":256,"QuestionType":"禁毒知识","Content":"我国近代史中的第一次“鸦片战争”是哪国发起的？","Score":5,"Options":[{"Sign":"A","Content":"美国"},{"Sign":"B","Content":"德国"},{"Sign":"C","Content":"英国"},{"Sign":"D","Content":"日本"}]},{"QuestionID":130,"QuestionType":"禁毒知识","Content":"氯胺酮，是一种静脉全麻药，也用作兽用麻醉药，但是一般人只要足量接触二、三次即可上瘾，是一种极度危险的精神药品。","Score":5,"Options":[{"Sign":"A","Content":"正确"},{"Sign":"B","Content":"错误"}]},{"QuestionID":243,"QuestionType":"禁毒知识","Content":"网络成瘾是一种行为成瘾。表现为由于（  ）互联网而导致个体明显的社会、心理、生理功能损害。","Score":5,"Options":[{"Sign":"A","Content":"过度使用"},{"Sign":"B","Content":"正常使用"}]},{"QuestionID":418,"QuestionType":"禁毒知识","Content":"只要自己的吸毒行为没有危害到社会、家庭和他人的生活，就是合法的。以上说法正确吗？","Score":5,"Options":[{"Sign":"A","Content":"正确"},{"Sign":"B","Content":"错误"}]},{"QuestionID":93,"QuestionType":"禁毒知识","Content":"国家对麻醉药品药用原植物种植实行管制。禁止非法种植罂粟、古柯植物、大麻植物以及国家规定管制的可以用于提炼加工毒品的其他原植物。","Score":5,"Options":[{"Sign":"A","Content":"正确"},{"Sign":"B","Content":"错误"}]},{"QuestionID":165,"QuestionType":"禁毒知识","Content":"生理戒断是指尿检呈阴性，戒断症状消失。","Score":5,"Options":[{"Sign":"A","Content":"正确"},{"Sign":"B","Content":"错误"}]},{"QuestionID":340,"QuestionType":"禁毒知识","Content":"鸦片最初是医用药物，主要用于镇咳止泻，后来被人们作为毒品吸食。","Score":5,"Options":[{"Sign":"A","Content":"正确"},{"Sign":"B","Content":"错误"}]},{"QuestionID":44,"QuestionType":"禁毒知识","Content":"当有人以各种借口引诱你吸食毒品或尝试可能是毒品的药丸时，正确的做法是（  ）。","Score":5,"Options":[{"Sign":"A","Content":"拒绝"},{"Sign":"B","Content":"尝试"},{"Sign":"C","Content":"接受"},{"Sign":"D","Content":"犹豫不决"}]},{"QuestionID":144,"QuestionType":"禁毒知识","Content":"强迫他人吸毒、注射毒品的，处（    ）有期徒刑，并处罚金。","Score":5,"Options":[{"Sign":"A","Content":"1年以上3年以下"},{"Sign":"B","Content":"3年以上6年以下"},{"Sign":"C","Content":"3年以上10年以下"},{"Sign":"D","Content":"3年以上7年以下"}]},{"QuestionID":176,"QuestionType":"禁毒知识","Content":"吸毒，也称“药物滥用”，就是出于（　）目的，通过注射、口服、鼻吸或其他方式将毒品摄入人体的行为。","Score":5,"Options":[{"Sign":"A","Content":"非医疗"},{"Sign":"B","Content":"治病"},{"Sign":"C","Content":"麻醉"},{"Sign":"D","Content":"交友"}]},{"QuestionID":31,"QuestionType":"禁毒知识","Content":"GHB是一种无色无味的液体，由于它可以轻易的放入饮料之中交给不知情的受害人使用，且受害人经常会不记得遭受过攻击。所以被称为“液体迷魂药”、“迷奸水”。","Score":5,"Options":[{"Sign":"A","Content":"正确"},{"Sign":"B","Content":"错误"}]},{"QuestionID":294,"QuestionType":"禁毒知识","Content":"吸食毒品，既害国家，又害家庭，更害自己。","Score":5,"Options":[{"Sign":"A","Content":"正确"},{"Sign":"B","Content":"错误"}]},{"QuestionID":62,"QuestionType":"禁毒知识","Content":"对于容留他人吸食、注射毒品或者介绍买卖毒品，构成犯罪的，依法追究刑事责任;尚不构成犯罪的，由公安机关处十日以上十五日以下拘留，可以并处三千元以下罚款。","Score":5,"Options":[{"Sign":"A","Content":"正确"},{"Sign":"B","Content":"错误"}]},{"QuestionID":200,"QuestionType":"禁毒知识","Content":"小明今年上五年级，沉迷于网络游戏，然后到黑网吧去上网，结交了不良的朋友，最后染上了烟瘾和学会了吸毒。这个故事告诉我们什么道理？（  ）","Score":5,"Options":[{"Sign":"A","Content":"不在危险的地方逗留，尤其是网吧这样人多和复杂的环境"},{"Sign":"B","Content":"要养成自律的好习惯"},{"Sign":"C","Content":"要学会抵制诱惑"},{"Sign":"D","Content":"以上选项都是"}]},{"QuestionID":223,"QuestionType":"禁毒知识","Content":"郑某在南方某地购得15克海洛因藏在家中准备自己吸食，后被公安机关查获，郑某的行为构成了什么罪？（  ）","Score":5,"Options":[{"Sign":"A","Content":"贩卖毒品罪"},{"Sign":"B","Content":"非法持有毒品罪"},{"Sign":"C","Content":"不构成犯罪"},{"Sign":"D","Content":"私藏毒品罪"}]},{"QuestionID":78,"QuestionType":"禁毒知识","Content":"根据查缉毒品的需要，（    ）可以在边境地区、交通要道、口岸以及飞机场、火车站、长途汽车站、码头对来往人员、物品、货物以及交通工具进行毒品和易制毒化学品检查。","Score":5,"Options":[{"Sign":"A","Content":"公安机关"},{"Sign":"B","Content":"药品监督管理部门"},{"Sign":"C","Content":"禁毒委员会"},{"Sign":"D","Content":"以上选项都是"}]},{"QuestionID":430,"QuestionType":"禁毒知识","Content":"《全国青少年毒品预防教育规划（2016—2018）》要求，小学五年级至高中二年级每学年至少安排(  )课时毒品预防教育专题课程。","Score":5,"Options":[{"Sign":"A","Content":"1"},{"Sign":"B","Content":"2"},{"Sign":"C","Content":"3"},{"Sign":"D","Content":"4"}]},{"QuestionID":138,"QuestionType":"禁毒知识","Content":"蘑菇是一种蔬菜。郊外雨后的草地上长出了漂亮的新鲜蘑菇，所以我们可以把这些漂亮的野蘑菇随便采回家里做菜吃。（  ）","Score":5,"Options":[{"Sign":"A","Content":"正确"},{"Sign":"B","Content":"错误"}]}]}