{"RandomPaperID":398,"Questions":[{"QuestionID":384,"QuestionType":"禁毒知识","Content":"有人认为长期吸毒才会上瘾，偶尔吸几次不会上瘾。","Score":5,"Options":[{"Sign":"A","Content":"正确"},{"Sign":"B","Content":"错误"}]},{"QuestionID":49,"QuestionType":"禁毒知识","Content":"不满十六周岁的未成年人吸毒成瘾严重的，可以不适用(  )。","Score":5,"Options":[{"Sign":"A","Content":"强制隔离戒毒"},{"Sign":"B","Content":"责令其接受社区戒毒"},{"Sign":"C","Content":"责令其接受社区康复"},{"Sign":"D","Content":"自愿戒毒"}]},{"QuestionID":112,"QuestionType":"禁毒知识","Content":"戒毒人员应当在户籍所在地接受社区戒毒；在户籍所在地以外的现居住地有固定住所的，可以在现居住地接受社区戒毒。以上说法正确吗？（  ）","Score":5,"Options":[{"Sign":"A","Content":"正确"},{"Sign":"B","Content":"错误"}]},{"QuestionID":119,"QuestionType":"禁毒知识","Content":"禁毒志愿者在志愿服务中过程中造成服务对象或者其他相关人损害，由组织志愿服务的禁毒青年志愿者组织依法承担民事责任。","Score":5,"Options":[{"Sign":"A","Content":"正确"},{"Sign":"B","Content":"错误"}]},{"QuestionID":423,"QuestionType":"禁毒知识","Content":"治疗咳嗽的止咳水，因为只是一种治咳嗽的中药，所以多喝一些不会上瘾","Score":5,"Options":[{"Sign":"A","Content":"正确"},{"Sign":"B","Content":"错误"}]},{"QuestionID":342,"QuestionType":"禁毒知识","Content":"研究表明，80%以上的苯丙胺滥用者即使停止滥用最长达8-12年 ，仍有一些精神病症状，乃至精神分裂，一遇刺激便会发作。","Score":5,"Options":[{"Sign":"A","Content":"正确"},{"Sign":"B","Content":"错误"}]},{"QuestionID":161,"QuestionType":"禁毒知识","Content":"如果自己一个人在家，遇到有不明的快递物品送到家里，我们应该先电话向父母问核实情况，才能开门接受快递员送的东西。这种说法正确吗？","Score":5,"Options":[{"Sign":"A","Content":"正确"},{"Sign":"B","Content":"错误"}]},{"QuestionID":113,"QuestionType":"禁毒知识","Content":"戒毒人员在（  ）等方面不受歧视。有关部门、组织和人员应当在这些方面对戒毒人员给予必要的指导和帮助。","Score":5,"Options":[{"Sign":"A","Content":"入学"},{"Sign":"B","Content":"就业"},{"Sign":"C","Content":"享受社会保障"},{"Sign":"D","Content":"A.B和C"}]},{"QuestionID":309,"QuestionType":"禁毒知识","Content":"下列属于合成毒品的是（　）。","Score":5,"Options":[{"Sign":"A","Content":"可卡因"},{"Sign":"B","Content":"鸦片"},{"Sign":"C","Content":"冰毒"},{"Sign":"D","Content":"大麻"}]},{"QuestionID":320,"QuestionType":"禁毒知识","Content":"下面表述正确的是？（  ）","Score":5,"Options":[{"Sign":"A","Content":"禁毒主要是人民政府的责任"},{"Sign":"B","Content":"禁毒主要是公安机关的责任"},{"Sign":"C","Content":"禁毒与自己无关"},{"Sign":"D","Content":"禁毒是全社会的共同责任"}]},{"QuestionID":245,"QuestionType":"禁毒知识","Content":"为全面禁绝毒品危害，联合国于（　）年确立了“有效减少毒品需求”的禁毒战略。（  ）","Score":5,"Options":[{"Sign":"A","Content":"1990"},{"Sign":"B","Content":"1992"},{"Sign":"C","Content":"1995"},{"Sign":"D","Content":"1998"}]},{"QuestionID":1,"QuestionType":"禁毒知识","Content":"杜冷丁，又称哌替啶，为白色结晶性粉末，无臭或几乎无臭。医疗多用于针剂，滥用会成瘾，严重危害人体健康和生命安全。","Score":5,"Options":[{"Sign":"A","Content":"正确"},{"Sign":"B","Content":"错误"}]},{"QuestionID":7,"QuestionType":"禁毒知识","Content":"苯丙胺因其纯品无色透明，像冰一样，故俗称“冰毒”。","Score":5,"Options":[{"Sign":"A","Content":"正确"},{"Sign":"B","Content":"错误"}]},{"QuestionID":177,"QuestionType":"禁毒知识","Content":"吸毒成瘾的认定办法，由（  ）规定。","Score":5,"Options":[{"Sign":"A","Content":"国务院卫生行政部门"},{"Sign":"B","Content":"国务院卫生行政部门、药品监督管理部门"},{"Sign":"C","Content":"国务院卫生行政部门、药品监督管理部门、公安部门"},{"Sign":"D","Content":"国务院药品监督管理部门"}]},{"QuestionID":183,"QuestionType":"禁毒知识","Content":"吸毒的危害有哪些方面？（  ）","Score":5,"Options":[{"Sign":"A","Content":"危害个人，包括：摧残人的身体、扭曲人格、引发自伤、自残、自杀的行为、传播疾病等。"},{"Sign":"B","Content":"危害家庭，包括：对家庭成员身心摧残、导致倾家荡产、家破人亡、贻害后代等。"},{"Sign":"C","Content":"危害社会，包括：诱发违法犯罪、影响国民素质、吞噬社会巨额财富、影响国计民生等。"},{"Sign":"D","Content":"A.B和C"}]},{"QuestionID":188,"QuestionType":"禁毒知识","Content":"吸毒者染上毒瘾后，缺乏自我控制能力，更容易走向偷盗、抢劫等犯罪道路。","Score":5,"Options":[{"Sign":"A","Content":"正确"},{"Sign":"B","Content":"错误"}]},{"QuestionID":133,"QuestionType":"禁毒知识","Content":"吗啡、海洛因，如采取静脉注射的方式，1至2次即可成瘾。","Score":5,"Options":[{"Sign":"A","Content":"正确"},{"Sign":"B","Content":"错误"}]},{"QuestionID":419,"QuestionType":"禁毒知识","Content":"止咳露（或止咳水）只是一种常见的中成药，大量服用不会形成药物依赖。这种说法","Score":5,"Options":[{"Sign":"A","Content":"正确"},{"Sign":"B","Content":"错误"}]},{"QuestionID":398,"QuestionType":"禁毒知识","Content":"在食品中掺用罂粟壳的行为，不构成犯罪，也无需进行行政处罚。","Score":5,"Options":[{"Sign":"A","Content":"正确"},{"Sign":"B","Content":"错误"}]},{"QuestionID":89,"QuestionType":"禁毒知识","Content":"共用剃须刀有传染艾滋病的危险。","Score":5,"Options":[{"Sign":"A","Content":"正确"},{"Sign":"B","Content":"错误"}]}]}