{"RandomPaperID":402,"Questions":[{"QuestionID":327,"QuestionType":"禁毒知识","Content":"小王邀约多人，多次在小李家里吸毒，虽然小李知道吸毒是违法行为，但小李本人没有吸毒，所以小李不要承担任何法律责任。","Score":5,"Options":[{"Sign":"A","Content":"正确"},{"Sign":"B","Content":"错误"}]},{"QuestionID":338,"QuestionType":"禁毒知识","Content":"鸦片、合成大麻、海洛因、可卡因是传统毒品。","Score":5,"Options":[{"Sign":"A","Content":"正确"},{"Sign":"B","Content":"错误"}]},{"QuestionID":75,"QuestionType":"禁毒知识","Content":"复吸的一律强制隔离戒毒。","Score":5,"Options":[{"Sign":"A","Content":"正确"},{"Sign":"B","Content":"错误"}]},{"QuestionID":433,"QuestionType":"禁毒知识","Content":"《全国青少年毒品预防教育规划（2016—2018）》要求，毒情严重地区每个学校至少配备一名校外(  )。","Score":5,"Options":[{"Sign":"A","Content":"法制副校长"},{"Sign":"B","Content":"禁毒辅导员"},{"Sign":"C","Content":"禁毒副校长"}]},{"QuestionID":250,"QuestionType":"禁毒知识","Content":"我国《禁毒法》明确了“打击为主”的禁毒方针。","Score":5,"Options":[{"Sign":"A","Content":"正确"},{"Sign":"B","Content":"错误"}]},{"QuestionID":237,"QuestionType":"禁毒知识","Content":"（）是被滥用最早的毒品，历史悠久，地域广泛，滥用者众多。","Score":5,"Options":[{"Sign":"A","Content":"可卡因"},{"Sign":"B","Content":"阿片类毒品"},{"Sign":"C","Content":"苯丙胺类兴奋剂"},{"Sign":"D","Content":"大麻"}]},{"QuestionID":418,"QuestionType":"禁毒知识","Content":"只要自己的吸毒行为没有危害到社会、家庭和他人的生活，就是合法的。以上说法正确吗？","Score":5,"Options":[{"Sign":"A","Content":"正确"},{"Sign":"B","Content":"错误"}]},{"QuestionID":301,"QuestionType":"禁毒知识","Content":"吸烟会使肺癌的发生几率增加，从而威胁人们的身体健康。（  ）","Score":5,"Options":[{"Sign":"A","Content":"正确"},{"Sign":"B","Content":"错误"}]},{"QuestionID":359,"QuestionType":"禁毒知识","Content":"以下几种毒品，成瘾性和毒副作用最强的是（　）。","Score":5,"Options":[{"Sign":"A","Content":"古柯叶"},{"Sign":"B","Content":"海洛因"},{"Sign":"C","Content":"鸦片"},{"Sign":"D","Content":"大麻"}]},{"QuestionID":399,"QuestionType":"禁毒知识","Content":"在我国目前现有的几种戒毒模式中，具有限制人身自由的行政强制措施性质的是（　） 。","Score":5,"Options":[{"Sign":"A","Content":"自愿戒毒"},{"Sign":"B","Content":"社区戒毒与社区康复"},{"Sign":"C","Content":"强制隔离戒毒"},{"Sign":"D","Content":"以上均不属于"}]},{"QuestionID":3,"QuestionType":"禁毒知识","Content":"“国际禁毒日”是每年的（  ）。","Score":5,"Options":[{"Sign":"A","Content":"7月9日"},{"Sign":"B","Content":"6月26日"},{"Sign":"C","Content":"12月1日"},{"Sign":"D","Content":"5月17日"}]},{"QuestionID":193,"QuestionType":"禁毒知识","Content":"吸食可卡因可能导致心律不齐，血压升高，心肺与肝功能损害，丧失判断能力，产生幻觉出现自杀等。这种说法正确吗？","Score":5,"Options":[{"Sign":"A","Content":"正确"},{"Sign":"B","Content":"错误"}]},{"QuestionID":70,"QuestionType":"禁毒知识","Content":"非法持有甲基苯丙胺（即冰毒）（　）以上的，构成非法持有毒品罪。","Score":5,"Options":[{"Sign":"A","Content":"5克"},{"Sign":"B","Content":"10克"},{"Sign":"C","Content":"15克"},{"Sign":"D","Content":"20克"}]},{"QuestionID":296,"QuestionType":"禁毒知识","Content":"全球吸毒人数多达2.5亿人，其中大多数是（　）。","Score":5,"Options":[{"Sign":"A","Content":"未成年人"},{"Sign":"B","Content":"成年人"},{"Sign":"C","Content":"老人"}]},{"QuestionID":81,"QuestionType":"禁毒知识","Content":"根据市场需求与大众要求，依法可以生产、经营、使用、储存、运输麻醉药品和精神药品。","Score":5,"Options":[{"Sign":"A","Content":"正确"},{"Sign":"B","Content":"错误"}]},{"QuestionID":150,"QuestionType":"禁毒知识","Content":"青少年涉毒犯罪的特征表现为：低龄化趋势明显，吸毒犯罪者居多。","Score":5,"Options":[{"Sign":"A","Content":"正确"},{"Sign":"B","Content":"错误"}]},{"QuestionID":253,"QuestionType":"禁毒知识","Content":"我国《刑法》规定走私、贩卖、运输、制造毒品，无论数量多少，都应当追究刑事责任。","Score":5,"Options":[{"Sign":"A","Content":"正确"},{"Sign":"B","Content":"错误"}]},{"QuestionID":174,"QuestionType":"禁毒知识","Content":"我国对毒品违法犯罪尚不够成犯罪的行为予以处罚，处罚的形式有警告、罚款、行政拘留和吊销公安机关发放的许可证。","Score":5,"Options":[{"Sign":"A","Content":"正确"},{"Sign":"B","Content":"错误"}]},{"QuestionID":128,"QuestionType":"禁毒知识","Content":"李某为炫耀，将50克冰毒放在身上，后被民警抓获，李某构成（　）。","Score":5,"Options":[{"Sign":"A","Content":"吸毒"},{"Sign":"B","Content":"非法持有毒品罪"},{"Sign":"C","Content":"贩卖毒品罪"},{"Sign":"D","Content":"窝藏毒品罪"}]},{"QuestionID":205,"QuestionType":"禁毒知识","Content":"以下哪个法令中第一次明确了保护青少年不受毒品危害的规定。（  ）","Score":5,"Options":[{"Sign":"A","Content":"《刑法》"},{"Sign":"B","Content":"《预防未成年人犯罪法》"},{"Sign":"C","Content":"《未成年人保护法》"},{"Sign":"D","Content":"《危险毒品条例》"}]}]}