{"RandomPaperID":404,"Questions":[{"QuestionID":53,"QuestionType":"禁毒知识","Content":"毒品区别于其他毒物的自然特征是（　） 。","Score":5,"Options":[{"Sign":"A","Content":"非法性"},{"Sign":"B","Content":"成瘾性"},{"Sign":"C","Content":"危害性"},{"Sign":"D","Content":"合法性"}]},{"QuestionID":138,"QuestionType":"禁毒知识","Content":"蘑菇是一种蔬菜。郊外雨后的草地上长出了漂亮的新鲜蘑菇，所以我们可以把这些漂亮的野蘑菇随便采回家里做菜吃。（  ）","Score":5,"Options":[{"Sign":"A","Content":"正确"},{"Sign":"B","Content":"错误"}]},{"QuestionID":54,"QuestionType":"禁毒知识","Content":"毒品是使用后能够产生（　）的物质。","Score":5,"Options":[{"Sign":"A","Content":"危害性"},{"Sign":"B","Content":"依赖性"},{"Sign":"C","Content":"兴奋性"},{"Sign":"D","Content":"抑制性"}]},{"QuestionID":286,"QuestionType":"禁毒知识","Content":"吸毒者把可卡因称作“自由垒”或者“快乐客”。","Score":5,"Options":[{"Sign":"A","Content":"正确"},{"Sign":"B","Content":"错误"}]},{"QuestionID":62,"QuestionType":"禁毒知识","Content":"对于容留他人吸食、注射毒品或者介绍买卖毒品，构成犯罪的，依法追究刑事责任;尚不构成犯罪的，由公安机关处十日以上十五日以下拘留，可以并处三千元以下罚款。","Score":5,"Options":[{"Sign":"A","Content":"正确"},{"Sign":"B","Content":"错误"}]},{"QuestionID":333,"QuestionType":"禁毒知识","Content":"（）是指对中枢神经有麻醉作用,连续使用后易产生身体依赖性、能形成瘾癖的药品。","Score":5,"Options":[{"Sign":"A","Content":"麻醉药品"},{"Sign":"B","Content":"精神药品"},{"Sign":"C","Content":"新精神活性物质"}]},{"QuestionID":377,"QuestionType":"禁毒知识","Content":"罂粟是几年生草本植物？（  ）","Score":5,"Options":[{"Sign":"A","Content":"1"},{"Sign":"B","Content":"2"},{"Sign":"C","Content":"3"}]},{"QuestionID":37,"QuestionType":"禁毒知识","Content":"成瘾是由于(  )某种有依赖性药物或物质引起的一种慢性中毒状态。","Score":5,"Options":[{"Sign":"A","Content":"反复使用"},{"Sign":"B","Content":"一次使用"},{"Sign":"C","Content":"偶尔使用"},{"Sign":"D","Content":"曾经使用"}]},{"QuestionID":144,"QuestionType":"禁毒知识","Content":"强迫他人吸毒、注射毒品的，处（    ）有期徒刑，并处罚金。","Score":5,"Options":[{"Sign":"A","Content":"1年以上3年以下"},{"Sign":"B","Content":"3年以上6年以下"},{"Sign":"C","Content":"3年以上10年以下"},{"Sign":"D","Content":"3年以上7年以下"}]},{"QuestionID":150,"QuestionType":"禁毒知识","Content":"青少年涉毒犯罪的特征表现为：低龄化趋势明显，吸毒犯罪者居多。","Score":5,"Options":[{"Sign":"A","Content":"正确"},{"Sign":"B","Content":"错误"}]},{"QuestionID":367,"QuestionType":"禁毒知识","Content":"以下属于生活技能教育主要内容的是（　）  。","Score":5,"Options":[{"Sign":"A","Content":"正确的自我认识"},{"Sign":"B","Content":"学会倾听、有效交流与沟通"},{"Sign":"C","Content":"调节情绪，缓解紧张和压力"},{"Sign":"D","Content":"以上A.B.C三项表述均是"}]},{"QuestionID":152,"QuestionType":"禁毒知识","Content":"青少年吸毒的原因是什么？（  ）","Score":5,"Options":[{"Sign":"A","Content":"好奇与虚荣"},{"Sign":"B","Content":"追求刺激"},{"Sign":"C","Content":"朋友的怂恿和心理障碍"},{"Sign":"D","Content":"以上选项都是"}]},{"QuestionID":399,"QuestionType":"禁毒知识","Content":"在我国目前现有的几种戒毒模式中，具有限制人身自由的行政强制措施性质的是（　） 。","Score":5,"Options":[{"Sign":"A","Content":"自愿戒毒"},{"Sign":"B","Content":"社区戒毒与社区康复"},{"Sign":"C","Content":"强制隔离戒毒"},{"Sign":"D","Content":"以上均不属于"}]},{"QuestionID":10,"QuestionType":"禁毒知识","Content":"经强制隔离戒毒后又吸食，注射毒品的，构成吸食毒品罪。","Score":5,"Options":[{"Sign":"A","Content":"正确"},{"Sign":"B","Content":"错误"}]},{"QuestionID":398,"QuestionType":"禁毒知识","Content":"在食品中掺用罂粟壳的行为，不构成犯罪，也无需进行行政处罚。","Score":5,"Options":[{"Sign":"A","Content":"正确"},{"Sign":"B","Content":"错误"}]},{"QuestionID":183,"QuestionType":"禁毒知识","Content":"吸毒的危害有哪些方面？（  ）","Score":5,"Options":[{"Sign":"A","Content":"危害个人，包括：摧残人的身体、扭曲人格、引发自伤、自残、自杀的行为、传播疾病等。"},{"Sign":"B","Content":"危害家庭，包括：对家庭成员身心摧残、导致倾家荡产、家破人亡、贻害后代等。"},{"Sign":"C","Content":"危害社会，包括：诱发违法犯罪、影响国民素质、吞噬社会巨额财富、影响国计民生等。"},{"Sign":"D","Content":"A.B和C"}]},{"QuestionID":298,"QuestionType":"禁毒知识","Content":"吸食合成毒品危害比较传统毒品要小。","Score":5,"Options":[{"Sign":"A","Content":"正确"},{"Sign":"B","Content":"错误"}]},{"QuestionID":173,"QuestionType":"禁毒知识","Content":"我国的吸毒现象已遍及社会各阶层、各年龄段。","Score":5,"Options":[{"Sign":"A","Content":"正确"},{"Sign":"B","Content":"错误"}]},{"QuestionID":109,"QuestionType":"禁毒知识","Content":"教育部门应编写禁毒教材，各级各类学校必须专门开设禁毒教育课，将禁毒教育列为学校教育的内容。","Score":5,"Options":[{"Sign":"A","Content":"正确"},{"Sign":"B","Content":"错误"}]},{"QuestionID":381,"QuestionType":"禁毒知识","Content":"由于我国西南边境毗邻世界最主要的毒源地（　），造成毒源地的毒品大量流入我国，部分经我国中转走私到其他国家和地区。","Score":5,"Options":[{"Sign":"A","Content":"金三角"},{"Sign":"B","Content":"银三角"},{"Sign":"C","Content":"金新月"}]}]}