{"RandomPaperID":405,"Questions":[{"QuestionID":146,"QuestionType":"禁毒知识","Content":"强制隔离戒毒的期限为（ ）。","Score":5,"Options":[{"Sign":"A","Content":"1年"},{"Sign":"B","Content":"2年"},{"Sign":"C","Content":"3年"},{"Sign":"D","Content":"6个月"}]},{"QuestionID":229,"QuestionType":"禁毒知识","Content":"社区戒毒为我国现有戒毒模式之一，其虽具有强制性但却不得限制人身自由，此模式期限为（　）。","Score":5,"Options":[{"Sign":"A","Content":"2年"},{"Sign":"B","Content":"3年"},{"Sign":"C","Content":"1年"},{"Sign":"D","Content":"6个月"}]},{"QuestionID":354,"QuestionType":"禁毒知识","Content":"一位“朋友”以“参加朋友聚会”为由将你带至他的家中，然后提出玩点“小刺激”，引诱你使用某种物品，你应该选择的拒绝方式是（  ）","Score":5,"Options":[{"Sign":"A","Content":"直接说不"},{"Sign":"B","Content":"寻找借口离开"},{"Sign":"C","Content":"提出新建议"},{"Sign":"D","Content":"ABC都是"}]},{"QuestionID":244,"QuestionType":"禁毒知识","Content":"为了安全起见，我们应该拒绝陌生人给的糖果、点心或任何饮料。（  ）","Score":5,"Options":[{"Sign":"A","Content":"正确"},{"Sign":"B","Content":"错误"}]},{"QuestionID":282,"QuestionType":"禁毒知识","Content":"吸毒人员王某主动到公安机关登记，接受戒毒治疗，对王某的原吸毒行为（  ）","Score":5,"Options":[{"Sign":"A","Content":"从轻处罚"},{"Sign":"B","Content":"减轻处罚"},{"Sign":"C","Content":"不予处罚"}]},{"QuestionID":145,"QuestionType":"禁毒知识","Content":"强制隔离戒毒场所应当根据戒毒人员吸食、注射毒品的种类及成瘾程度等，对戒毒人员进行有针对性的生理、心理治疗和身体康复训练。以上说法正确吗？（  ）","Score":5,"Options":[{"Sign":"A","Content":"正确"},{"Sign":"B","Content":"错误"}]},{"QuestionID":24,"QuestionType":"禁毒知识","Content":"《禁毒法》规定，娱乐场所应当建立（  ）制度，发现娱乐场所内有毒品违法犯罪活动的，应当立即向公安机关报告。","Score":5,"Options":[{"Sign":"A","Content":"巡查"},{"Sign":"B","Content":"巡逻"},{"Sign":"C","Content":"检查"},{"Sign":"D","Content":"清查"}]},{"QuestionID":270,"QuestionType":"禁毒知识","Content":"吸毒的人毒瘾会越来越大。","Score":5,"Options":[{"Sign":"A","Content":"正确"},{"Sign":"B","Content":"错误"}]},{"QuestionID":409,"QuestionType":"禁毒知识","Content":"长期吸毒会使吸毒者沉溺于虚幻的自我体验中而不能自拔，使其丧失对生活的热爱、丧失对人际交往的兴趣，而这反映毒品对青少年（　） 的危害。","Score":5,"Options":[{"Sign":"A","Content":"身体健康方面"},{"Sign":"B","Content":"心理健康方面"},{"Sign":"C","Content":"社会发展方面"},{"Sign":"D","Content":"以上三项均不对"}]},{"QuestionID":30,"QuestionType":"禁毒知识","Content":"《中华人民共和国刑法》规定，走私、贩卖、运输、制造鸦片一千克以上、海洛因或者甲基苯丙胺（　）克以上或者其他毒品数量大的，处十五年有期徒刑、无期徒刑或者死刑，并处没收财产。","Score":5,"Options":[{"Sign":"A","Content":"十"},{"Sign":"B","Content":"二十"},{"Sign":"C","Content":"五十"},{"Sign":"D","Content":"一百"}]},{"QuestionID":107,"QuestionType":"禁毒知识","Content":"合成毒品直接作用于人的（　）  。","Score":5,"Options":[{"Sign":"A","Content":"大脑"},{"Sign":"B","Content":"心脏"},{"Sign":"C","Content":"中枢神经"},{"Sign":"D","Content":"肌肉"}]},{"QuestionID":63,"QuestionType":"禁毒知识","Content":"对于吸毒成瘾严重，通过社区戒毒难以戒除毒瘾的人员，公安机关可以直接作出强制隔离戒毒的决定。以上说法正确吗？","Score":5,"Options":[{"Sign":"A","Content":"正确"},{"Sign":"B","Content":"错误"}]},{"QuestionID":32,"QuestionType":"禁毒知识","Content":"K粉呈白色结晶粉末状，易溶于水，可随意勾兑进饮料。","Score":5,"Options":[{"Sign":"A","Content":"正确"},{"Sign":"B","Content":"错误"}]},{"QuestionID":152,"QuestionType":"禁毒知识","Content":"青少年吸毒的原因是什么？（  ）","Score":5,"Options":[{"Sign":"A","Content":"好奇与虚荣"},{"Sign":"B","Content":"追求刺激"},{"Sign":"C","Content":"朋友的怂恿和心理障碍"},{"Sign":"D","Content":"以上选项都是"}]},{"QuestionID":203,"QuestionType":"禁毒知识","Content":"一个完整的戒毒过程，包含（ ）。","Score":5,"Options":[{"Sign":"A","Content":"脱毒、康复、回归社会三部分"},{"Sign":"B","Content":"B强制戒毒一部分"},{"Sign":"C","Content":"社区戒毒"},{"Sign":"D","Content":"社区康复"}]},{"QuestionID":92,"QuestionType":"禁毒知识","Content":"国家对麻醉药品、精神药品和易制毒化学品的进口、出口实行许可制度。国务院有关部门应当按照规定的职责，对进口、出口麻醉药品、精神药品和易制毒化学品依法进行管理。禁止走私麻醉药品、精神药品和易制毒化学品。以上说法正确吗？（  ）","Score":5,"Options":[{"Sign":"A","Content":"正确"},{"Sign":"B","Content":"错误"}]},{"QuestionID":189,"QuestionType":"禁毒知识","Content":"吸食K粉、摇头丸等药物会导致血压上升、心跳过快、心律失常，甚至可能诱发精神分裂症及急性心脑疾病。但不会致人死亡。","Score":5,"Options":[{"Sign":"A","Content":"正确"},{"Sign":"B","Content":"错误"}]},{"QuestionID":275,"QuestionType":"禁毒知识","Content":"吸毒行为可以通过采集当事人血液、尿液或毛发等检测出来。","Score":5,"Options":[{"Sign":"A","Content":"正确"},{"Sign":"B","Content":"错误"}]},{"QuestionID":427,"QuestionType":"禁毒知识","Content":"众多种类的毒品之中有很多的致幻剂，（　）是已知药力最强的致幻剂之一。","Score":5,"Options":[{"Sign":"A","Content":"K粉"},{"Sign":"B","Content":"三唑伦"},{"Sign":"C","Content":"麦角酰二乙胺"},{"Sign":"D","Content":"可卡因"}]},{"QuestionID":12,"QuestionType":"禁毒知识","Content":"吸毒成瘾人员自愿接受强制隔离戒毒的，经公安机关同意，可以进入强制隔离戒毒场所戒毒。","Score":5,"Options":[{"Sign":"A","Content":"正确"},{"Sign":"B","Content":"错误"}]}]}