{"RandomPaperID":408,"Questions":[{"QuestionID":376,"QuestionType":"禁毒知识","Content":"罂粟壳是罂粟的成熟干燥果壳，呈椭圆形或瓶状卵形，残留有吗啡等成分。","Score":5,"Options":[{"Sign":"A","Content":"正确"},{"Sign":"B","Content":"错误"}]},{"QuestionID":426,"QuestionType":"禁毒知识","Content":"中学生应该怎样做才能远离毒品、拒绝毒品？（  ）","Score":5,"Options":[{"Sign":"A","Content":"了解毒品的特征"},{"Sign":"B","Content":"认识到毒品的危害"},{"Sign":"C","Content":"能够辨别毒品"},{"Sign":"D","Content":"以上选项都是"}]},{"QuestionID":164,"QuestionType":"禁毒知识","Content":"申请成为禁毒志愿者的年龄要求是（  ）。","Score":5,"Options":[{"Sign":"A","Content":"没要求"},{"Sign":"B","Content":"14周岁以上"},{"Sign":"C","Content":"16周岁以上"},{"Sign":"D","Content":"18周岁以上"}]},{"QuestionID":82,"QuestionType":"禁毒知识","Content":"根据我国《机动车驾驶证申领和使用规定》，吸食、注射毒品、长期服用依赖性精神药品成瘾尚未戒除的，可申请机动车驾驶证，但须定期接受检测。","Score":5,"Options":[{"Sign":"A","Content":"正确"},{"Sign":"B","Content":"错误"}]},{"QuestionID":68,"QuestionType":"禁毒知识","Content":"贩卖毒品应当（  ）。","Score":5,"Options":[{"Sign":"A","Content":"批评教育"},{"Sign":"B","Content":"追究刑事责任"},{"Sign":"C","Content":"送劳动教养"},{"Sign":"D","Content":"行政处罚"}]},{"QuestionID":250,"QuestionType":"禁毒知识","Content":"我国《禁毒法》明确了“打击为主”的禁毒方针。","Score":5,"Options":[{"Sign":"A","Content":"正确"},{"Sign":"B","Content":"错误"}]},{"QuestionID":317,"QuestionType":"禁毒知识","Content":"吸毒成瘾的原因有（　）。","Score":5,"Options":[{"Sign":"A","Content":"个人"},{"Sign":"B","Content":"家庭"},{"Sign":"C","Content":"社会"},{"Sign":"D","Content":"以上选项都是"}]},{"QuestionID":244,"QuestionType":"禁毒知识","Content":"为了安全起见，我们应该拒绝陌生人给的糖果、点心或任何饮料。（  ）","Score":5,"Options":[{"Sign":"A","Content":"正确"},{"Sign":"B","Content":"错误"}]},{"QuestionID":294,"QuestionType":"禁毒知识","Content":"吸食毒品，既害国家，又害家庭，更害自己。","Score":5,"Options":[{"Sign":"A","Content":"正确"},{"Sign":"B","Content":"错误"}]},{"QuestionID":392,"QuestionType":"禁毒知识","Content":"孕妇涉毒犯罪有可能免除刑责。","Score":5,"Options":[{"Sign":"A","Content":"正确"},{"Sign":"B","Content":"错误"}]},{"QuestionID":146,"QuestionType":"禁毒知识","Content":"强制隔离戒毒的期限为（ ）。","Score":5,"Options":[{"Sign":"A","Content":"1年"},{"Sign":"B","Content":"2年"},{"Sign":"C","Content":"3年"},{"Sign":"D","Content":"6个月"}]},{"QuestionID":60,"QuestionType":"禁毒知识","Content":"对严重违反社区戒毒协议或者在社区戒毒期间又吸食、注射毒品的，参与社区戒毒的工作人员应当（ ）。","Score":5,"Options":[{"Sign":"A","Content":"进行劝导"},{"Sign":"B","Content":"进行批评、教育"},{"Sign":"C","Content":"及时向公安机关报告"},{"Sign":"D","Content":"对其执行强制隔离戒毒"}]},{"QuestionID":239,"QuestionType":"禁毒知识","Content":"安定有助于睡眠，可以擅自服用，不需医生指导使用，也不会对身体造成什么危害。","Score":5,"Options":[{"Sign":"A","Content":"正确"},{"Sign":"B","Content":"错误"}]},{"QuestionID":94,"QuestionType":"禁毒知识","Content":"国家对易制毒化学品的生产、经营、购买、运输实行（ ）制度。","Score":5,"Options":[{"Sign":"A","Content":"审查"},{"Sign":"B","Content":"许可"},{"Sign":"C","Content":"管理"},{"Sign":"D","Content":"禁止"}]},{"QuestionID":53,"QuestionType":"禁毒知识","Content":"毒品区别于其他毒物的自然特征是（　） 。","Score":5,"Options":[{"Sign":"A","Content":"非法性"},{"Sign":"B","Content":"成瘾性"},{"Sign":"C","Content":"危害性"},{"Sign":"D","Content":"合法性"}]},{"QuestionID":393,"QuestionType":"禁毒知识","Content":"依据毒品对于大脑中枢神经的作用，杜冷丁属于（  ）。","Score":5,"Options":[{"Sign":"A","Content":"兴奋类"},{"Sign":"B","Content":"抑制剂"},{"Sign":"C","Content":"致幻剂"}]},{"QuestionID":238,"QuestionType":"禁毒知识","Content":"印度人最早将鸦片传入中国。","Score":5,"Options":[{"Sign":"A","Content":"正确"},{"Sign":"B","Content":"错误"}]},{"QuestionID":248,"QuestionType":"禁毒知识","Content":"卫生行政部门应当加强对强制隔离戒毒场所执业医师的业务指导和监督管理。","Score":5,"Options":[{"Sign":"A","Content":"正确"},{"Sign":"B","Content":"错误"}]},{"QuestionID":350,"QuestionType":"禁毒知识","Content":"要拒绝毒品我们只要知道毒品的危害，吸毒、贩毒就是违法犯罪即可。","Score":5,"Options":[{"Sign":"A","Content":"正确"},{"Sign":"B","Content":"错误"}]},{"QuestionID":260,"QuestionType":"禁毒知识","Content":"我国目前吸毒人员主要以吸食海洛因为主，大约占70%以上。","Score":5,"Options":[{"Sign":"A","Content":"正确"},{"Sign":"B","Content":"错误"}]}]}