{"RandomPaperID":411,"Questions":[{"QuestionID":287,"QuestionType":"禁毒知识","Content":"吸毒者不健康的心理有盲目好奇、慕虚荣、赶时髦、追求刺激和享乐、赌气或逆反、无知和轻信、自暴自弃。","Score":5,"Options":[{"Sign":"A","Content":"正确"},{"Sign":"B","Content":"错误"}]},{"QuestionID":294,"QuestionType":"禁毒知识","Content":"吸食毒品，既害国家，又害家庭，更害自己。","Score":5,"Options":[{"Sign":"A","Content":"正确"},{"Sign":"B","Content":"错误"}]},{"QuestionID":353,"QuestionType":"禁毒知识","Content":"要养成良好的生活习惯、行为习惯，不吸烟，不饮酒，不涉足青少年不宜进入的场所，包括歌舞厅、游戏厅、酒吧等地方，以（  ）。","Score":5,"Options":[{"Sign":"A","Content":"远离毒品"},{"Sign":"B","Content":"亲近毒品"}]},{"QuestionID":256,"QuestionType":"禁毒知识","Content":"我国近代史中的第一次“鸦片战争”是哪国发起的？","Score":5,"Options":[{"Sign":"A","Content":"美国"},{"Sign":"B","Content":"德国"},{"Sign":"C","Content":"英国"},{"Sign":"D","Content":"日本"}]},{"QuestionID":103,"QuestionType":"禁毒知识","Content":"海洛因吸毒者的典型体征是（　）。","Score":5,"Options":[{"Sign":"A","Content":"瞳孔缩小呈针尖样"},{"Sign":"B","Content":"瞳孔放大，不聚光"},{"Sign":"C","Content":"身体瘦弱"},{"Sign":"D","Content":"身体浮肿"}]},{"QuestionID":344,"QuestionType":"禁毒知识","Content":"摇头丸具有兴奋与致幻双重作用，在药力作用下，用药者的时间概念和认知会混乱，因而表现出超乎寻常的活跃。","Score":5,"Options":[{"Sign":"A","Content":"正确"},{"Sign":"B","Content":"错误"}]},{"QuestionID":368,"QuestionType":"禁毒知识","Content":"以下属于吸毒者吸食毒品原因的是（　）。","Score":5,"Options":[{"Sign":"A","Content":"无知和亲信"},{"Sign":"B","Content":"借助吸毒逃避现实，寻求解脱"},{"Sign":"C","Content":"受贩毒者引诱、处境性滥用"},{"Sign":"D","Content":"以上A.B.C三项表述均是"}]},{"QuestionID":157,"QuestionType":"禁毒知识","Content":"容留他人吸食、注射毒品或者介绍买卖毒品，构成犯罪的，依法追究刑事责任；尚不构成犯罪的，由公安机关处十日以上十五日以下拘留，可以并处三千元以下罚款；情节较轻的，处五日以下拘留或者五百元以下罚款。以上说法正确吗？（  ）","Score":5,"Options":[{"Sign":"A","Content":"正确"},{"Sign":"B","Content":"不正确"}]},{"QuestionID":117,"QuestionType":"禁毒知识","Content":"戒毒治疗不得以营利为目的。","Score":5,"Options":[{"Sign":"A","Content":"正确"},{"Sign":"B","Content":"错误"}]},{"QuestionID":276,"QuestionType":"禁毒知识","Content":"吸毒会败坏社会风气，腐蚀人的灵魂，摧毁民族精神。","Score":5,"Options":[{"Sign":"A","Content":"正确"},{"Sign":"B","Content":"错误"}]},{"QuestionID":386,"QuestionType":"禁毒知识","Content":"有效的戒毒方法包括药物治疗、物理治疗和心理社会治疗、行为矫治等。","Score":5,"Options":[{"Sign":"A","Content":"正确"},{"Sign":"B","Content":"错误"}]},{"QuestionID":199,"QuestionType":"禁毒知识","Content":"下列原因中，在吸毒人群中初次吸毒比例最高的是（  ）。","Score":5,"Options":[{"Sign":"A","Content":"好奇心驱使"},{"Sign":"B","Content":"他人引诱"},{"Sign":"C","Content":"取乐解闷"},{"Sign":"D","Content":"D赶时髦"}]},{"QuestionID":55,"QuestionType":"禁毒知识","Content":"毒品与药品，往往具有双重属性，只要为人解除痛苦的就是药品。","Score":5,"Options":[{"Sign":"A","Content":"正确"},{"Sign":"B","Content":"错误"}]},{"QuestionID":76,"QuestionType":"禁毒知识","Content":"各级人民政府应当建立毒品违法犯罪举报制度。","Score":5,"Options":[{"Sign":"A","Content":"正确"},{"Sign":"B","Content":"错误"}]},{"QuestionID":210,"QuestionType":"禁毒知识","Content":"罂粟籽属于一种毒品原料。","Score":5,"Options":[{"Sign":"A","Content":"正确"},{"Sign":"B","Content":"错误"}]},{"QuestionID":130,"QuestionType":"禁毒知识","Content":"氯胺酮，是一种静脉全麻药，也用作兽用麻醉药，但是一般人只要足量接触二、三次即可上瘾，是一种极度危险的精神药品。","Score":5,"Options":[{"Sign":"A","Content":"正确"},{"Sign":"B","Content":"错误"}]},{"QuestionID":423,"QuestionType":"禁毒知识","Content":"治疗咳嗽的止咳水，因为只是一种治咳嗽的中药，所以多喝一些不会上瘾","Score":5,"Options":[{"Sign":"A","Content":"正确"},{"Sign":"B","Content":"错误"}]},{"QuestionID":53,"QuestionType":"禁毒知识","Content":"毒品区别于其他毒物的自然特征是（　） 。","Score":5,"Options":[{"Sign":"A","Content":"非法性"},{"Sign":"B","Content":"成瘾性"},{"Sign":"C","Content":"危害性"},{"Sign":"D","Content":"合法性"}]},{"QuestionID":173,"QuestionType":"禁毒知识","Content":"我国的吸毒现象已遍及社会各阶层、各年龄段。","Score":5,"Options":[{"Sign":"A","Content":"正确"},{"Sign":"B","Content":"错误"}]},{"QuestionID":212,"QuestionType":"禁毒知识","Content":"娱乐场所及其（  ）实施毒品违法犯罪行为，或者为进入娱乐场所的人员实施毒品违法犯罪行为提供条件，构成犯罪的，依法追究刑事责任；尚不构成犯罪的，依照有关法律、行政法规的规定给予处罚。","Score":5,"Options":[{"Sign":"A","Content":"法人"},{"Sign":"B","Content":"投资方"},{"Sign":"C","Content":"经理"},{"Sign":"D","Content":"从业人员"}]}]}