{"RandomPaperID":414,"Questions":[{"QuestionID":432,"QuestionType":"禁毒知识","Content":"学校是毒品预防教育的主阵地，课堂是主渠道","Score":5,"Options":[{"Sign":"A","Content":"正确"},{"Sign":"B","Content":"错误"}]},{"QuestionID":71,"QuestionType":"禁毒知识","Content":"非法性是毒品的法律属性。凡违反有关规定，用于非医疗、科研目的而制造、运输、销售使用麻醉药品和精神药品是，这些药品就是毒品，此类行为就是非法行为。","Score":5,"Options":[{"Sign":"A","Content":"正确"},{"Sign":"B","Content":"错误"}]},{"QuestionID":2,"QuestionType":"禁毒知识","Content":"鸦片是一种无色、无味的物质。","Score":5,"Options":[{"Sign":"A","Content":"正确"},{"Sign":"B","Content":"错误"}]},{"QuestionID":192,"QuestionType":"禁毒知识","Content":"吸食过量大麻烟可引起气管炎、咽炎、气喘发作、喉头水肿等疾病。","Score":5,"Options":[{"Sign":"A","Content":"正确"},{"Sign":"B","Content":"错误"}]},{"QuestionID":303,"QuestionType":"禁毒知识","Content":"下列毒品中属于抑制剂类毒品的是（  ）。","Score":5,"Options":[{"Sign":"A","Content":"冰毒"},{"Sign":"B","Content":"摇头丸"},{"Sign":"C","Content":"海洛因"},{"Sign":"D","Content":"麦斯卡林"}]},{"QuestionID":407,"QuestionType":"禁毒知识","Content":"长久以来，有人认为若只是偶尔吸食毒品，对于吸食者是不会成瘾。其实这个说法是错误的。","Score":5,"Options":[{"Sign":"A","Content":"正确"},{"Sign":"B","Content":"错误"}]},{"QuestionID":10,"QuestionType":"禁毒知识","Content":"经强制隔离戒毒后又吸食，注射毒品的，构成吸食毒品罪。","Score":5,"Options":[{"Sign":"A","Content":"正确"},{"Sign":"B","Content":"错误"}]},{"QuestionID":88,"QuestionType":"禁毒知识","Content":"公安机关在吸毒检测过程中，采集女性被检测人尿液检测样本，应由（  ）进行。","Score":5,"Options":[{"Sign":"A","Content":"检测人"},{"Sign":"B","Content":"民警"},{"Sign":"C","Content":"女性工作人员"},{"Sign":"D","Content":"医生"}]},{"QuestionID":18,"QuestionType":"禁毒知识","Content":"《禁毒法》规定，国家采取各种措施帮助吸毒人员戒除毒瘾，（  ）吸毒人员。吸毒成瘾人员应当进行戒毒治疗。","Score":5,"Options":[{"Sign":"A","Content":"打击处理"},{"Sign":"B","Content":"依法惩治"},{"Sign":"C","Content":"教育和挽救"},{"Sign":"D","Content":"收容看管"}]},{"QuestionID":434,"QuestionType":"禁毒知识","Content":"十九大报告提出完善以(  )为核心的中国特色社会主义法律体系，建设中国特色社会主义法治体系。","Score":5,"Options":[{"Sign":"A","Content":"党章"},{"Sign":"B","Content":"宪法"},{"Sign":"C","Content":"党纪国法"},{"Sign":"D","Content":"全民守法"}]},{"QuestionID":343,"QuestionType":"禁毒知识","Content":"摇头丸就像跳跳糖或是跑跑糖一样，是一种娱乐食品，不是毒品。（  ）","Score":5,"Options":[{"Sign":"A","Content":"正确"},{"Sign":"B","Content":"错误"}]},{"QuestionID":22,"QuestionType":"禁毒知识","Content":"《禁毒法》规定，禁止非法（  ）麻醉药品、精神药品和易制毒化学品的制造方法。公安机关接到举报或者发现此类情况，应当及时依法查处。","Score":5,"Options":[{"Sign":"A","Content":"贩卖"},{"Sign":"B","Content":"传播"},{"Sign":"C","Content":"传授"},{"Sign":"D","Content":"获取"}]},{"QuestionID":119,"QuestionType":"禁毒知识","Content":"禁毒志愿者在志愿服务中过程中造成服务对象或者其他相关人损害，由组织志愿服务的禁毒青年志愿者组织依法承担民事责任。","Score":5,"Options":[{"Sign":"A","Content":"正确"},{"Sign":"B","Content":"错误"}]},{"QuestionID":306,"QuestionType":"禁毒知识","Content":"下列哪项措施不是社区戒毒工作小组对社区戒毒人员实施的管理、帮助措施？（  ）","Score":5,"Options":[{"Sign":"A","Content":"戒毒知识辅导"},{"Sign":"B","Content":"限制人身自由"},{"Sign":"C","Content":"教育、劝诫"}]},{"QuestionID":321,"QuestionType":"禁毒知识","Content":"下面关于大麻的说法哪个不对？（  ）","Score":5,"Options":[{"Sign":"A","Content":"大麻在许多国家都不算毒品，不会成瘾，对人体没有什么危害，偶尔尝一下没关系。"},{"Sign":"B","Content":"大麻是世界范围内滥用最严重的毒品之一。"},{"Sign":"C","Content":"长期使用大麻容易成瘾并引发痴呆。"}]},{"QuestionID":131,"QuestionType":"禁毒知识","Content":"麻古具有强烈的兴奋和致幻功能，吸食后容易造成人体中枢神经（　）的损伤。","Score":5,"Options":[{"Sign":"A","Content":"不可逆性"},{"Sign":"B","Content":"可逆性"},{"Sign":"C","Content":"一过性"},{"Sign":"D","Content":"临时性"}]},{"QuestionID":150,"QuestionType":"禁毒知识","Content":"青少年涉毒犯罪的特征表现为：低龄化趋势明显，吸毒犯罪者居多。","Score":5,"Options":[{"Sign":"A","Content":"正确"},{"Sign":"B","Content":"错误"}]},{"QuestionID":157,"QuestionType":"禁毒知识","Content":"容留他人吸食、注射毒品或者介绍买卖毒品，构成犯罪的，依法追究刑事责任；尚不构成犯罪的，由公安机关处十日以上十五日以下拘留，可以并处三千元以下罚款；情节较轻的，处五日以下拘留或者五百元以下罚款。以上说法正确吗？（  ）","Score":5,"Options":[{"Sign":"A","Content":"正确"},{"Sign":"B","Content":"不正确"}]},{"QuestionID":99,"QuestionType":"禁毒知识","Content":"国家严格管制戒毒药品的研究、生产、供应和使用。","Score":5,"Options":[{"Sign":"A","Content":"正确"},{"Sign":"B","Content":"错误"}]},{"QuestionID":277,"QuestionType":"禁毒知识","Content":"吸毒会耗费越来越多的家庭财产。","Score":5,"Options":[{"Sign":"A","Content":"正确"},{"Sign":"B","Content":"错误"}]}]}