{"RandomPaperID":426,"Questions":[{"QuestionID":395,"QuestionType":"禁毒知识","Content":"在荷兰吸毒，也属违法。","Score":5,"Options":[{"Sign":"A","Content":"正确"},{"Sign":"B","Content":"错误"}]},{"QuestionID":192,"QuestionType":"禁毒知识","Content":"吸食过量大麻烟可引起气管炎、咽炎、气喘发作、喉头水肿等疾病。","Score":5,"Options":[{"Sign":"A","Content":"正确"},{"Sign":"B","Content":"错误"}]},{"QuestionID":5,"QuestionType":"禁毒知识","Content":"“摇头丸”是苯丙胺类的衍生物，是亚甲基二氧甲基苯丙胺的片剂，属中枢神经（  ），是我国规定管制的精神药品。“摇头丸”是其俗称，意为会使人摇头的药丸，吸食者易处于幻觉状态，有暴力攻击倾向。","Score":5,"Options":[{"Sign":"A","Content":"麻醉剂"},{"Sign":"B","Content":"兴奋剂"},{"Sign":"C","Content":"抑制剂"},{"Sign":"D","Content":"以上答案都不正确"}]},{"QuestionID":194,"QuestionType":"禁毒知识","Content":"下列不属于戒毒措施的是（  ）。","Score":5,"Options":[{"Sign":"A","Content":"强制隔离戒毒"},{"Sign":"B","Content":"社区康复"},{"Sign":"C","Content":"自愿戒毒"},{"Sign":"D","Content":"治安拘留"}]},{"QuestionID":140,"QuestionType":"禁毒知识","Content":"南美的秘鲁、玻利维亚（　）是可卡因的最大生产基地。（  ）","Score":5,"Options":[{"Sign":"A","Content":"巴西"},{"Sign":"B","Content":"阿根廷"},{"Sign":"C","Content":"哥伦比亚"},{"Sign":"D","Content":"厄瓜多尔"}]},{"QuestionID":83,"QuestionType":"禁毒知识","Content":"根据我国《禁毒法》之规定，目前我国的禁毒模式共有自愿戒毒、社区戒毒、强制隔离戒毒三种。","Score":5,"Options":[{"Sign":"A","Content":"正确"},{"Sign":"B","Content":"错误"}]},{"QuestionID":113,"QuestionType":"禁毒知识","Content":"戒毒人员在（  ）等方面不受歧视。有关部门、组织和人员应当在这些方面对戒毒人员给予必要的指导和帮助。","Score":5,"Options":[{"Sign":"A","Content":"入学"},{"Sign":"B","Content":"就业"},{"Sign":"C","Content":"享受社会保障"},{"Sign":"D","Content":"A.B和C"}]},{"QuestionID":41,"QuestionType":"禁毒知识","Content":"大麻类毒品的主要活性成分是四氢大麻酚。","Score":5,"Options":[{"Sign":"A","Content":"正确"},{"Sign":"B","Content":"错误"}]},{"QuestionID":16,"QuestionType":"禁毒知识","Content":"（ ）俗名“可可精”，是从古柯叶中分离出来的一种最主要的生物碱，属中枢神经兴奋剂，呈白色晶体状，无气味，味略苦而麻，兴奋作用强。","Score":5,"Options":[{"Sign":"A","Content":"海洛因"},{"Sign":"B","Content":"可卡因"},{"Sign":"C","Content":"大麻"},{"Sign":"D","Content":"鸦片"}]},{"QuestionID":122,"QuestionType":"禁毒知识","Content":"精神药品是指由国际禁毒公约和我国法律法规规定管制的、直接作用于人的中枢神经系统，使人兴奋或抑制，连续使用能产生依赖性的药品。","Score":5,"Options":[{"Sign":"A","Content":"正确"},{"Sign":"B","Content":"错误"}]},{"QuestionID":359,"QuestionType":"禁毒知识","Content":"以下几种毒品，成瘾性和毒副作用最强的是（　）。","Score":5,"Options":[{"Sign":"A","Content":"古柯叶"},{"Sign":"B","Content":"海洛因"},{"Sign":"C","Content":"鸦片"},{"Sign":"D","Content":"大麻"}]},{"QuestionID":196,"QuestionType":"禁毒知识","Content":"下列那种表述符合毒品可卡因的危害？（  ）","Score":5,"Options":[{"Sign":"A","Content":"皮下虫行蚁走感，奇痒难忍,造成严重抓伤甚至断肢自残,情绪不稳定,容易引发暴力或攻击行为"},{"Sign":"B","Content":"情感冲动、性欲亢进、嗜舞"},{"Sign":"C","Content":"偏执、妄想、自我约束力下降"},{"Sign":"D","Content":"嗜睡，精神萎靡"}]},{"QuestionID":165,"QuestionType":"禁毒知识","Content":"生理戒断是指尿检呈阴性，戒断症状消失。","Score":5,"Options":[{"Sign":"A","Content":"正确"},{"Sign":"B","Content":"错误"}]},{"QuestionID":167,"QuestionType":"禁毒知识","Content":"身体脱毒只是戒毒过程的第一步，最根本上的是要彻底摆脱（　）才能达到彻底康复。","Score":5,"Options":[{"Sign":"A","Content":"生理依赖性"},{"Sign":"B","Content":"戒断反应"},{"Sign":"C","Content":"心瘾"},{"Sign":"D","Content":"身体不适"}]},{"QuestionID":68,"QuestionType":"禁毒知识","Content":"贩卖毒品应当（  ）。","Score":5,"Options":[{"Sign":"A","Content":"批评教育"},{"Sign":"B","Content":"追究刑事责任"},{"Sign":"C","Content":"送劳动教养"},{"Sign":"D","Content":"行政处罚"}]},{"QuestionID":351,"QuestionType":"禁毒知识","Content":"要树立正确的人生观、价值观、世界观，努力学习，追求进取，正确把握自己的行动与交友，以免走上歧途、误入毒海。","Score":5,"Options":[{"Sign":"A","Content":"对"},{"Sign":"B","Content":"错"}]},{"QuestionID":151,"QuestionType":"禁毒知识","Content":"青少年如何防止吸毒?（  ）","Score":5,"Options":[{"Sign":"A","Content":"接受毒品基本知识和禁毒法律法规教育"},{"Sign":"B","Content":"树立正确的人生观，不盲目追求享受"},{"Sign":"C","Content":"不听信毒品能治病，毒品能解脱烦恼和痛苦"},{"Sign":"D","Content":"以上选项都是"}]},{"QuestionID":80,"QuestionType":"禁毒知识","Content":"根据国务院授权，（　）负责组织开展禁毒国际合作，履行国际禁毒公约义务。","Score":5,"Options":[{"Sign":"A","Content":"国务院"},{"Sign":"B","Content":"国家禁毒委员会"},{"Sign":"C","Content":"全国人大常委会"},{"Sign":"D","Content":"公安部"}]},{"QuestionID":187,"QuestionType":"禁毒知识","Content":"吸毒人员主动到公安机关登记或者到有资质的医疗机构接受戒毒治疗的（ ）。","Score":5,"Options":[{"Sign":"A","Content":"应当处罚"},{"Sign":"B","Content":"可以处罚"},{"Sign":"C","Content":"不予处罚"}]},{"QuestionID":334,"QuestionType":"禁毒知识","Content":"学生也有一份禁毒的责任。","Score":5,"Options":[{"Sign":"A","Content":"正确"},{"Sign":"B","Content":"错误"}]}]}