{"RandomPaperID":433,"Questions":[{"QuestionID":306,"QuestionType":"禁毒知识","Content":"下列哪项措施不是社区戒毒工作小组对社区戒毒人员实施的管理、帮助措施？（  ）","Score":5,"Options":[{"Sign":"A","Content":"戒毒知识辅导"},{"Sign":"B","Content":"限制人身自由"},{"Sign":"C","Content":"教育、劝诫"}]},{"QuestionID":236,"QuestionType":"禁毒知识","Content":"世界上最大的可卡因产地是哪里？（  ）","Score":5,"Options":[{"Sign":"A","Content":"金三角"},{"Sign":"B","Content":"金新月"},{"Sign":"C","Content":"银三角"},{"Sign":"D","Content":"贝卡谷地"}]},{"QuestionID":296,"QuestionType":"禁毒知识","Content":"全球吸毒人数多达2.5亿人，其中大多数是（　）。","Score":5,"Options":[{"Sign":"A","Content":"未成年人"},{"Sign":"B","Content":"成年人"},{"Sign":"C","Content":"老人"}]},{"QuestionID":164,"QuestionType":"禁毒知识","Content":"申请成为禁毒志愿者的年龄要求是（  ）。","Score":5,"Options":[{"Sign":"A","Content":"没要求"},{"Sign":"B","Content":"14周岁以上"},{"Sign":"C","Content":"16周岁以上"},{"Sign":"D","Content":"18周岁以上"}]},{"QuestionID":203,"QuestionType":"禁毒知识","Content":"一个完整的戒毒过程，包含（ ）。","Score":5,"Options":[{"Sign":"A","Content":"脱毒、康复、回归社会三部分"},{"Sign":"B","Content":"B强制戒毒一部分"},{"Sign":"C","Content":"社区戒毒"},{"Sign":"D","Content":"社区康复"}]},{"QuestionID":396,"QuestionType":"禁毒知识","Content":"在容易接触的的毒品中，有一种属于荨麻目大麻科草本植物，其主要有化学成分为四氢大麻酚（THC），它被人们成为“（　） ”。","Score":5,"Options":[{"Sign":"A","Content":"氟硝安定"},{"Sign":"B","Content":"大麻"},{"Sign":"C","Content":"冰毒"},{"Sign":"D","Content":"海洛因"}]},{"QuestionID":434,"QuestionType":"禁毒知识","Content":"十九大报告提出完善以(  )为核心的中国特色社会主义法律体系，建设中国特色社会主义法治体系。","Score":5,"Options":[{"Sign":"A","Content":"党章"},{"Sign":"B","Content":"宪法"},{"Sign":"C","Content":"党纪国法"},{"Sign":"D","Content":"全民守法"}]},{"QuestionID":397,"QuestionType":"禁毒知识","Content":"根据毒品对于人的大脑中枢神经作用，将毒品分为合成类毒品与天然类毒品。","Score":5,"Options":[{"Sign":"A","Content":"正确"},{"Sign":"B","Content":"错误"}]},{"QuestionID":350,"QuestionType":"禁毒知识","Content":"要拒绝毒品我们只要知道毒品的危害，吸毒、贩毒就是违法犯罪即可。","Score":5,"Options":[{"Sign":"A","Content":"正确"},{"Sign":"B","Content":"错误"}]},{"QuestionID":332,"QuestionType":"禁毒知识","Content":"（）是指直接作用于中枢神经系统，使之兴奋或抑制，连续使用能产生依赖性的药品。","Score":5,"Options":[{"Sign":"A","Content":"麻醉药品"},{"Sign":"B","Content":"精神药品"},{"Sign":"C","Content":"新精神活性物质"}]},{"QuestionID":425,"QuestionType":"禁毒知识","Content":"中宣部、中央网信办、公安部等14个部门联合制定的《全国青少年毒品预防教育工作规划（2016——2018）》规定，要力争用3年时间，使18岁以下未成年人涉毒违法犯罪人数占涉毒违法犯罪总人数比例不高于：","Score":5,"Options":[{"Sign":"A","Content":"0.3%"},{"Sign":"B","Content":"0.4%"},{"Sign":"C","Content":"0.5%"},{"Sign":"D","Content":"0.6%"}]},{"QuestionID":417,"QuestionType":"禁毒知识","Content":"只要依靠坚强的意志，戒毒就一定能成功。这种说法正确吗？","Score":5,"Options":[{"Sign":"A","Content":"正确"},{"Sign":"B","Content":"错误"}]},{"QuestionID":372,"QuestionType":"禁毒知识","Content":"易制毒化学品分为三类。第一类是可以用于制毒的主要原料，第二类、第三类是可以用于制毒的化学配剂。以上说法正确吗？（  ）","Score":5,"Options":[{"Sign":"A","Content":"正确"},{"Sign":"B","Content":"错误"}]},{"QuestionID":196,"QuestionType":"禁毒知识","Content":"下列那种表述符合毒品可卡因的危害？（  ）","Score":5,"Options":[{"Sign":"A","Content":"皮下虫行蚁走感，奇痒难忍,造成严重抓伤甚至断肢自残,情绪不稳定,容易引发暴力或攻击行为"},{"Sign":"B","Content":"情感冲动、性欲亢进、嗜舞"},{"Sign":"C","Content":"偏执、妄想、自我约束力下降"},{"Sign":"D","Content":"嗜睡，精神萎靡"}]},{"QuestionID":158,"QuestionType":"禁毒知识","Content":"如果外国人在中国违法犯罪，中国根据属地管辖原则，有权对其违法犯罪行为进行处罚；该外国人所属国的法律规定了有属人管辖原则的，我国无法对该外国人在中国的犯罪行为进行处罚。","Score":5,"Options":[{"Sign":"A","Content":"正确"},{"Sign":"B","Content":"错误"}]},{"QuestionID":202,"QuestionType":"禁毒知识","Content":"要构筑良好的拒毒心理防线只需做到正确把握好奇心，抵制不良诱惑即可。","Score":5,"Options":[{"Sign":"A","Content":"正确"},{"Sign":"B","Content":"错误"}]},{"QuestionID":199,"QuestionType":"禁毒知识","Content":"下列原因中，在吸毒人群中初次吸毒比例最高的是（  ）。","Score":5,"Options":[{"Sign":"A","Content":"好奇心驱使"},{"Sign":"B","Content":"他人引诱"},{"Sign":"C","Content":"取乐解闷"},{"Sign":"D","Content":"D赶时髦"}]},{"QuestionID":159,"QuestionType":"禁毒知识","Content":"如果有人在我们周围大量生产制造冰毒，很容易产生大量刺鼻的刺激性气味。这种说法正确吗？","Score":5,"Options":[{"Sign":"A","Content":"正确"},{"Sign":"B","Content":"错误"}]},{"QuestionID":46,"QuestionType":"禁毒知识","Content":"到民国时期，（　）已经取代英国成为向中国输入毒品最多的国家。","Score":5,"Options":[{"Sign":"A","Content":"美国"},{"Sign":"B","Content":"荷兰"},{"Sign":"C","Content":"日本"},{"Sign":"D","Content":"意大利"}]},{"QuestionID":217,"QuestionType":"禁毒知识","Content":"在吸毒者中，由于无知、好奇，被他人引诱而吸毒的青少年的比例最高。","Score":5,"Options":[{"Sign":"A","Content":"正确"},{"Sign":"B","Content":"错误"}]}]}