{"RandomPaperID":438,"Questions":[{"QuestionID":174,"QuestionType":"禁毒知识","Content":"我国对毒品违法犯罪尚不够成犯罪的行为予以处罚，处罚的形式有警告、罚款、行政拘留和吊销公安机关发放的许可证。","Score":5,"Options":[{"Sign":"A","Content":"正确"},{"Sign":"B","Content":"错误"}]},{"QuestionID":287,"QuestionType":"禁毒知识","Content":"吸毒者不健康的心理有盲目好奇、慕虚荣、赶时髦、追求刺激和享乐、赌气或逆反、无知和轻信、自暴自弃。","Score":5,"Options":[{"Sign":"A","Content":"正确"},{"Sign":"B","Content":"错误"}]},{"QuestionID":404,"QuestionType":"禁毒知识","Content":"造成情绪暴躁而引发针对他人的肢体暴力（例如啃脸、咬耳）行为的“僵尸浴盐”，其主要的化学成分是卡西酮类物质。是一种新型的（  ）","Score":5,"Options":[{"Sign":"A","Content":"传统毒品"},{"Sign":"B","Content":"合成毒品"}]},{"QuestionID":213,"QuestionType":"禁毒知识","Content":"娱乐场所因违反《娱乐场所管理条例》规定，被吊销或者撤销娱乐经营许可证的，自被吊销或者撤销之日起，其法定代表人、负责人在（  ）内不得担任娱乐场所的法定代表人、负责人。","Score":5,"Options":[{"Sign":"A","Content":"二年"},{"Sign":"B","Content":"三年"},{"Sign":"C","Content":"四年"},{"Sign":"D","Content":"五年"}]},{"QuestionID":340,"QuestionType":"禁毒知识","Content":"鸦片最初是医用药物，主要用于镇咳止泻，后来被人们作为毒品吸食。","Score":5,"Options":[{"Sign":"A","Content":"正确"},{"Sign":"B","Content":"错误"}]},{"QuestionID":362,"QuestionType":"禁毒知识","Content":"以下哪一种情况一般不会发生在吸毒人员的身上。（  ）","Score":5,"Options":[{"Sign":"A","Content":"酗酒"},{"Sign":"B","Content":"脾气暴躁"},{"Sign":"C","Content":"每天锻炼身体"},{"Sign":"D","Content":"偷盗"}]},{"QuestionID":105,"QuestionType":"禁毒知识","Content":"合成毒品“麻古”的主要成分是甲基苯丙胺和（  ）。","Score":5,"Options":[{"Sign":"A","Content":"大麻"},{"Sign":"B","Content":"古柯碱"},{"Sign":"C","Content":"咖啡因"},{"Sign":"D","Content":"安纳咖"}]},{"QuestionID":35,"QuestionType":"禁毒知识","Content":"麻黄碱是从哪种原植物中提取的（　）  。","Score":5,"Options":[{"Sign":"A","Content":"罂粟"},{"Sign":"B","Content":"大麻"},{"Sign":"C","Content":"麻黄草"},{"Sign":"D","Content":"古柯"}]},{"QuestionID":14,"QuestionType":"禁毒知识","Content":"（ ） 化学名称叫二乙酰吗啡,呈灰白色粉末状,也就是人们所说的“白粉”、“白面”。","Score":5,"Options":[{"Sign":"A","Content":"冰毒"},{"Sign":"B","Content":"可卡因"},{"Sign":"C","Content":"海洛因"},{"Sign":"D","Content":"美沙酮"}]},{"QuestionID":193,"QuestionType":"禁毒知识","Content":"吸食可卡因可能导致心律不齐，血压升高，心肺与肝功能损害，丧失判断能力，产生幻觉出现自杀等。这种说法正确吗？","Score":5,"Options":[{"Sign":"A","Content":"正确"},{"Sign":"B","Content":"错误"}]},{"QuestionID":320,"QuestionType":"禁毒知识","Content":"下面表述正确的是？（  ）","Score":5,"Options":[{"Sign":"A","Content":"禁毒主要是人民政府的责任"},{"Sign":"B","Content":"禁毒主要是公安机关的责任"},{"Sign":"C","Content":"禁毒与自己无关"},{"Sign":"D","Content":"禁毒是全社会的共同责任"}]},{"QuestionID":380,"QuestionType":"禁毒知识","Content":"我国目前海洛因仍然在医疗上使用吗？","Score":5,"Options":[{"Sign":"A","Content":"常使用"},{"Sign":"B","Content":"不使用"},{"Sign":"C","Content":"偶尔使用"}]},{"QuestionID":291,"QuestionType":"禁毒知识","Content":"吸毒者在今后的人生道路上应该选择的正确生活态度是（　）。","Score":5,"Options":[{"Sign":"A","Content":"最后吸一次，以后再也不吸了"},{"Sign":"B","Content":"及时行乐，吸毒无害"},{"Sign":"C","Content":"时而坚定，时而动摇"},{"Sign":"D","Content":"戒除毒瘾，回归社会"}]},{"QuestionID":335,"QuestionType":"禁毒知识","Content":"学校应当将禁毒知识纳入教育、教学内容，对学生进行禁毒宣传教育。","Score":5,"Options":[{"Sign":"A","Content":"正确"},{"Sign":"B","Content":"错误"}]},{"QuestionID":252,"QuestionType":"禁毒知识","Content":"我国《刑法》对毒品犯罪的刑事责任年龄的规定，对已满14周岁不满16周岁的人，犯贩卖毒品罪的，应当     。（  ）","Score":5,"Options":[{"Sign":"A","Content":"负刑事责任"},{"Sign":"B","Content":"不负刑事责任"}]},{"QuestionID":368,"QuestionType":"禁毒知识","Content":"以下属于吸毒者吸食毒品原因的是（　）。","Score":5,"Options":[{"Sign":"A","Content":"无知和亲信"},{"Sign":"B","Content":"借助吸毒逃避现实，寻求解脱"},{"Sign":"C","Content":"受贩毒者引诱、处境性滥用"},{"Sign":"D","Content":"以上A.B.C三项表述均是"}]},{"QuestionID":302,"QuestionType":"禁毒知识","Content":"下列不属于合成毒品的是（　） 。","Score":5,"Options":[{"Sign":"A","Content":"海洛因"},{"Sign":"B","Content":"摇头丸"},{"Sign":"C","Content":"冰毒"},{"Sign":"D","Content":"K粉"}]},{"QuestionID":339,"QuestionType":"禁毒知识","Content":"鸦片是罂粟植物的（　） 。","Score":5,"Options":[{"Sign":"A","Content":"种子碾碎后或花粉的提取物"},{"Sign":"B","Content":"果实未成熟时，割浆后的提取物"},{"Sign":"C","Content":"种子碾碎后的提取物"},{"Sign":"D","Content":"花粉的提取物"}]},{"QuestionID":248,"QuestionType":"禁毒知识","Content":"卫生行政部门应当加强对强制隔离戒毒场所执业医师的业务指导和监督管理。","Score":5,"Options":[{"Sign":"A","Content":"正确"},{"Sign":"B","Content":"错误"}]},{"QuestionID":321,"QuestionType":"禁毒知识","Content":"下面关于大麻的说法哪个不对？（  ）","Score":5,"Options":[{"Sign":"A","Content":"大麻在许多国家都不算毒品，不会成瘾，对人体没有什么危害，偶尔尝一下没关系。"},{"Sign":"B","Content":"大麻是世界范围内滥用最严重的毒品之一。"},{"Sign":"C","Content":"长期使用大麻容易成瘾并引发痴呆。"}]}]}