{"RandomPaperID":45,"Questions":[{"QuestionID":227,"QuestionType":"禁毒知识","Content":"众多种类的毒品之中有很多的致幻类药品，这其中有迷幻剂药物的代表，它是已知药力最强的致幻剂。它是（　）。","Score":5,"Options":[{"Sign":"A","Content":"K粉"},{"Sign":"B","Content":"三唑伦"},{"Sign":"C","Content":"麦角酰二乙胺"},{"Sign":"D","Content":"可卡因"}]},{"QuestionID":257,"QuestionType":"禁毒知识","Content":"我国禁毒工作的治本之策是（　）。","Score":5,"Options":[{"Sign":"A","Content":"预防教育"},{"Sign":"B","Content":"依法严厉打击"},{"Sign":"C","Content":"切断毒品来源"},{"Sign":"D","Content":"戒断治疗"}]},{"QuestionID":322,"QuestionType":"禁毒知识","Content":"下面说法不正确的是（　） 。","Score":5,"Options":[{"Sign":"A","Content":"国家鼓励开展禁毒科学技术研究。"},{"Sign":"B","Content":"国家鼓励公民举报毒品违法犯罪行为。"},{"Sign":"C","Content":"国家鼓励对禁毒工作的社会捐赠。"},{"Sign":"D","Content":"国家鼓励戒毒治疗的药品、医疗器械和治疗方法在媒体上做广告宣传。"}]},{"QuestionID":38,"QuestionType":"禁毒知识","Content":"传统毒品一般是指鸦片、海洛因、大麻等流行较早的毒品。","Score":5,"Options":[{"Sign":"A","Content":"正确"},{"Sign":"B","Content":"错误"}]},{"QuestionID":314,"QuestionType":"禁毒知识","Content":"下列选项中属于毒品的本质特征是（　） 。","Score":5,"Options":[{"Sign":"A","Content":"依赖性"},{"Sign":"B","Content":"危害性"},{"Sign":"C","Content":"非法性"},{"Sign":"D","Content":"以上选项都是"}]},{"QuestionID":324,"QuestionType":"禁毒知识","Content":"小丁13岁，被毒贩子教唆利用帮助贩毒集团贩毒，并伴随有吸毒行为，小丁虽然不用承担刑事责任，但应该进行戒毒治疗。这种说法（  ）。","Score":5,"Options":[{"Sign":"A","Content":"正确"},{"Sign":"B","Content":"错误"}]},{"QuestionID":325,"QuestionType":"禁毒知识","Content":"小王把20克冰毒寄存在小张家里后离开了，但后来被公安机关查获。由于小张自己不吸毒，小王也承认毒品是他自己放的，没有告诉小张是毒品，所以小张他不需要负任何法律责任。这种说法（ ）。","Score":5,"Options":[{"Sign":"A","Content":"正确"},{"Sign":"B","Content":"错误"}]},{"QuestionID":249,"QuestionType":"禁毒知识","Content":"未成年人的父母或者其他监护人应当对未成年人进行毒品危害的教育，防止其吸食、注射毒品或者进行其他毒品违法犯罪活动。","Score":5,"Options":[{"Sign":"A","Content":"正确"},{"Sign":"B","Content":"错误"}]},{"QuestionID":422,"QuestionType":"禁毒知识","Content":"制定《禁毒法》的目的是：预防和惩治毒品违法犯罪行为，保护公民身心健康，维护社会秩序。","Score":5,"Options":[{"Sign":"A","Content":"正确"},{"Sign":"B","Content":"错误"}]},{"QuestionID":200,"QuestionType":"禁毒知识","Content":"小明今年上五年级，沉迷于网络游戏，然后到黑网吧去上网，结交了不良的朋友，最后染上了烟瘾和学会了吸毒。这个故事告诉我们什么道理？（  ）","Score":5,"Options":[{"Sign":"A","Content":"不在危险的地方逗留，尤其是网吧这样人多和复杂的环境"},{"Sign":"B","Content":"要养成自律的好习惯"},{"Sign":"C","Content":"要学会抵制诱惑"},{"Sign":"D","Content":"以上选项都是"}]},{"QuestionID":241,"QuestionType":"禁毒知识","Content":"天然类毒品是指直接从毒品原植物中提取的毒品，常见的主要有大麻、鸦片、冰毒及麦司卡林等。","Score":5,"Options":[{"Sign":"A","Content":"正确"},{"Sign":"B","Content":"错误"}]},{"QuestionID":413,"QuestionType":"禁毒知识","Content":"长期吸食以后，情绪亢奋冲动。就算是停止复吸，戒断很久以后，都容易出现幻听、幻觉、被害妄想等精神病稽延症状。这是（　）类毒品的精神病态特征。","Score":5,"Options":[{"Sign":"A","Content":"大麻类"},{"Sign":"B","Content":"鸦片类"},{"Sign":"C","Content":"苯丙胺类"},{"Sign":"D","Content":"古柯类"}]},{"QuestionID":26,"QuestionType":"禁毒知识","Content":"《刑法》规定非法种植罂粟（　） 株以上构成犯罪。","Score":5,"Options":[{"Sign":"A","Content":"1000"},{"Sign":"B","Content":"500"},{"Sign":"C","Content":"5000"},{"Sign":"D","Content":"8000"}]},{"QuestionID":403,"QuestionType":"禁毒知识","Content":"在中国，K粉列入第一类精神药品管制。","Score":5,"Options":[{"Sign":"A","Content":"正确"},{"Sign":"B","Content":"错误"}]},{"QuestionID":391,"QuestionType":"禁毒知识","Content":"远离毒品仅指“空间远离”。","Score":5,"Options":[{"Sign":"A","Content":"正确"},{"Sign":"B","Content":"错误"}]},{"QuestionID":395,"QuestionType":"禁毒知识","Content":"在荷兰吸毒，也属违法。","Score":5,"Options":[{"Sign":"A","Content":"正确"},{"Sign":"B","Content":"错误"}]},{"QuestionID":114,"QuestionType":"禁毒知识","Content":"戒毒是一个长期的过程，包括生理脱毒与医学治疗、（）、善后辅导与回归社会三个阶段。（  ）","Score":5,"Options":[{"Sign":"A","Content":"心理成瘾戒断"},{"Sign":"B","Content":"心理治疗与心理康复"},{"Sign":"C","Content":"毒瘾戒断"},{"Sign":"D","Content":"社区康复"}]},{"QuestionID":275,"QuestionType":"禁毒知识","Content":"吸毒行为可以通过采集当事人血液、尿液或毛发等检测出来。","Score":5,"Options":[{"Sign":"A","Content":"正确"},{"Sign":"B","Content":"错误"}]},{"QuestionID":263,"QuestionType":"禁毒知识","Content":"我们的爸爸、妈妈、爷爷、奶奶都可以喝酒，所以我们也可以喝酒。（  ）","Score":5,"Options":[{"Sign":"A","Content":"正确"},{"Sign":"B","Content":"错误"}]},{"QuestionID":15,"QuestionType":"禁毒知识","Content":"（ ）,即甲基苯丙胺,外观为纯白或黄色结晶体,晶莹剔透。","Score":5,"Options":[{"Sign":"A","Content":"可卡因"},{"Sign":"B","Content":"冰毒"},{"Sign":"C","Content":"海洛因"},{"Sign":"D","Content":"吗啡"}]}]}