{"RandomPaperID":455,"Questions":[{"QuestionID":387,"QuestionType":"禁毒知识","Content":"娱乐场所应当开展禁毒宣传教育，建立巡查制度，发现娱乐场所内 有毒品违法犯罪活的，应当（　）。","Score":5,"Options":[{"Sign":"A","Content":"自行处理"},{"Sign":"B","Content":"立即向公安机关报告"},{"Sign":"C","Content":"自愿报告"}]},{"QuestionID":294,"QuestionType":"禁毒知识","Content":"吸食毒品，既害国家，又害家庭，更害自己。","Score":5,"Options":[{"Sign":"A","Content":"正确"},{"Sign":"B","Content":"错误"}]},{"QuestionID":269,"QuestionType":"禁毒知识","Content":"吸毒的人不会长寿。","Score":5,"Options":[{"Sign":"A","Content":"正确"},{"Sign":"B","Content":"错误"}]},{"QuestionID":425,"QuestionType":"禁毒知识","Content":"中宣部、中央网信办、公安部等14个部门联合制定的《全国青少年毒品预防教育工作规划（2016——2018）》规定，要力争用3年时间，使18岁以下未成年人涉毒违法犯罪人数占涉毒违法犯罪总人数比例不高于：","Score":5,"Options":[{"Sign":"A","Content":"0.3%"},{"Sign":"B","Content":"0.4%"},{"Sign":"C","Content":"0.5%"},{"Sign":"D","Content":"0.6%"}]},{"QuestionID":322,"QuestionType":"禁毒知识","Content":"下面说法不正确的是（　） 。","Score":5,"Options":[{"Sign":"A","Content":"国家鼓励开展禁毒科学技术研究。"},{"Sign":"B","Content":"国家鼓励公民举报毒品违法犯罪行为。"},{"Sign":"C","Content":"国家鼓励对禁毒工作的社会捐赠。"},{"Sign":"D","Content":"国家鼓励戒毒治疗的药品、医疗器械和治疗方法在媒体上做广告宣传。"}]},{"QuestionID":287,"QuestionType":"禁毒知识","Content":"吸毒者不健康的心理有盲目好奇、慕虚荣、赶时髦、追求刺激和享乐、赌气或逆反、无知和轻信、自暴自弃。","Score":5,"Options":[{"Sign":"A","Content":"正确"},{"Sign":"B","Content":"错误"}]},{"QuestionID":240,"QuestionType":"禁毒知识","Content":"随着社会的发展，大麻已经不是世界上滥用人数最多的毒品。","Score":5,"Options":[{"Sign":"A","Content":"正确"},{"Sign":"B","Content":"错误"}]},{"QuestionID":202,"QuestionType":"禁毒知识","Content":"要构筑良好的拒毒心理防线只需做到正确把握好奇心，抵制不良诱惑即可。","Score":5,"Options":[{"Sign":"A","Content":"正确"},{"Sign":"B","Content":"错误"}]},{"QuestionID":336,"QuestionType":"禁毒知识","Content":"鸦片，俗称大烟、福寿膏、阿芙蓉等，医学名阿片。其滥用方式为口吸，是一种传统麻醉品，具有保健作用。","Score":5,"Options":[{"Sign":"A","Content":"正确"},{"Sign":"B","Content":"错误"}]},{"QuestionID":153,"QuestionType":"禁毒知识","Content":"青少年要远离毒品，增强自我保护意识，其中最重要的因素是（　）。（  ）","Score":5,"Options":[{"Sign":"A","Content":"社会环境"},{"Sign":"B","Content":"家庭"},{"Sign":"C","Content":"人自身"},{"Sign":"D","Content":"身边朋友"}]},{"QuestionID":300,"QuestionType":"禁毒知识","Content":"吸食注射毒品成瘾的，应当戒除毒瘾。","Score":5,"Options":[{"Sign":"A","Content":"正确"},{"Sign":"B","Content":"错误"}]},{"QuestionID":299,"QuestionType":"禁毒知识","Content":"吸食新型合成毒品后，只要自己注意，不可能染上性病或艾滋病。","Score":5,"Options":[{"Sign":"A","Content":"正确"},{"Sign":"B","Content":"错误"}]},{"QuestionID":227,"QuestionType":"禁毒知识","Content":"众多种类的毒品之中有很多的致幻类药品，这其中有迷幻剂药物的代表，它是已知药力最强的致幻剂。它是（　）。","Score":5,"Options":[{"Sign":"A","Content":"K粉"},{"Sign":"B","Content":"三唑伦"},{"Sign":"C","Content":"麦角酰二乙胺"},{"Sign":"D","Content":"可卡因"}]},{"QuestionID":134,"QuestionType":"禁毒知识","Content":"吗啡一般是从（   ）中提炼出来的？","Score":5,"Options":[{"Sign":"A","Content":"海洛因"},{"Sign":"B","Content":"鸦片"},{"Sign":"C","Content":"古柯叶"},{"Sign":"D","Content":"大麻"}]},{"QuestionID":15,"QuestionType":"禁毒知识","Content":"（ ）,即甲基苯丙胺,外观为纯白或黄色结晶体,晶莹剔透。","Score":5,"Options":[{"Sign":"A","Content":"可卡因"},{"Sign":"B","Content":"冰毒"},{"Sign":"C","Content":"海洛因"},{"Sign":"D","Content":"吗啡"}]},{"QuestionID":192,"QuestionType":"禁毒知识","Content":"吸食过量大麻烟可引起气管炎、咽炎、气喘发作、喉头水肿等疾病。","Score":5,"Options":[{"Sign":"A","Content":"正确"},{"Sign":"B","Content":"错误"}]},{"QuestionID":129,"QuestionType":"禁毒知识","Content":"利用未成年人运输毒品的按照《刑法》规定如何处罚（  ）","Score":5,"Options":[{"Sign":"A","Content":"以教唆罪论处"},{"Sign":"B","Content":"以运输毒品罪处罚"},{"Sign":"C","Content":"以运输毒品罪从重处罚"},{"Sign":"D","Content":"以诈骗罪处罚"}]},{"QuestionID":86,"QuestionType":"禁毒知识","Content":"公安机关对吸毒成瘾人员决定予以强制隔离戒毒的，应当制作强制隔离戒毒决定书，在执行强制隔离戒毒前送达被决定人，并在送达后（　）以内通知被决定人的家属、所在单位和户籍所在地公安派出所。","Score":5,"Options":[{"Sign":"A","Content":"48小时"},{"Sign":"B","Content":"24小时"},{"Sign":"C","Content":"三天"},{"Sign":"D","Content":"一周"}]},{"QuestionID":305,"QuestionType":"禁毒知识","Content":"下列哪条不是吸毒成瘾严重的认定标准：","Score":5,"Options":[{"Sign":"A","Content":"有戒断症状或者有证据证明吸毒史，包括曾经因使用毒品被公安机关查处、曾经进行自愿戒毒、人体毛发样品检测出毒品成分等情形"},{"Sign":"B","Content":"经被责令社区戒毒、强制隔离戒毒（含《禁毒法》实施以前被强制戒毒或者劳教戒毒）、社区康复或者参加过戒毒药物维持治疗，再次吸食、注射毒品的"},{"Sign":"C","Content":"有证据证明其采取注射方式使用毒品或者多次使用两类以上毒品的"},{"Sign":"D","Content":"有证据证明其使用毒品后伴有聚众淫乱、自伤自残或者暴力侵犯他人人身、财产安全或者妨害公共安全等行为的"}]},{"QuestionID":273,"QuestionType":"禁毒知识","Content":"吸毒行为产生的环境因素主要包括社区环境、家庭环境和人际环境。","Score":5,"Options":[{"Sign":"A","Content":"正确"},{"Sign":"B","Content":"错误"}]}]}