{"RandomPaperID":458,"Questions":[{"QuestionID":292,"QuestionType":"禁毒知识","Content":"吸食、注射毒品严重破坏人体的生理机能和免疫机能，引起各种并发症，最终导致（ ）。","Score":5,"Options":[{"Sign":"A","Content":"昏睡"},{"Sign":"B","Content":"毒瘾发作"},{"Sign":"C","Content":"吸毒死亡"}]},{"QuestionID":194,"QuestionType":"禁毒知识","Content":"下列不属于戒毒措施的是（  ）。","Score":5,"Options":[{"Sign":"A","Content":"强制隔离戒毒"},{"Sign":"B","Content":"社区康复"},{"Sign":"C","Content":"自愿戒毒"},{"Sign":"D","Content":"治安拘留"}]},{"QuestionID":351,"QuestionType":"禁毒知识","Content":"要树立正确的人生观、价值观、世界观，努力学习，追求进取，正确把握自己的行动与交友，以免走上歧途、误入毒海。","Score":5,"Options":[{"Sign":"A","Content":"对"},{"Sign":"B","Content":"错"}]},{"QuestionID":252,"QuestionType":"禁毒知识","Content":"我国《刑法》对毒品犯罪的刑事责任年龄的规定，对已满14周岁不满16周岁的人，犯贩卖毒品罪的，应当     。（  ）","Score":5,"Options":[{"Sign":"A","Content":"负刑事责任"},{"Sign":"B","Content":"不负刑事责任"}]},{"QuestionID":337,"QuestionType":"禁毒知识","Content":"鸦片，俗称大烟、烟土、福寿膏、阿片，其原植物是罂粟。","Score":5,"Options":[{"Sign":"A","Content":"正确"},{"Sign":"B","Content":"错误"}]},{"QuestionID":179,"QuestionType":"禁毒知识","Content":"吸毒成瘾的因素有生理因素、社会因素、个人的心理因素。","Score":5,"Options":[{"Sign":"A","Content":"正确"},{"Sign":"B","Content":"错误"}]},{"QuestionID":432,"QuestionType":"禁毒知识","Content":"学校是毒品预防教育的主阵地，课堂是主渠道","Score":5,"Options":[{"Sign":"A","Content":"正确"},{"Sign":"B","Content":"错误"}]},{"QuestionID":47,"QuestionType":"禁毒知识","Content":"登记参加药物维持治疗的戒毒人员的信息应当及时报(  )备案。","Score":5,"Options":[{"Sign":"A","Content":"药品监督管理部门"},{"Sign":"B","Content":"公安机关"},{"Sign":"C","Content":"卫生行政部门"},{"Sign":"D","Content":"检查机关"}]},{"QuestionID":242,"QuestionType":"禁毒知识","Content":"王某在多次贩毒后，因畏惧法律的严惩，主动前往公安机关投案并如实供述了自己的犯罪事实，对他可以（  ）。","Score":5,"Options":[{"Sign":"A","Content":"从轻或减轻处罚"},{"Sign":"B","Content":"从重处罚"}]},{"QuestionID":46,"QuestionType":"禁毒知识","Content":"到民国时期，（　）已经取代英国成为向中国输入毒品最多的国家。","Score":5,"Options":[{"Sign":"A","Content":"美国"},{"Sign":"B","Content":"荷兰"},{"Sign":"C","Content":"日本"},{"Sign":"D","Content":"意大利"}]},{"QuestionID":367,"QuestionType":"禁毒知识","Content":"以下属于生活技能教育主要内容的是（　）  。","Score":5,"Options":[{"Sign":"A","Content":"正确的自我认识"},{"Sign":"B","Content":"学会倾听、有效交流与沟通"},{"Sign":"C","Content":"调节情绪，缓解紧张和压力"},{"Sign":"D","Content":"以上A.B.C三项表述均是"}]},{"QuestionID":342,"QuestionType":"禁毒知识","Content":"研究表明，80%以上的苯丙胺滥用者即使停止滥用最长达8-12年 ，仍有一些精神病症状，乃至精神分裂，一遇刺激便会发作。","Score":5,"Options":[{"Sign":"A","Content":"正确"},{"Sign":"B","Content":"错误"}]},{"QuestionID":313,"QuestionType":"禁毒知识","Content":"下列选项中属于毒品的是（  ）。","Score":5,"Options":[{"Sign":"A","Content":"瘦肉精"},{"Sign":"B","Content":"老鼠药"},{"Sign":"C","Content":"砒霜"},{"Sign":"D","Content":"K粉"}]},{"QuestionID":195,"QuestionType":"禁毒知识","Content":"下列哪个不属于吸毒者吸食毒品的方式？（  ）","Score":5,"Options":[{"Sign":"A","Content":"吸入式"},{"Sign":"B","Content":"口服式"},{"Sign":"C","Content":"静脉注射式"},{"Sign":"D","Content":"滴入式"}]},{"QuestionID":165,"QuestionType":"禁毒知识","Content":"生理戒断是指尿检呈阴性，戒断症状消失。","Score":5,"Options":[{"Sign":"A","Content":"正确"},{"Sign":"B","Content":"错误"}]},{"QuestionID":78,"QuestionType":"禁毒知识","Content":"根据查缉毒品的需要，（    ）可以在边境地区、交通要道、口岸以及飞机场、火车站、长途汽车站、码头对来往人员、物品、货物以及交通工具进行毒品和易制毒化学品检查。","Score":5,"Options":[{"Sign":"A","Content":"公安机关"},{"Sign":"B","Content":"药品监督管理部门"},{"Sign":"C","Content":"禁毒委员会"},{"Sign":"D","Content":"以上选项都是"}]},{"QuestionID":298,"QuestionType":"禁毒知识","Content":"吸食合成毒品危害比较传统毒品要小。","Score":5,"Options":[{"Sign":"A","Content":"正确"},{"Sign":"B","Content":"错误"}]},{"QuestionID":94,"QuestionType":"禁毒知识","Content":"国家对易制毒化学品的生产、经营、购买、运输实行（ ）制度。","Score":5,"Options":[{"Sign":"A","Content":"审查"},{"Sign":"B","Content":"许可"},{"Sign":"C","Content":"管理"},{"Sign":"D","Content":"禁止"}]},{"QuestionID":238,"QuestionType":"禁毒知识","Content":"印度人最早将鸦片传入中国。","Score":5,"Options":[{"Sign":"A","Content":"正确"},{"Sign":"B","Content":"错误"}]},{"QuestionID":189,"QuestionType":"禁毒知识","Content":"吸食K粉、摇头丸等药物会导致血压上升、心跳过快、心律失常，甚至可能诱发精神分裂症及急性心脑疾病。但不会致人死亡。","Score":5,"Options":[{"Sign":"A","Content":"正确"},{"Sign":"B","Content":"错误"}]}]}