{"RandomPaperID":459,"Questions":[{"QuestionID":281,"QuestionType":"禁毒知识","Content":"吸毒人员身体消瘦是一种常态，而非病态，所以吸食毒品能有效减肥。","Score":5,"Options":[{"Sign":"A","Content":"正确"},{"Sign":"B","Content":"错误"}]},{"QuestionID":229,"QuestionType":"禁毒知识","Content":"社区戒毒为我国现有戒毒模式之一，其虽具有强制性但却不得限制人身自由，此模式期限为（　）。","Score":5,"Options":[{"Sign":"A","Content":"2年"},{"Sign":"B","Content":"3年"},{"Sign":"C","Content":"1年"},{"Sign":"D","Content":"6个月"}]},{"QuestionID":23,"QuestionType":"禁毒知识","Content":"《禁毒法》规定，强制隔离戒毒场所应当根据戒毒人员（　）   等，对戒毒人员进行有针对性的生理、心理治疗和身体康复训练。","Score":5,"Options":[{"Sign":"A","Content":"吸食、注射毒品的方法"},{"Sign":"B","Content":"吸食、注射毒品的频次"},{"Sign":"C","Content":"吸食、注射毒品的种类和成瘾程度"},{"Sign":"D","Content":"吸食、注射毒品的时间"}]},{"QuestionID":140,"QuestionType":"禁毒知识","Content":"南美的秘鲁、玻利维亚（　）是可卡因的最大生产基地。（  ）","Score":5,"Options":[{"Sign":"A","Content":"巴西"},{"Sign":"B","Content":"阿根廷"},{"Sign":"C","Content":"哥伦比亚"},{"Sign":"D","Content":"厄瓜多尔"}]},{"QuestionID":402,"QuestionType":"禁毒知识","Content":"在医学上用作麻醉剂的是（　）。","Score":5,"Options":[{"Sign":"A","Content":"大麻"},{"Sign":"B","Content":"芬太尼"},{"Sign":"C","Content":"麻古"},{"Sign":"D","Content":"海洛因"}]},{"QuestionID":425,"QuestionType":"禁毒知识","Content":"中宣部、中央网信办、公安部等14个部门联合制定的《全国青少年毒品预防教育工作规划（2016——2018）》规定，要力争用3年时间，使18岁以下未成年人涉毒违法犯罪人数占涉毒违法犯罪总人数比例不高于：","Score":5,"Options":[{"Sign":"A","Content":"0.3%"},{"Sign":"B","Content":"0.4%"},{"Sign":"C","Content":"0.5%"},{"Sign":"D","Content":"0.6%"}]},{"QuestionID":379,"QuestionType":"禁毒知识","Content":"有的吸毒者为了获取毒品和毒资，丧失人格，违反道德和法律，实施盗窃、抢劫和抢夺等破坏社会秩序的行为。","Score":5,"Options":[{"Sign":"A","Content":"正确"},{"Sign":"B","Content":"错误"}]},{"QuestionID":365,"QuestionType":"禁毒知识","Content":"以下属于古柯类毒品的是（　）。","Score":5,"Options":[{"Sign":"A","Content":"吗啡"},{"Sign":"B","Content":"快克"},{"Sign":"C","Content":"安眠酮"},{"Sign":"D","Content":"咖啡因"}]},{"QuestionID":406,"QuestionType":"禁毒知识","Content":"张某在甲市吸毒，被当地公安机关依法处理。到乙市后，当地公安机关发现其曾在甲市吸毒，乙市公安机关( )对同一行为作出处理决定。","Score":5,"Options":[{"Sign":"A","Content":"可以"},{"Sign":"B","Content":"应当"},{"Sign":"C","Content":"不得"}]},{"QuestionID":34,"QuestionType":"禁毒知识","Content":"被称为现代迷魂药的三唑仑是一种强效的 （  ）。","Score":5,"Options":[{"Sign":"A","Content":"致幻剂"},{"Sign":"B","Content":"兴奋剂"},{"Sign":"C","Content":"麻醉剂"},{"Sign":"D","Content":"氧化剂"}]},{"QuestionID":273,"QuestionType":"禁毒知识","Content":"吸毒行为产生的环境因素主要包括社区环境、家庭环境和人际环境。","Score":5,"Options":[{"Sign":"A","Content":"正确"},{"Sign":"B","Content":"错误"}]},{"QuestionID":345,"QuestionType":"禁毒知识","Content":"摇头丸又称“俱乐部毒品”或“休闲毒品”。","Score":5,"Options":[{"Sign":"A","Content":"正确"},{"Sign":"B","Content":"错误"}]},{"QuestionID":95,"QuestionType":"禁毒知识","Content":"国家鼓励公民、组织开展公益性的禁毒宣传活动。","Score":5,"Options":[{"Sign":"A","Content":"正确"},{"Sign":"B","Content":"错误"}]},{"QuestionID":397,"QuestionType":"禁毒知识","Content":"根据毒品对于人的大脑中枢神经作用，将毒品分为合成类毒品与天然类毒品。","Score":5,"Options":[{"Sign":"A","Content":"正确"},{"Sign":"B","Content":"错误"}]},{"QuestionID":254,"QuestionType":"禁毒知识","Content":"我国的禁毒方针是“禁吸、禁贩、禁种、禁制”。","Score":5,"Options":[{"Sign":"A","Content":"正确"},{"Sign":"B","Content":"错误"}]},{"QuestionID":350,"QuestionType":"禁毒知识","Content":"要拒绝毒品我们只要知道毒品的危害，吸毒、贩毒就是违法犯罪即可。","Score":5,"Options":[{"Sign":"A","Content":"正确"},{"Sign":"B","Content":"错误"}]},{"QuestionID":159,"QuestionType":"禁毒知识","Content":"如果有人在我们周围大量生产制造冰毒，很容易产生大量刺鼻的刺激性气味。这种说法正确吗？","Score":5,"Options":[{"Sign":"A","Content":"正确"},{"Sign":"B","Content":"错误"}]},{"QuestionID":415,"QuestionType":"禁毒知识","Content":"只要处于观赏的目的，种植大麻、古柯或罂粟就是合法的。以上说法正确吗?","Score":5,"Options":[{"Sign":"A","Content":"正确"},{"Sign":"B","Content":"错误"}]},{"QuestionID":168,"QuestionType":"禁毒知识","Content":"王某在自己开垦的山地里种植罂粟，收获前他学习了《禁毒法》，将所有罂粟铲除，对于王某应该（　） 。","Score":5,"Options":[{"Sign":"A","Content":"拘留"},{"Sign":"B","Content":"罚款"},{"Sign":"C","Content":"不予处罚"},{"Sign":"D","Content":"判刑"}]},{"QuestionID":373,"QuestionType":"禁毒知识","Content":"吸毒人员应当戒除毒瘾（）","Score":5,"Options":[{"Sign":"A","Content":"应当"},{"Sign":"B","Content":"可以"},{"Sign":"C","Content":"不需要"}]}]}