{"RandomPaperID":469,"Questions":[{"QuestionID":355,"QuestionType":"禁毒知识","Content":"医务人员可为自己开处方使用麻醉药品。","Score":5,"Options":[{"Sign":"A","Content":"正确"},{"Sign":"B","Content":"错误"}]},{"QuestionID":240,"QuestionType":"禁毒知识","Content":"随着社会的发展，大麻已经不是世界上滥用人数最多的毒品。","Score":5,"Options":[{"Sign":"A","Content":"正确"},{"Sign":"B","Content":"错误"}]},{"QuestionID":176,"QuestionType":"禁毒知识","Content":"吸毒，也称“药物滥用”，就是出于（　）目的，通过注射、口服、鼻吸或其他方式将毒品摄入人体的行为。","Score":5,"Options":[{"Sign":"A","Content":"非医疗"},{"Sign":"B","Content":"治病"},{"Sign":"C","Content":"麻醉"},{"Sign":"D","Content":"交友"}]},{"QuestionID":344,"QuestionType":"禁毒知识","Content":"摇头丸具有兴奋与致幻双重作用，在药力作用下，用药者的时间概念和认知会混乱，因而表现出超乎寻常的活跃。","Score":5,"Options":[{"Sign":"A","Content":"正确"},{"Sign":"B","Content":"错误"}]},{"QuestionID":216,"QuestionType":"禁毒知识","Content":"在迪厅、酒吧、KTV等娱乐场所，如果你看到了一种红色药丸（或药片）状的东西，那你可能就是看到了（　），千万小心不要沾染。（  ）","Score":5,"Options":[{"Sign":"A","Content":"跳跳糖"},{"Sign":"B","Content":"彩球糖"},{"Sign":"C","Content":"摇头丸或麻古"},{"Sign":"D","Content":"山楂丸"}]},{"QuestionID":425,"QuestionType":"禁毒知识","Content":"中宣部、中央网信办、公安部等14个部门联合制定的《全国青少年毒品预防教育工作规划（2016——2018）》规定，要力争用3年时间，使18岁以下未成年人涉毒违法犯罪人数占涉毒违法犯罪总人数比例不高于：","Score":5,"Options":[{"Sign":"A","Content":"0.3%"},{"Sign":"B","Content":"0.4%"},{"Sign":"C","Content":"0.5%"},{"Sign":"D","Content":"0.6%"}]},{"QuestionID":417,"QuestionType":"禁毒知识","Content":"只要依靠坚强的意志，戒毒就一定能成功。这种说法正确吗？","Score":5,"Options":[{"Sign":"A","Content":"正确"},{"Sign":"B","Content":"错误"}]},{"QuestionID":251,"QuestionType":"禁毒知识","Content":"《中华人民共和国禁毒法》（　）规定了毒品的定义？（  ）","Score":5,"Options":[{"Sign":"A","Content":"第1条"},{"Sign":"B","Content":"第2条"},{"Sign":"C","Content":"第3条"}]},{"QuestionID":334,"QuestionType":"禁毒知识","Content":"学生也有一份禁毒的责任。","Score":5,"Options":[{"Sign":"A","Content":"正确"},{"Sign":"B","Content":"错误"}]},{"QuestionID":414,"QuestionType":"禁毒知识","Content":"长期酗酒也会产生生理依赖和心理依赖","Score":5,"Options":[{"Sign":"A","Content":"正确"},{"Sign":"B","Content":"错误"}]},{"QuestionID":78,"QuestionType":"禁毒知识","Content":"根据查缉毒品的需要，（    ）可以在边境地区、交通要道、口岸以及飞机场、火车站、长途汽车站、码头对来往人员、物品、货物以及交通工具进行毒品和易制毒化学品检查。","Score":5,"Options":[{"Sign":"A","Content":"公安机关"},{"Sign":"B","Content":"药品监督管理部门"},{"Sign":"C","Content":"禁毒委员会"},{"Sign":"D","Content":"以上选项都是"}]},{"QuestionID":362,"QuestionType":"禁毒知识","Content":"以下哪一种情况一般不会发生在吸毒人员的身上。（  ）","Score":5,"Options":[{"Sign":"A","Content":"酗酒"},{"Sign":"B","Content":"脾气暴躁"},{"Sign":"C","Content":"每天锻炼身体"},{"Sign":"D","Content":"偷盗"}]},{"QuestionID":332,"QuestionType":"禁毒知识","Content":"（）是指直接作用于中枢神经系统，使之兴奋或抑制，连续使用能产生依赖性的药品。","Score":5,"Options":[{"Sign":"A","Content":"麻醉药品"},{"Sign":"B","Content":"精神药品"},{"Sign":"C","Content":"新精神活性物质"}]},{"QuestionID":423,"QuestionType":"禁毒知识","Content":"治疗咳嗽的止咳水，因为只是一种治咳嗽的中药，所以多喝一些不会上瘾","Score":5,"Options":[{"Sign":"A","Content":"正确"},{"Sign":"B","Content":"错误"}]},{"QuestionID":284,"QuestionType":"禁毒知识","Content":"吸毒是国家法律禁止的行为。","Score":5,"Options":[{"Sign":"A","Content":"正确"},{"Sign":"B","Content":"错误"}]},{"QuestionID":110,"QuestionType":"禁毒知识","Content":"接受社区戒毒的戒毒人员应当遵守法律、法规，自觉履行( )，并根据公安机关的要求，定期接受检测。","Score":5,"Options":[{"Sign":"A","Content":"社区戒毒保证"},{"Sign":"B","Content":"社区戒毒约定"},{"Sign":"C","Content":"社区戒毒协议"}]},{"QuestionID":38,"QuestionType":"禁毒知识","Content":"传统毒品一般是指鸦片、海洛因、大麻等流行较早的毒品。","Score":5,"Options":[{"Sign":"A","Content":"正确"},{"Sign":"B","Content":"错误"}]},{"QuestionID":293,"QuestionType":"禁毒知识","Content":"吸食冰毒以后马上驾驶车辆，容易造成情绪冲动及过度兴奋，从而极易引发超速而造成的严重交通事故。","Score":5,"Options":[{"Sign":"A","Content":"对"},{"Sign":"B","Content":"错"}]},{"QuestionID":21,"QuestionType":"禁毒知识","Content":"《禁毒法》规定，教育行政部门、（  ）应当将禁毒知识纳入教育、教学内容，对学生进行禁毒宣传教育。公安机关、司法行政部门和卫生行政部门应当予以协助。","Score":5,"Options":[{"Sign":"A","Content":"学校"},{"Sign":"B","Content":"中小学校"},{"Sign":"C","Content":"大专院校"},{"Sign":"D","Content":"B和C"}]},{"QuestionID":428,"QuestionType":"禁毒知识","Content":"朱某将盗窃的毒品卖给周某，朱某构成（ ）。","Score":5,"Options":[{"Sign":"A","Content":"盗窃罪"},{"Sign":"B","Content":"贩卖毒品罪"},{"Sign":"C","Content":"盗窃罪和贩卖毒品罪,数罪并罚"}]}]}