{"RandomPaperID":472,"Questions":[{"QuestionID":379,"QuestionType":"禁毒知识","Content":"有的吸毒者为了获取毒品和毒资，丧失人格，违反道德和法律，实施盗窃、抢劫和抢夺等破坏社会秩序的行为。","Score":5,"Options":[{"Sign":"A","Content":"正确"},{"Sign":"B","Content":"错误"}]},{"QuestionID":266,"QuestionType":"禁毒知识","Content":"吸毒成瘾人员的认定是依据那些有吸毒病史，有依赖性表现，停用或减少用量会出现戒断综合征，再次适量给予此类物质可使戒断综合征立即消失，通常药物尿检（  ）反应。","Score":5,"Options":[{"Sign":"A","Content":"呈阴性"},{"Sign":"B","Content":"呈阳性"}]},{"QuestionID":280,"QuestionType":"禁毒知识","Content":"吸毒人员可以自行到具有戒毒治疗资质的医疗机构接受戒毒治疗。以上说法正确吗？（  ）","Score":5,"Options":[{"Sign":"A","Content":"正确"},{"Sign":"B","Content":"错误"}]},{"QuestionID":277,"QuestionType":"禁毒知识","Content":"吸毒会耗费越来越多的家庭财产。","Score":5,"Options":[{"Sign":"A","Content":"正确"},{"Sign":"B","Content":"错误"}]},{"QuestionID":177,"QuestionType":"禁毒知识","Content":"吸毒成瘾的认定办法，由（  ）规定。","Score":5,"Options":[{"Sign":"A","Content":"国务院卫生行政部门"},{"Sign":"B","Content":"国务院卫生行政部门、药品监督管理部门"},{"Sign":"C","Content":"国务院卫生行政部门、药品监督管理部门、公安部门"},{"Sign":"D","Content":"国务院药品监督管理部门"}]},{"QuestionID":400,"QuestionType":"禁毒知识","Content":"在我们日常生活里可能遇到的毒品中，根据其来源可将其分为传统毒品与新型毒品。","Score":5,"Options":[{"Sign":"A","Content":"正确"},{"Sign":"B","Content":"错误"}]},{"QuestionID":285,"QuestionType":"禁毒知识","Content":"吸毒是违法行为。（  ）","Score":5,"Options":[{"Sign":"A","Content":"正确"},{"Sign":"B","Content":"错误"}]},{"QuestionID":160,"QuestionType":"禁毒知识","Content":"如果有同学或好朋友吃了一些东西以后，发生昏厥、呕吐或是抽搐等不适症状，我们可以拨打120急救电话。","Score":5,"Options":[{"Sign":"A","Content":"正确"},{"Sign":"B","Content":"错误"}]},{"QuestionID":213,"QuestionType":"禁毒知识","Content":"娱乐场所因违反《娱乐场所管理条例》规定，被吊销或者撤销娱乐经营许可证的，自被吊销或者撤销之日起，其法定代表人、负责人在（  ）内不得担任娱乐场所的法定代表人、负责人。","Score":5,"Options":[{"Sign":"A","Content":"二年"},{"Sign":"B","Content":"三年"},{"Sign":"C","Content":"四年"},{"Sign":"D","Content":"五年"}]},{"QuestionID":311,"QuestionType":"禁毒知识","Content":"下列说法正确的是 。（  ）","Score":5,"Options":[{"Sign":"A","Content":"吸毒成瘾是一种脑病"},{"Sign":"B","Content":"少量吸毒对身体没有损害"},{"Sign":"C","Content":"只吸几次毒不会上瘾"},{"Sign":"D","Content":"吸食合成毒品危害比较传统毒品要小"}]},{"QuestionID":346,"QuestionType":"禁毒知识","Content":"药物成瘾具有的特征之一：有一种不可抗拒的力量强制性地驱使人们使用该药，并（ ）去获得它。","Score":5,"Options":[{"Sign":"A","Content":"不择手段"},{"Sign":"B","Content":"正常手段"}]},{"QuestionID":219,"QuestionType":"禁毒知识","Content":"在中国，大约一直到20世纪20年代才开始使用“毒品”一词。","Score":5,"Options":[{"Sign":"A","Content":"正确"},{"Sign":"B","Content":"错误"}]},{"QuestionID":6,"QuestionType":"禁毒知识","Content":"按药物对人体大脑中枢神经所产生的作用，可将毒品分为麻醉药品和精神药品。","Score":5,"Options":[{"Sign":"A","Content":"正确"},{"Sign":"B","Content":"错误"}]},{"QuestionID":134,"QuestionType":"禁毒知识","Content":"吗啡一般是从（   ）中提炼出来的？","Score":5,"Options":[{"Sign":"A","Content":"海洛因"},{"Sign":"B","Content":"鸦片"},{"Sign":"C","Content":"古柯叶"},{"Sign":"D","Content":"大麻"}]},{"QuestionID":343,"QuestionType":"禁毒知识","Content":"摇头丸就像跳跳糖或是跑跑糖一样，是一种娱乐食品，不是毒品。（  ）","Score":5,"Options":[{"Sign":"A","Content":"正确"},{"Sign":"B","Content":"错误"}]},{"QuestionID":406,"QuestionType":"禁毒知识","Content":"张某在甲市吸毒，被当地公安机关依法处理。到乙市后，当地公安机关发现其曾在甲市吸毒，乙市公安机关( )对同一行为作出处理决定。","Score":5,"Options":[{"Sign":"A","Content":"可以"},{"Sign":"B","Content":"应当"},{"Sign":"C","Content":"不得"}]},{"QuestionID":296,"QuestionType":"禁毒知识","Content":"全球吸毒人数多达2.5亿人，其中大多数是（　）。","Score":5,"Options":[{"Sign":"A","Content":"未成年人"},{"Sign":"B","Content":"成年人"},{"Sign":"C","Content":"老人"}]},{"QuestionID":3,"QuestionType":"禁毒知识","Content":"“国际禁毒日”是每年的（  ）。","Score":5,"Options":[{"Sign":"A","Content":"7月9日"},{"Sign":"B","Content":"6月26日"},{"Sign":"C","Content":"12月1日"},{"Sign":"D","Content":"5月17日"}]},{"QuestionID":63,"QuestionType":"禁毒知识","Content":"对于吸毒成瘾严重，通过社区戒毒难以戒除毒瘾的人员，公安机关可以直接作出强制隔离戒毒的决定。以上说法正确吗？","Score":5,"Options":[{"Sign":"A","Content":"正确"},{"Sign":"B","Content":"错误"}]},{"QuestionID":257,"QuestionType":"禁毒知识","Content":"我国禁毒工作的治本之策是（　）。","Score":5,"Options":[{"Sign":"A","Content":"预防教育"},{"Sign":"B","Content":"依法严厉打击"},{"Sign":"C","Content":"切断毒品来源"},{"Sign":"D","Content":"戒断治疗"}]}]}