{"RandomPaperID":474,"Questions":[{"QuestionID":9,"QuestionType":"禁毒知识","Content":"氟硝安定、安眠酮、丁丙诺啡、地西泮及有机溶剂和鼻吸剂是合成毒品。","Score":5,"Options":[{"Sign":"A","Content":"正确"},{"Sign":"B","Content":"错误"}]},{"QuestionID":322,"QuestionType":"禁毒知识","Content":"下面说法不正确的是（　） 。","Score":5,"Options":[{"Sign":"A","Content":"国家鼓励开展禁毒科学技术研究。"},{"Sign":"B","Content":"国家鼓励公民举报毒品违法犯罪行为。"},{"Sign":"C","Content":"国家鼓励对禁毒工作的社会捐赠。"},{"Sign":"D","Content":"国家鼓励戒毒治疗的药品、医疗器械和治疗方法在媒体上做广告宣传。"}]},{"QuestionID":432,"QuestionType":"禁毒知识","Content":"学校是毒品预防教育的主阵地，课堂是主渠道","Score":5,"Options":[{"Sign":"A","Content":"正确"},{"Sign":"B","Content":"错误"}]},{"QuestionID":369,"QuestionType":"禁毒知识","Content":"以下说法正确的是 。（  ）","Score":5,"Options":[{"Sign":"A","Content":"合成毒品麻古的主要成份是甲基苯丙胺和咖啡因"},{"Sign":"B","Content":"合成毒品麻古的主要成份是甲基苯丙胺和大麻"},{"Sign":"C","Content":"合成毒品麻古的主要成份是甲基苯丙胺和可卡因"}]},{"QuestionID":215,"QuestionType":"禁毒知识","Content":"远离毒品的自我保护方法有（　） 。","Score":5,"Options":[{"Sign":"A","Content":"养成良好习惯"},{"Sign":"B","Content":"不在危险地方逗留"},{"Sign":"C","Content":"不接受他人的食物"},{"Sign":"D","Content":"ABC都是"}]},{"QuestionID":100,"QuestionType":"禁毒知识","Content":"海洛因对中枢神经系统主要起（  ） 。","Score":5,"Options":[{"Sign":"A","Content":"兴奋作用"},{"Sign":"B","Content":"抑制作用"},{"Sign":"C","Content":"致幻作用"},{"Sign":"D","Content":"安眠作用"}]},{"QuestionID":76,"QuestionType":"禁毒知识","Content":"各级人民政府应当建立毒品违法犯罪举报制度。","Score":5,"Options":[{"Sign":"A","Content":"正确"},{"Sign":"B","Content":"错误"}]},{"QuestionID":249,"QuestionType":"禁毒知识","Content":"未成年人的父母或者其他监护人应当对未成年人进行毒品危害的教育，防止其吸食、注射毒品或者进行其他毒品违法犯罪活动。","Score":5,"Options":[{"Sign":"A","Content":"正确"},{"Sign":"B","Content":"错误"}]},{"QuestionID":398,"QuestionType":"禁毒知识","Content":"在食品中掺用罂粟壳的行为，不构成犯罪，也无需进行行政处罚。","Score":5,"Options":[{"Sign":"A","Content":"正确"},{"Sign":"B","Content":"错误"}]},{"QuestionID":269,"QuestionType":"禁毒知识","Content":"吸毒的人不会长寿。","Score":5,"Options":[{"Sign":"A","Content":"正确"},{"Sign":"B","Content":"错误"}]},{"QuestionID":168,"QuestionType":"禁毒知识","Content":"王某在自己开垦的山地里种植罂粟，收获前他学习了《禁毒法》，将所有罂粟铲除，对于王某应该（　） 。","Score":5,"Options":[{"Sign":"A","Content":"拘留"},{"Sign":"B","Content":"罚款"},{"Sign":"C","Content":"不予处罚"},{"Sign":"D","Content":"判刑"}]},{"QuestionID":6,"QuestionType":"禁毒知识","Content":"按药物对人体大脑中枢神经所产生的作用，可将毒品分为麻醉药品和精神药品。","Score":5,"Options":[{"Sign":"A","Content":"正确"},{"Sign":"B","Content":"错误"}]},{"QuestionID":282,"QuestionType":"禁毒知识","Content":"吸毒人员王某主动到公安机关登记，接受戒毒治疗，对王某的原吸毒行为（  ）","Score":5,"Options":[{"Sign":"A","Content":"从轻处罚"},{"Sign":"B","Content":"减轻处罚"},{"Sign":"C","Content":"不予处罚"}]},{"QuestionID":408,"QuestionType":"禁毒知识","Content":"长期滥用冰毒等苯丙胺类兴奋剂可导致慢性精神障碍，又称苯丙胺性精神病。这种说法对不对？","Score":5,"Options":[{"Sign":"A","Content":"正确"},{"Sign":"B","Content":"错误"}]},{"QuestionID":105,"QuestionType":"禁毒知识","Content":"合成毒品“麻古”的主要成分是甲基苯丙胺和（  ）。","Score":5,"Options":[{"Sign":"A","Content":"大麻"},{"Sign":"B","Content":"古柯碱"},{"Sign":"C","Content":"咖啡因"},{"Sign":"D","Content":"安纳咖"}]},{"QuestionID":106,"QuestionType":"禁毒知识","Content":"合成毒品成瘾者的违法行为一般在吸食后，因产生精神障碍而导致行为失控，引发自伤自残、暴力侵害等严重公共安全问题。","Score":5,"Options":[{"Sign":"A","Content":"正确"},{"Sign":"B","Content":"错误"}]},{"QuestionID":358,"QuestionType":"禁毒知识","Content":"以下不属于吸毒检测程序的是（  ）。","Score":5,"Options":[{"Sign":"A","Content":"现场检测"},{"Sign":"B","Content":"现场复检"},{"Sign":"C","Content":"实验室检测"}]},{"QuestionID":1,"QuestionType":"禁毒知识","Content":"杜冷丁，又称哌替啶，为白色结晶性粉末，无臭或几乎无臭。医疗多用于针剂，滥用会成瘾，严重危害人体健康和生命安全。","Score":5,"Options":[{"Sign":"A","Content":"正确"},{"Sign":"B","Content":"错误"}]},{"QuestionID":102,"QuestionType":"禁毒知识","Content":"海洛因的滥用方式有（　） 。","Score":5,"Options":[{"Sign":"A","Content":"口吸"},{"Sign":"B","Content":"鼻吸"},{"Sign":"C","Content":"注射"},{"Sign":"D","Content":"以上均正确"}]},{"QuestionID":22,"QuestionType":"禁毒知识","Content":"《禁毒法》规定，禁止非法（  ）麻醉药品、精神药品和易制毒化学品的制造方法。公安机关接到举报或者发现此类情况，应当及时依法查处。","Score":5,"Options":[{"Sign":"A","Content":"贩卖"},{"Sign":"B","Content":"传播"},{"Sign":"C","Content":"传授"},{"Sign":"D","Content":"获取"}]}]}