{"RandomPaperID":476,"Questions":[{"QuestionID":81,"QuestionType":"禁毒知识","Content":"根据市场需求与大众要求，依法可以生产、经营、使用、储存、运输麻醉药品和精神药品。","Score":5,"Options":[{"Sign":"A","Content":"正确"},{"Sign":"B","Content":"错误"}]},{"QuestionID":353,"QuestionType":"禁毒知识","Content":"要养成良好的生活习惯、行为习惯，不吸烟，不饮酒，不涉足青少年不宜进入的场所，包括歌舞厅、游戏厅、酒吧等地方，以（  ）。","Score":5,"Options":[{"Sign":"A","Content":"远离毒品"},{"Sign":"B","Content":"亲近毒品"}]},{"QuestionID":246,"QuestionType":"禁毒知识","Content":"为吸毒者提供打火机、吸管等吸毒场所、工具，但自己并不吸毒，所以不用承担法律责任。这种说法（  ）","Score":5,"Options":[{"Sign":"A","Content":"正确"},{"Sign":"B","Content":"错误"}]},{"QuestionID":100,"QuestionType":"禁毒知识","Content":"海洛因对中枢神经系统主要起（  ） 。","Score":5,"Options":[{"Sign":"A","Content":"兴奋作用"},{"Sign":"B","Content":"抑制作用"},{"Sign":"C","Content":"致幻作用"},{"Sign":"D","Content":"安眠作用"}]},{"QuestionID":15,"QuestionType":"禁毒知识","Content":"（ ）,即甲基苯丙胺,外观为纯白或黄色结晶体,晶莹剔透。","Score":5,"Options":[{"Sign":"A","Content":"可卡因"},{"Sign":"B","Content":"冰毒"},{"Sign":"C","Content":"海洛因"},{"Sign":"D","Content":"吗啡"}]},{"QuestionID":394,"QuestionType":"禁毒知识","Content":"在对众多吸毒者进行调查时发现，占据第一位的吸毒原因是（　）  。","Score":5,"Options":[{"Sign":"A","Content":"贪慕虚荣，赶时髦"},{"Sign":"B","Content":"借助吸毒逃离现实，寻求解脱"},{"Sign":"C","Content":"受贩毒者引诱"},{"Sign":"D","Content":"盲目好奇，追求享乐和刺激"}]},{"QuestionID":9,"QuestionType":"禁毒知识","Content":"氟硝安定、安眠酮、丁丙诺啡、地西泮及有机溶剂和鼻吸剂是合成毒品。","Score":5,"Options":[{"Sign":"A","Content":"正确"},{"Sign":"B","Content":"错误"}]},{"QuestionID":52,"QuestionType":"禁毒知识","Content":"毒品起源于（　） 。","Score":5,"Options":[{"Sign":"A","Content":"矿物"},{"Sign":"B","Content":"动物"},{"Sign":"C","Content":"植物"},{"Sign":"D","Content":"毒物"}]},{"QuestionID":46,"QuestionType":"禁毒知识","Content":"到民国时期，（　）已经取代英国成为向中国输入毒品最多的国家。","Score":5,"Options":[{"Sign":"A","Content":"美国"},{"Sign":"B","Content":"荷兰"},{"Sign":"C","Content":"日本"},{"Sign":"D","Content":"意大利"}]},{"QuestionID":274,"QuestionType":"禁毒知识","Content":"尿检呈现阳性，说明被检测者有吸毒行为（   ）","Score":5,"Options":[{"Sign":"A","Content":"正确"},{"Sign":"B","Content":"错误"}]},{"QuestionID":333,"QuestionType":"禁毒知识","Content":"（）是指对中枢神经有麻醉作用,连续使用后易产生身体依赖性、能形成瘾癖的药品。","Score":5,"Options":[{"Sign":"A","Content":"麻醉药品"},{"Sign":"B","Content":"精神药品"},{"Sign":"C","Content":"新精神活性物质"}]},{"QuestionID":204,"QuestionType":"禁毒知识","Content":"一位“朋友”以“参加朋友聚会”为由将你带至他的家中，然后提出玩点“小刺激”，引诱你使用某种物品，你应该选择的最佳拒绝方式是（  ）","Score":5,"Options":[{"Sign":"A","Content":"直接说不"},{"Sign":"B","Content":"寻找借口离开"},{"Sign":"C","Content":"提出新建议"},{"Sign":"D","Content":"ABC都是"}]},{"QuestionID":88,"QuestionType":"禁毒知识","Content":"公安机关在吸毒检测过程中，采集女性被检测人尿液检测样本，应由（  ）进行。","Score":5,"Options":[{"Sign":"A","Content":"检测人"},{"Sign":"B","Content":"民警"},{"Sign":"C","Content":"女性工作人员"},{"Sign":"D","Content":"医生"}]},{"QuestionID":31,"QuestionType":"禁毒知识","Content":"GHB是一种无色无味的液体，由于它可以轻易的放入饮料之中交给不知情的受害人使用，且受害人经常会不记得遭受过攻击。所以被称为“液体迷魂药”、“迷奸水”。","Score":5,"Options":[{"Sign":"A","Content":"正确"},{"Sign":"B","Content":"错误"}]},{"QuestionID":7,"QuestionType":"禁毒知识","Content":"苯丙胺因其纯品无色透明，像冰一样，故俗称“冰毒”。","Score":5,"Options":[{"Sign":"A","Content":"正确"},{"Sign":"B","Content":"错误"}]},{"QuestionID":368,"QuestionType":"禁毒知识","Content":"以下属于吸毒者吸食毒品原因的是（　）。","Score":5,"Options":[{"Sign":"A","Content":"无知和亲信"},{"Sign":"B","Content":"借助吸毒逃避现实，寻求解脱"},{"Sign":"C","Content":"受贩毒者引诱、处境性滥用"},{"Sign":"D","Content":"以上A.B.C三项表述均是"}]},{"QuestionID":95,"QuestionType":"禁毒知识","Content":"国家鼓励公民、组织开展公益性的禁毒宣传活动。","Score":5,"Options":[{"Sign":"A","Content":"正确"},{"Sign":"B","Content":"错误"}]},{"QuestionID":403,"QuestionType":"禁毒知识","Content":"在中国，K粉列入第一类精神药品管制。","Score":5,"Options":[{"Sign":"A","Content":"正确"},{"Sign":"B","Content":"错误"}]},{"QuestionID":22,"QuestionType":"禁毒知识","Content":"《禁毒法》规定，禁止非法（  ）麻醉药品、精神药品和易制毒化学品的制造方法。公安机关接到举报或者发现此类情况，应当及时依法查处。","Score":5,"Options":[{"Sign":"A","Content":"贩卖"},{"Sign":"B","Content":"传播"},{"Sign":"C","Content":"传授"},{"Sign":"D","Content":"获取"}]},{"QuestionID":159,"QuestionType":"禁毒知识","Content":"如果有人在我们周围大量生产制造冰毒，很容易产生大量刺鼻的刺激性气味。这种说法正确吗？","Score":5,"Options":[{"Sign":"A","Content":"正确"},{"Sign":"B","Content":"错误"}]}]}