{"RandomPaperID":477,"Questions":[{"QuestionID":341,"QuestionType":"禁毒知识","Content":"鸦片最早是由（　）  传入中国的。（  ）","Score":5,"Options":[{"Sign":"A","Content":"阿拉伯人"},{"Sign":"B","Content":"埃及人"},{"Sign":"C","Content":"印度人"},{"Sign":"D","Content":"契丹人"}]},{"QuestionID":221,"QuestionType":"禁毒知识","Content":"长期服用安眠药不会使人成瘾。","Score":5,"Options":[{"Sign":"A","Content":"正确"},{"Sign":"B","Content":"错误"}]},{"QuestionID":60,"QuestionType":"禁毒知识","Content":"对严重违反社区戒毒协议或者在社区戒毒期间又吸食、注射毒品的，参与社区戒毒的工作人员应当（ ）。","Score":5,"Options":[{"Sign":"A","Content":"进行劝导"},{"Sign":"B","Content":"进行批评、教育"},{"Sign":"C","Content":"及时向公安机关报告"},{"Sign":"D","Content":"对其执行强制隔离戒毒"}]},{"QuestionID":310,"QuestionType":"禁毒知识","Content":"下列属于合成毒品的是（ ）","Score":5,"Options":[{"Sign":"A","Content":"大麻"},{"Sign":"B","Content":"海洛因"},{"Sign":"C","Content":"K粉"},{"Sign":"D","Content":"北美仙人球"}]},{"QuestionID":67,"QuestionType":"禁毒知识","Content":"贩卖毒品负刑事责任的年龄是（ ）。","Score":5,"Options":[{"Sign":"A","Content":"已满十八周岁"},{"Sign":"B","Content":"已满十六周岁"},{"Sign":"C","Content":"已满十四周岁"},{"Sign":"D","Content":"已满十二周岁"}]},{"QuestionID":62,"QuestionType":"禁毒知识","Content":"对于容留他人吸食、注射毒品或者介绍买卖毒品，构成犯罪的，依法追究刑事责任;尚不构成犯罪的，由公安机关处十日以上十五日以下拘留，可以并处三千元以下罚款。","Score":5,"Options":[{"Sign":"A","Content":"正确"},{"Sign":"B","Content":"错误"}]},{"QuestionID":54,"QuestionType":"禁毒知识","Content":"毒品是使用后能够产生（　）的物质。","Score":5,"Options":[{"Sign":"A","Content":"危害性"},{"Sign":"B","Content":"依赖性"},{"Sign":"C","Content":"兴奋性"},{"Sign":"D","Content":"抑制性"}]},{"QuestionID":24,"QuestionType":"禁毒知识","Content":"《禁毒法》规定，娱乐场所应当建立（  ）制度，发现娱乐场所内有毒品违法犯罪活动的，应当立即向公安机关报告。","Score":5,"Options":[{"Sign":"A","Content":"巡查"},{"Sign":"B","Content":"巡逻"},{"Sign":"C","Content":"检查"},{"Sign":"D","Content":"清查"}]},{"QuestionID":161,"QuestionType":"禁毒知识","Content":"如果自己一个人在家，遇到有不明的快递物品送到家里，我们应该先电话向父母问核实情况，才能开门接受快递员送的东西。这种说法正确吗？","Score":5,"Options":[{"Sign":"A","Content":"正确"},{"Sign":"B","Content":"错误"}]},{"QuestionID":394,"QuestionType":"禁毒知识","Content":"在对众多吸毒者进行调查时发现，占据第一位的吸毒原因是（　）  。","Score":5,"Options":[{"Sign":"A","Content":"贪慕虚荣，赶时髦"},{"Sign":"B","Content":"借助吸毒逃离现实，寻求解脱"},{"Sign":"C","Content":"受贩毒者引诱"},{"Sign":"D","Content":"盲目好奇，追求享乐和刺激"}]},{"QuestionID":265,"QuestionType":"禁毒知识","Content":"吸毒成瘾不仅是身体上会对毒品产生依赖，更严重的是在心理上对毒品产生依赖。","Score":5,"Options":[{"Sign":"A","Content":"正确"},{"Sign":"B","Content":"错误"}]},{"QuestionID":384,"QuestionType":"禁毒知识","Content":"有人认为长期吸毒才会上瘾，偶尔吸几次不会上瘾。","Score":5,"Options":[{"Sign":"A","Content":"正确"},{"Sign":"B","Content":"错误"}]},{"QuestionID":370,"QuestionType":"禁毒知识","Content":"以下致幻毒品中（　）是从生长在墨西哥北部与美国南部的仙人球里提取的。（  ）","Score":5,"Options":[{"Sign":"A","Content":"吗啡"},{"Sign":"B","Content":"麦司卡林"},{"Sign":"C","Content":"古柯"},{"Sign":"D","Content":"麻古"}]},{"QuestionID":28,"QuestionType":"禁毒知识","Content":"《中华人民共和国刑法》规定，毒品的数量以（  ）属实的走私、贩卖、运输、制造、非法持有毒品的数量计算，不以纯度折算。","Score":5,"Options":[{"Sign":"A","Content":"缴获"},{"Sign":"B","Content":"检查"},{"Sign":"C","Content":"查证"},{"Sign":"D","Content":"收缴"}]},{"QuestionID":376,"QuestionType":"禁毒知识","Content":"罂粟壳是罂粟的成熟干燥果壳，呈椭圆形或瓶状卵形，残留有吗啡等成分。","Score":5,"Options":[{"Sign":"A","Content":"正确"},{"Sign":"B","Content":"错误"}]},{"QuestionID":316,"QuestionType":"禁毒知识","Content":"下列选项中属于吸毒成瘾的表现的是（　） 。","Score":5,"Options":[{"Sign":"A","Content":"不顾不良后果，强迫性寻求及使用毒品的行为"},{"Sign":"B","Content":"戒断后复吸的"},{"Sign":"C","Content":"多次吸食毒品的行为"},{"Sign":"D","Content":"以上选项都是"}]},{"QuestionID":266,"QuestionType":"禁毒知识","Content":"吸毒成瘾人员的认定是依据那些有吸毒病史，有依赖性表现，停用或减少用量会出现戒断综合征，再次适量给予此类物质可使戒断综合征立即消失，通常药物尿检（  ）反应。","Score":5,"Options":[{"Sign":"A","Content":"呈阴性"},{"Sign":"B","Content":"呈阳性"}]},{"QuestionID":128,"QuestionType":"禁毒知识","Content":"李某为炫耀，将50克冰毒放在身上，后被民警抓获，李某构成（　）。","Score":5,"Options":[{"Sign":"A","Content":"吸毒"},{"Sign":"B","Content":"非法持有毒品罪"},{"Sign":"C","Content":"贩卖毒品罪"},{"Sign":"D","Content":"窝藏毒品罪"}]},{"QuestionID":16,"QuestionType":"禁毒知识","Content":"（ ）俗名“可可精”，是从古柯叶中分离出来的一种最主要的生物碱，属中枢神经兴奋剂，呈白色晶体状，无气味，味略苦而麻，兴奋作用强。","Score":5,"Options":[{"Sign":"A","Content":"海洛因"},{"Sign":"B","Content":"可卡因"},{"Sign":"C","Content":"大麻"},{"Sign":"D","Content":"鸦片"}]},{"QuestionID":388,"QuestionType":"禁毒知识","Content":"预防吸毒的有效措施有（　） 。","Score":5,"Options":[{"Sign":"A","Content":"远离特殊人群、特殊场所、特殊嗜好"},{"Sign":"B","Content":"毒品知识的教育，认清毒品的危害"},{"Sign":"C","Content":"不结交社会上的吸毒朋友"},{"Sign":"D","Content":"以上选项都是"}]}]}