{"RandomPaperID":479,"Questions":[{"QuestionID":341,"QuestionType":"禁毒知识","Content":"鸦片最早是由（　）  传入中国的。（  ）","Score":5,"Options":[{"Sign":"A","Content":"阿拉伯人"},{"Sign":"B","Content":"埃及人"},{"Sign":"C","Content":"印度人"},{"Sign":"D","Content":"契丹人"}]},{"QuestionID":421,"QuestionType":"禁毒知识","Content":"制定《禁毒法》的必要性是（  ）","Score":5,"Options":[{"Sign":"A","Content":"应对严峻的毒品违法犯罪形势的需要"},{"Sign":"B","Content":"进一步完善我国预防和惩治毒品违法犯罪法律体系的需要"},{"Sign":"C","Content":"履行国际禁毒公约的需要"},{"Sign":"D","Content":"A.B和C"}]},{"QuestionID":327,"QuestionType":"禁毒知识","Content":"小王邀约多人，多次在小李家里吸毒，虽然小李知道吸毒是违法行为，但小李本人没有吸毒，所以小李不要承担任何法律责任。","Score":5,"Options":[{"Sign":"A","Content":"正确"},{"Sign":"B","Content":"错误"}]},{"QuestionID":87,"QuestionType":"禁毒知识","Content":"公安机关可以对涉嫌吸毒的人员进行必要的检测，被检测人员应当予以配合；对拒绝接受检测的，经县级以上人民政府公安机关或者其派出机构负责人批准，可以（  ）。","Score":5,"Options":[{"Sign":"A","Content":"行政罚款"},{"Sign":"B","Content":"依法惩治"},{"Sign":"C","Content":"行政拘留"},{"Sign":"D","Content":"强制检测"}]},{"QuestionID":10,"QuestionType":"禁毒知识","Content":"经强制隔离戒毒后又吸食，注射毒品的，构成吸食毒品罪。","Score":5,"Options":[{"Sign":"A","Content":"正确"},{"Sign":"B","Content":"错误"}]},{"QuestionID":384,"QuestionType":"禁毒知识","Content":"有人认为长期吸毒才会上瘾，偶尔吸几次不会上瘾。","Score":5,"Options":[{"Sign":"A","Content":"正确"},{"Sign":"B","Content":"错误"}]},{"QuestionID":270,"QuestionType":"禁毒知识","Content":"吸毒的人毒瘾会越来越大。","Score":5,"Options":[{"Sign":"A","Content":"正确"},{"Sign":"B","Content":"错误"}]},{"QuestionID":61,"QuestionType":"禁毒知识","Content":"对不适用强制隔离戒毒的吸毒成瘾人员，依照《禁毒法》规定进行( )。","Score":5,"Options":[{"Sign":"A","Content":"自愿戒毒"},{"Sign":"B","Content":"社区戒毒"},{"Sign":"C","Content":"社区康复"},{"Sign":"D","Content":"批评教育"}]},{"QuestionID":91,"QuestionType":"禁毒知识","Content":"国际上习惯称吸毒为麻醉药品和精神药品的滥用。","Score":5,"Options":[{"Sign":"A","Content":"正确"},{"Sign":"B","Content":"错误"}]},{"QuestionID":126,"QuestionType":"禁毒知识","Content":"李某发现儿子小强吸毒后，便将其关在家中，并与家人轮流看守令其戒毒。起初，断了毒品的小强呼天喊地，半个月后，小强又恢复了正常。试问小强是否已全部戒除毒瘾？（  ）","Score":5,"Options":[{"Sign":"A","Content":"已完全戒断毒瘾"},{"Sign":"B","Content":"只戒断生理上毒瘾"}]},{"QuestionID":103,"QuestionType":"禁毒知识","Content":"海洛因吸毒者的典型体征是（　）。","Score":5,"Options":[{"Sign":"A","Content":"瞳孔缩小呈针尖样"},{"Sign":"B","Content":"瞳孔放大，不聚光"},{"Sign":"C","Content":"身体瘦弱"},{"Sign":"D","Content":"身体浮肿"}]},{"QuestionID":402,"QuestionType":"禁毒知识","Content":"在医学上用作麻醉剂的是（　）。","Score":5,"Options":[{"Sign":"A","Content":"大麻"},{"Sign":"B","Content":"芬太尼"},{"Sign":"C","Content":"麻古"},{"Sign":"D","Content":"海洛因"}]},{"QuestionID":387,"QuestionType":"禁毒知识","Content":"娱乐场所应当开展禁毒宣传教育，建立巡查制度，发现娱乐场所内 有毒品违法犯罪活的，应当（　）。","Score":5,"Options":[{"Sign":"A","Content":"自行处理"},{"Sign":"B","Content":"立即向公安机关报告"},{"Sign":"C","Content":"自愿报告"}]},{"QuestionID":69,"QuestionType":"禁毒知识","Content":"非法持有海洛因（  ）克以上的，构成非法持有毒品罪。","Score":5,"Options":[{"Sign":"A","Content":"5"},{"Sign":"B","Content":"50"},{"Sign":"C","Content":"10"},{"Sign":"D","Content":"20克"}]},{"QuestionID":113,"QuestionType":"禁毒知识","Content":"戒毒人员在（  ）等方面不受歧视。有关部门、组织和人员应当在这些方面对戒毒人员给予必要的指导和帮助。","Score":5,"Options":[{"Sign":"A","Content":"入学"},{"Sign":"B","Content":"就业"},{"Sign":"C","Content":"享受社会保障"},{"Sign":"D","Content":"A.B和C"}]},{"QuestionID":199,"QuestionType":"禁毒知识","Content":"下列原因中，在吸毒人群中初次吸毒比例最高的是（  ）。","Score":5,"Options":[{"Sign":"A","Content":"好奇心驱使"},{"Sign":"B","Content":"他人引诱"},{"Sign":"C","Content":"取乐解闷"},{"Sign":"D","Content":"D赶时髦"}]},{"QuestionID":412,"QuestionType":"禁毒知识","Content":"长期吸食鸦片会使人先天免疫力丧失，非常容易感染各种疾病。","Score":5,"Options":[{"Sign":"A","Content":"正确"},{"Sign":"B","Content":"错误"}]},{"QuestionID":144,"QuestionType":"禁毒知识","Content":"强迫他人吸毒、注射毒品的，处（    ）有期徒刑，并处罚金。","Score":5,"Options":[{"Sign":"A","Content":"1年以上3年以下"},{"Sign":"B","Content":"3年以上6年以下"},{"Sign":"C","Content":"3年以上10年以下"},{"Sign":"D","Content":"3年以上7年以下"}]},{"QuestionID":120,"QuestionType":"禁毒知识","Content":"经有关部门批准，个人可以开办戒毒脱瘾治疗业务。","Score":5,"Options":[{"Sign":"A","Content":"正确"},{"Sign":"B","Content":"错误"}]},{"QuestionID":68,"QuestionType":"禁毒知识","Content":"贩卖毒品应当（  ）。","Score":5,"Options":[{"Sign":"A","Content":"批评教育"},{"Sign":"B","Content":"追究刑事责任"},{"Sign":"C","Content":"送劳动教养"},{"Sign":"D","Content":"行政处罚"}]}]}