{"RandomPaperID":48,"Questions":[{"QuestionID":131,"QuestionType":"禁毒知识","Content":"麻古具有强烈的兴奋和致幻功能，吸食后容易造成人体中枢神经（　）的损伤。","Score":5,"Options":[{"Sign":"A","Content":"不可逆性"},{"Sign":"B","Content":"可逆性"},{"Sign":"C","Content":"一过性"},{"Sign":"D","Content":"临时性"}]},{"QuestionID":250,"QuestionType":"禁毒知识","Content":"我国《禁毒法》明确了“打击为主”的禁毒方针。","Score":5,"Options":[{"Sign":"A","Content":"正确"},{"Sign":"B","Content":"错误"}]},{"QuestionID":360,"QuestionType":"禁毒知识","Content":"以下哪些是我国刑法所界定的毒品？（  ）","Score":5,"Options":[{"Sign":"A","Content":"鸦片、海洛因、甲基苯丙胺(冰毒)、吗啡、大麻、可卡因"},{"Sign":"B","Content":"挥发性溶剂"},{"Sign":"C","Content":"烟草、酒精"}]},{"QuestionID":174,"QuestionType":"禁毒知识","Content":"我国对毒品违法犯罪尚不够成犯罪的行为予以处罚，处罚的形式有警告、罚款、行政拘留和吊销公安机关发放的许可证。","Score":5,"Options":[{"Sign":"A","Content":"正确"},{"Sign":"B","Content":"错误"}]},{"QuestionID":347,"QuestionType":"禁毒知识","Content":"药物滥用一词是上世纪60年代中期国际社会上开始采用的专有名词，它与我们平时所说的“滥用抗生素”、“滥用激素”等的概念截然不同。","Score":5,"Options":[{"Sign":"A","Content":"正确"},{"Sign":"B","Content":"错误"}]},{"QuestionID":124,"QuestionType":"禁毒知识","Content":"咖啡因是由化学合成或从茶叶、咖啡果中提炼出来的一种生物碱，是毒品；头疼粉中含有定量的咖啡因，所以人们服用服食头疼粉的行为是吸毒。","Score":5,"Options":[{"Sign":"A","Content":"正确"},{"Sign":"B","Content":"错误"}]},{"QuestionID":374,"QuestionType":"禁毒知识","Content":"引诱、教唆、欺骗或者强迫（ ）吸食、注射毒品的，从重处罚。","Score":5,"Options":[{"Sign":"A","Content":"成年人"},{"Sign":"B","Content":"未成年人"},{"Sign":"C","Content":"妇女"}]},{"QuestionID":329,"QuestionType":"禁毒知识","Content":"心理治疗在戒毒过程中有着重要的作用。","Score":5,"Options":[{"Sign":"A","Content":"正确"},{"Sign":"B","Content":"错误"}]},{"QuestionID":429,"QuestionType":"禁毒知识","Content":"古柯原植物经过提纯以后得到的毒品是（）","Score":5,"Options":[{"Sign":"A","Content":"迷幻蘑菇"},{"Sign":"B","Content":"海洛因"},{"Sign":"C","Content":"冰毒"},{"Sign":"D","Content":"可卡因"}]},{"QuestionID":219,"QuestionType":"禁毒知识","Content":"在中国，大约一直到20世纪20年代才开始使用“毒品”一词。","Score":5,"Options":[{"Sign":"A","Content":"正确"},{"Sign":"B","Content":"错误"}]},{"QuestionID":148,"QuestionType":"禁毒知识","Content":"强制隔离戒毒人员的戒毒相关费用由其本人承担。","Score":5,"Options":[{"Sign":"A","Content":"正确"},{"Sign":"B","Content":"错误"}]},{"QuestionID":209,"QuestionType":"禁毒知识","Content":"罂粟壳是罂粟的成熟干燥果壳，呈椭圆形或瓶状卵形。","Score":5,"Options":[{"Sign":"A","Content":"正确"},{"Sign":"B","Content":"错误"}]},{"QuestionID":397,"QuestionType":"禁毒知识","Content":"根据毒品对于人的大脑中枢神经作用，将毒品分为合成类毒品与天然类毒品。","Score":5,"Options":[{"Sign":"A","Content":"正确"},{"Sign":"B","Content":"错误"}]},{"QuestionID":78,"QuestionType":"禁毒知识","Content":"根据查缉毒品的需要，（    ）可以在边境地区、交通要道、口岸以及飞机场、火车站、长途汽车站、码头对来往人员、物品、货物以及交通工具进行毒品和易制毒化学品检查。","Score":5,"Options":[{"Sign":"A","Content":"公安机关"},{"Sign":"B","Content":"药品监督管理部门"},{"Sign":"C","Content":"禁毒委员会"},{"Sign":"D","Content":"以上选项都是"}]},{"QuestionID":41,"QuestionType":"禁毒知识","Content":"大麻类毒品的主要活性成分是四氢大麻酚。","Score":5,"Options":[{"Sign":"A","Content":"正确"},{"Sign":"B","Content":"错误"}]},{"QuestionID":48,"QuestionType":"禁毒知识","Content":"地方各级人民政府发现非法种植毒品原植物的，应当（　）采取措施予以制止、铲除。","Score":5,"Options":[{"Sign":"A","Content":"立即"},{"Sign":"B","Content":"适时"},{"Sign":"C","Content":"成熟后"},{"Sign":"D","Content":"收割时"}]},{"QuestionID":379,"QuestionType":"禁毒知识","Content":"有的吸毒者为了获取毒品和毒资，丧失人格，违反道德和法律，实施盗窃、抢劫和抢夺等破坏社会秩序的行为。","Score":5,"Options":[{"Sign":"A","Content":"正确"},{"Sign":"B","Content":"错误"}]},{"QuestionID":189,"QuestionType":"禁毒知识","Content":"吸食K粉、摇头丸等药物会导致血压上升、心跳过快、心律失常，甚至可能诱发精神分裂症及急性心脑疾病。但不会致人死亡。","Score":5,"Options":[{"Sign":"A","Content":"正确"},{"Sign":"B","Content":"错误"}]},{"QuestionID":231,"QuestionType":"禁毒知识","Content":"社区康复的期限为（　）。","Score":5,"Options":[{"Sign":"A","Content":"1年"},{"Sign":"B","Content":"2年"},{"Sign":"C","Content":"不超过3年"},{"Sign":"D","Content":"6个月"}]},{"QuestionID":90,"QuestionType":"禁毒知识","Content":"广大青少年在日常生活中防毒要做到四点：一是不要听人蛊惑，受 人引诱; 二是不要与吸毒者、贩毒者为伍;三是不要接受有吸 毒劣迹的人送的香烟; 四是（  ） 。","Score":5,"Options":[{"Sign":"A","Content":"只看不吸"},{"Sign":"B","Content":"远离毒品，不沾毒"},{"Sign":"C","Content":"不参与家人吸毒"},{"Sign":"D","Content":"不去歌厅等娱乐场所"}]}]}