{"RandomPaperID":484,"Questions":[{"QuestionID":300,"QuestionType":"禁毒知识","Content":"吸食注射毒品成瘾的，应当戒除毒瘾。","Score":5,"Options":[{"Sign":"A","Content":"正确"},{"Sign":"B","Content":"错误"}]},{"QuestionID":179,"QuestionType":"禁毒知识","Content":"吸毒成瘾的因素有生理因素、社会因素、个人的心理因素。","Score":5,"Options":[{"Sign":"A","Content":"正确"},{"Sign":"B","Content":"错误"}]},{"QuestionID":24,"QuestionType":"禁毒知识","Content":"《禁毒法》规定，娱乐场所应当建立（  ）制度，发现娱乐场所内有毒品违法犯罪活动的，应当立即向公安机关报告。","Score":5,"Options":[{"Sign":"A","Content":"巡查"},{"Sign":"B","Content":"巡逻"},{"Sign":"C","Content":"检查"},{"Sign":"D","Content":"清查"}]},{"QuestionID":66,"QuestionType":"禁毒知识","Content":"发现吸贩毒情况，想向公安机关举报应拨打电话号码（  ）。","Score":5,"Options":[{"Sign":"A","Content":"114"},{"Sign":"B","Content":"119"},{"Sign":"C","Content":"110"},{"Sign":"D","Content":"120"}]},{"QuestionID":349,"QuestionType":"禁毒知识","Content":"要拒绝毒品，我们除了要知道什么是毒品、知道毒品极易成瘾、知道毒品的危害，还要（　） 。","Score":5,"Options":[{"Sign":"A","Content":"树立正确的人生观"},{"Sign":"B","Content":"养成良好行为习惯"},{"Sign":"C","Content":"拒绝不良诱惑"},{"Sign":"D","Content":"ABC都是"}]},{"QuestionID":374,"QuestionType":"禁毒知识","Content":"引诱、教唆、欺骗或者强迫（ ）吸食、注射毒品的，从重处罚。","Score":5,"Options":[{"Sign":"A","Content":"成年人"},{"Sign":"B","Content":"未成年人"},{"Sign":"C","Content":"妇女"}]},{"QuestionID":63,"QuestionType":"禁毒知识","Content":"对于吸毒成瘾严重，通过社区戒毒难以戒除毒瘾的人员，公安机关可以直接作出强制隔离戒毒的决定。以上说法正确吗？","Score":5,"Options":[{"Sign":"A","Content":"正确"},{"Sign":"B","Content":"错误"}]},{"QuestionID":259,"QuestionType":"禁毒知识","Content":"我国新发现的90%以上的艾滋病病毒感染者主要感染途径是（　）。","Score":5,"Options":[{"Sign":"A","Content":"母婴传播"},{"Sign":"B","Content":"性传播"},{"Sign":"C","Content":"注射毒品"},{"Sign":"D","Content":"输血"}]},{"QuestionID":342,"QuestionType":"禁毒知识","Content":"研究表明，80%以上的苯丙胺滥用者即使停止滥用最长达8-12年 ，仍有一些精神病症状，乃至精神分裂，一遇刺激便会发作。","Score":5,"Options":[{"Sign":"A","Content":"正确"},{"Sign":"B","Content":"错误"}]},{"QuestionID":130,"QuestionType":"禁毒知识","Content":"氯胺酮，是一种静脉全麻药，也用作兽用麻醉药，但是一般人只要足量接触二、三次即可上瘾，是一种极度危险的精神药品。","Score":5,"Options":[{"Sign":"A","Content":"正确"},{"Sign":"B","Content":"错误"}]},{"QuestionID":413,"QuestionType":"禁毒知识","Content":"长期吸食以后，情绪亢奋冲动。就算是停止复吸，戒断很久以后，都容易出现幻听、幻觉、被害妄想等精神病稽延症状。这是（　）类毒品的精神病态特征。","Score":5,"Options":[{"Sign":"A","Content":"大麻类"},{"Sign":"B","Content":"鸦片类"},{"Sign":"C","Content":"苯丙胺类"},{"Sign":"D","Content":"古柯类"}]},{"QuestionID":358,"QuestionType":"禁毒知识","Content":"以下不属于吸毒检测程序的是（  ）。","Score":5,"Options":[{"Sign":"A","Content":"现场检测"},{"Sign":"B","Content":"现场复检"},{"Sign":"C","Content":"实验室检测"}]},{"QuestionID":20,"QuestionType":"禁毒知识","Content":"《禁毒法》规定，国家鼓励对禁毒工作的社会捐赠，并依法给予（  ）。","Score":5,"Options":[{"Sign":"A","Content":"税收减免"},{"Sign":"B","Content":"税收优惠"},{"Sign":"C","Content":"表彰奖励"},{"Sign":"D","Content":"税收减免和优惠"}]},{"QuestionID":279,"QuestionType":"禁毒知识","Content":"吸毒人群中青少年所占比例较高，吸毒群体趋于低龄化。","Score":5,"Options":[{"Sign":"A","Content":"正确"},{"Sign":"B","Content":"错误"}]},{"QuestionID":8,"QuestionType":"禁毒知识","Content":"不属于阿片类毒品的是（  ）","Score":5,"Options":[{"Sign":"A","Content":"吗啡"},{"Sign":"B","Content":"海洛因"},{"Sign":"C","Content":"冰毒"},{"Sign":"D","Content":"美沙酮"}]},{"QuestionID":316,"QuestionType":"禁毒知识","Content":"下列选项中属于吸毒成瘾的表现的是（　） 。","Score":5,"Options":[{"Sign":"A","Content":"不顾不良后果，强迫性寻求及使用毒品的行为"},{"Sign":"B","Content":"戒断后复吸的"},{"Sign":"C","Content":"多次吸食毒品的行为"},{"Sign":"D","Content":"以上选项都是"}]},{"QuestionID":251,"QuestionType":"禁毒知识","Content":"《中华人民共和国禁毒法》（　）规定了毒品的定义？（  ）","Score":5,"Options":[{"Sign":"A","Content":"第1条"},{"Sign":"B","Content":"第2条"},{"Sign":"C","Content":"第3条"}]},{"QuestionID":230,"QuestionType":"禁毒知识","Content":"社区戒毒与社区康复是具有限制人身自由的行政强制措施。","Score":5,"Options":[{"Sign":"A","Content":"正确"},{"Sign":"B","Content":"错误"}]},{"QuestionID":131,"QuestionType":"禁毒知识","Content":"麻古具有强烈的兴奋和致幻功能，吸食后容易造成人体中枢神经（　）的损伤。","Score":5,"Options":[{"Sign":"A","Content":"不可逆性"},{"Sign":"B","Content":"可逆性"},{"Sign":"C","Content":"一过性"},{"Sign":"D","Content":"临时性"}]},{"QuestionID":178,"QuestionType":"禁毒知识","Content":"吸毒成瘾的三个基本过程包括：耐药作用的形成，（  ），强化的形成。","Score":5,"Options":[{"Sign":"A","Content":"对毒品反映减弱"},{"Sign":"B","Content":"身体依赖性的产生"},{"Sign":"C","Content":"对毒品反映增强"},{"Sign":"D","Content":"身体依赖性的消失"}]}]}