{"RandomPaperID":491,"Questions":[{"QuestionID":305,"QuestionType":"禁毒知识","Content":"下列哪条不是吸毒成瘾严重的认定标准：","Score":5,"Options":[{"Sign":"A","Content":"有戒断症状或者有证据证明吸毒史，包括曾经因使用毒品被公安机关查处、曾经进行自愿戒毒、人体毛发样品检测出毒品成分等情形"},{"Sign":"B","Content":"经被责令社区戒毒、强制隔离戒毒（含《禁毒法》实施以前被强制戒毒或者劳教戒毒）、社区康复或者参加过戒毒药物维持治疗，再次吸食、注射毒品的"},{"Sign":"C","Content":"有证据证明其采取注射方式使用毒品或者多次使用两类以上毒品的"},{"Sign":"D","Content":"有证据证明其使用毒品后伴有聚众淫乱、自伤自残或者暴力侵犯他人人身、财产安全或者妨害公共安全等行为的"}]},{"QuestionID":85,"QuestionType":"禁毒知识","Content":"根据我国现行法律法规，对夫妻一方在从事赌博、吸毒等违法犯罪活动中所负债务，另一方仍需承担责任。","Score":5,"Options":[{"Sign":"A","Content":"正确"},{"Sign":"B","Content":"错误"}]},{"QuestionID":118,"QuestionType":"禁毒知识","Content":"金新月国际毒源地是指以下哪几个国家的交界地带？","Score":5,"Options":[{"Sign":"A","Content":"老挝、缅甸、泰国"},{"Sign":"B","Content":"伊朗、阿富汗、巴基斯坦"},{"Sign":"C","Content":"印度、斯里兰卡、阿联酋"},{"Sign":"D","Content":"新加坡、伊朗、菲律宾"}]},{"QuestionID":254,"QuestionType":"禁毒知识","Content":"我国的禁毒方针是“禁吸、禁贩、禁种、禁制”。","Score":5,"Options":[{"Sign":"A","Content":"正确"},{"Sign":"B","Content":"错误"}]},{"QuestionID":148,"QuestionType":"禁毒知识","Content":"强制隔离戒毒人员的戒毒相关费用由其本人承担。","Score":5,"Options":[{"Sign":"A","Content":"正确"},{"Sign":"B","Content":"错误"}]},{"QuestionID":120,"QuestionType":"禁毒知识","Content":"经有关部门批准，个人可以开办戒毒脱瘾治疗业务。","Score":5,"Options":[{"Sign":"A","Content":"正确"},{"Sign":"B","Content":"错误"}]},{"QuestionID":337,"QuestionType":"禁毒知识","Content":"鸦片，俗称大烟、烟土、福寿膏、阿片，其原植物是罂粟。","Score":5,"Options":[{"Sign":"A","Content":"正确"},{"Sign":"B","Content":"错误"}]},{"QuestionID":144,"QuestionType":"禁毒知识","Content":"强迫他人吸毒、注射毒品的，处（    ）有期徒刑，并处罚金。","Score":5,"Options":[{"Sign":"A","Content":"1年以上3年以下"},{"Sign":"B","Content":"3年以上6年以下"},{"Sign":"C","Content":"3年以上10年以下"},{"Sign":"D","Content":"3年以上7年以下"}]},{"QuestionID":329,"QuestionType":"禁毒知识","Content":"心理治疗在戒毒过程中有着重要的作用。","Score":5,"Options":[{"Sign":"A","Content":"正确"},{"Sign":"B","Content":"错误"}]},{"QuestionID":399,"QuestionType":"禁毒知识","Content":"在我国目前现有的几种戒毒模式中，具有限制人身自由的行政强制措施性质的是（　） 。","Score":5,"Options":[{"Sign":"A","Content":"自愿戒毒"},{"Sign":"B","Content":"社区戒毒与社区康复"},{"Sign":"C","Content":"强制隔离戒毒"},{"Sign":"D","Content":"以上均不属于"}]},{"QuestionID":62,"QuestionType":"禁毒知识","Content":"对于容留他人吸食、注射毒品或者介绍买卖毒品，构成犯罪的，依法追究刑事责任;尚不构成犯罪的，由公安机关处十日以上十五日以下拘留，可以并处三千元以下罚款。","Score":5,"Options":[{"Sign":"A","Content":"正确"},{"Sign":"B","Content":"错误"}]},{"QuestionID":255,"QuestionType":"禁毒知识","Content":"我国近代史上著名的“虎门销烟”中销毁的是哪种烟？","Score":5,"Options":[{"Sign":"A","Content":"鸦片烟"},{"Sign":"B","Content":"卷烟"},{"Sign":"C","Content":"大麻烟"}]},{"QuestionID":290,"QuestionType":"禁毒知识","Content":"吸毒者既是违法者又是病人。","Score":5,"Options":[{"Sign":"A","Content":"正确"},{"Sign":"B","Content":"错误"}]},{"QuestionID":153,"QuestionType":"禁毒知识","Content":"青少年要远离毒品，增强自我保护意识，其中最重要的因素是（　）。（  ）","Score":5,"Options":[{"Sign":"A","Content":"社会环境"},{"Sign":"B","Content":"家庭"},{"Sign":"C","Content":"人自身"},{"Sign":"D","Content":"身边朋友"}]},{"QuestionID":307,"QuestionType":"禁毒知识","Content":"下列那种毒品常用鼻吸的方式吸食？（  ）","Score":5,"Options":[{"Sign":"A","Content":"麻古"},{"Sign":"B","Content":"古柯"},{"Sign":"C","Content":"K粉"},{"Sign":"D","Content":"冰毒"}]},{"QuestionID":374,"QuestionType":"禁毒知识","Content":"引诱、教唆、欺骗或者强迫（ ）吸食、注射毒品的，从重处罚。","Score":5,"Options":[{"Sign":"A","Content":"成年人"},{"Sign":"B","Content":"未成年人"},{"Sign":"C","Content":"妇女"}]},{"QuestionID":70,"QuestionType":"禁毒知识","Content":"非法持有甲基苯丙胺（即冰毒）（　）以上的，构成非法持有毒品罪。","Score":5,"Options":[{"Sign":"A","Content":"5克"},{"Sign":"B","Content":"10克"},{"Sign":"C","Content":"15克"},{"Sign":"D","Content":"20克"}]},{"QuestionID":88,"QuestionType":"禁毒知识","Content":"公安机关在吸毒检测过程中，采集女性被检测人尿液检测样本，应由（  ）进行。","Score":5,"Options":[{"Sign":"A","Content":"检测人"},{"Sign":"B","Content":"民警"},{"Sign":"C","Content":"女性工作人员"},{"Sign":"D","Content":"医生"}]},{"QuestionID":292,"QuestionType":"禁毒知识","Content":"吸食、注射毒品严重破坏人体的生理机能和免疫机能，引起各种并发症，最终导致（ ）。","Score":5,"Options":[{"Sign":"A","Content":"昏睡"},{"Sign":"B","Content":"毒瘾发作"},{"Sign":"C","Content":"吸毒死亡"}]},{"QuestionID":101,"QuestionType":"禁毒知识","Content":"海洛因同吗啡相比，其成瘾性（  ）。","Score":5,"Options":[{"Sign":"A","Content":"更强"},{"Sign":"B","Content":"较弱"},{"Sign":"C","Content":"相当"},{"Sign":"D","Content":"更弱"}]}]}