{"RandomPaperID":497,"Questions":[{"QuestionID":203,"QuestionType":"禁毒知识","Content":"一个完整的戒毒过程，包含（ ）。","Score":5,"Options":[{"Sign":"A","Content":"脱毒、康复、回归社会三部分"},{"Sign":"B","Content":"B强制戒毒一部分"},{"Sign":"C","Content":"社区戒毒"},{"Sign":"D","Content":"社区康复"}]},{"QuestionID":189,"QuestionType":"禁毒知识","Content":"吸食K粉、摇头丸等药物会导致血压上升、心跳过快、心律失常，甚至可能诱发精神分裂症及急性心脑疾病。但不会致人死亡。","Score":5,"Options":[{"Sign":"A","Content":"正确"},{"Sign":"B","Content":"错误"}]},{"QuestionID":156,"QuestionType":"禁毒知识","Content":"任何陌生人委托我们帮他保管任何物品，我们都应该拒绝。（  ）","Score":5,"Options":[{"Sign":"A","Content":"正确"},{"Sign":"B","Content":"错误"}]},{"QuestionID":388,"QuestionType":"禁毒知识","Content":"预防吸毒的有效措施有（　） 。","Score":5,"Options":[{"Sign":"A","Content":"远离特殊人群、特殊场所、特殊嗜好"},{"Sign":"B","Content":"毒品知识的教育，认清毒品的危害"},{"Sign":"C","Content":"不结交社会上的吸毒朋友"},{"Sign":"D","Content":"以上选项都是"}]},{"QuestionID":14,"QuestionType":"禁毒知识","Content":"（ ） 化学名称叫二乙酰吗啡,呈灰白色粉末状,也就是人们所说的“白粉”、“白面”。","Score":5,"Options":[{"Sign":"A","Content":"冰毒"},{"Sign":"B","Content":"可卡因"},{"Sign":"C","Content":"海洛因"},{"Sign":"D","Content":"美沙酮"}]},{"QuestionID":374,"QuestionType":"禁毒知识","Content":"引诱、教唆、欺骗或者强迫（ ）吸食、注射毒品的，从重处罚。","Score":5,"Options":[{"Sign":"A","Content":"成年人"},{"Sign":"B","Content":"未成年人"},{"Sign":"C","Content":"妇女"}]},{"QuestionID":387,"QuestionType":"禁毒知识","Content":"娱乐场所应当开展禁毒宣传教育，建立巡查制度，发现娱乐场所内 有毒品违法犯罪活的，应当（　）。","Score":5,"Options":[{"Sign":"A","Content":"自行处理"},{"Sign":"B","Content":"立即向公安机关报告"},{"Sign":"C","Content":"自愿报告"}]},{"QuestionID":284,"QuestionType":"禁毒知识","Content":"吸毒是国家法律禁止的行为。","Score":5,"Options":[{"Sign":"A","Content":"正确"},{"Sign":"B","Content":"错误"}]},{"QuestionID":11,"QuestionType":"禁毒知识","Content":"强制隔离戒毒场所的设置、管理体制和经费保障，可由各地政府视财政情况自行规定。","Score":5,"Options":[{"Sign":"A","Content":"正确"},{"Sign":"B","Content":"错误"}]},{"QuestionID":413,"QuestionType":"禁毒知识","Content":"长期吸食以后，情绪亢奋冲动。就算是停止复吸，戒断很久以后，都容易出现幻听、幻觉、被害妄想等精神病稽延症状。这是（　）类毒品的精神病态特征。","Score":5,"Options":[{"Sign":"A","Content":"大麻类"},{"Sign":"B","Content":"鸦片类"},{"Sign":"C","Content":"苯丙胺类"},{"Sign":"D","Content":"古柯类"}]},{"QuestionID":380,"QuestionType":"禁毒知识","Content":"我国目前海洛因仍然在医疗上使用吗？","Score":5,"Options":[{"Sign":"A","Content":"常使用"},{"Sign":"B","Content":"不使用"},{"Sign":"C","Content":"偶尔使用"}]},{"QuestionID":415,"QuestionType":"禁毒知识","Content":"只要处于观赏的目的，种植大麻、古柯或罂粟就是合法的。以上说法正确吗?","Score":5,"Options":[{"Sign":"A","Content":"正确"},{"Sign":"B","Content":"错误"}]},{"QuestionID":22,"QuestionType":"禁毒知识","Content":"《禁毒法》规定，禁止非法（  ）麻醉药品、精神药品和易制毒化学品的制造方法。公安机关接到举报或者发现此类情况，应当及时依法查处。","Score":5,"Options":[{"Sign":"A","Content":"贩卖"},{"Sign":"B","Content":"传播"},{"Sign":"C","Content":"传授"},{"Sign":"D","Content":"获取"}]},{"QuestionID":129,"QuestionType":"禁毒知识","Content":"利用未成年人运输毒品的按照《刑法》规定如何处罚（  ）","Score":5,"Options":[{"Sign":"A","Content":"以教唆罪论处"},{"Sign":"B","Content":"以运输毒品罪处罚"},{"Sign":"C","Content":"以运输毒品罪从重处罚"},{"Sign":"D","Content":"以诈骗罪处罚"}]},{"QuestionID":291,"QuestionType":"禁毒知识","Content":"吸毒者在今后的人生道路上应该选择的正确生活态度是（　）。","Score":5,"Options":[{"Sign":"A","Content":"最后吸一次，以后再也不吸了"},{"Sign":"B","Content":"及时行乐，吸毒无害"},{"Sign":"C","Content":"时而坚定，时而动摇"},{"Sign":"D","Content":"戒除毒瘾，回归社会"}]},{"QuestionID":135,"QuestionType":"禁毒知识","Content":"麦角酰二乙胺，俗称“摇脚丸”，是迷幻药物中代表，是已知药力最强的致幻剂之一。","Score":5,"Options":[{"Sign":"A","Content":"正确"},{"Sign":"B","Content":"错误"}]},{"QuestionID":323,"QuestionType":"禁毒知识","Content":"对戒毒人员戒毒的个人信息应当依法予以保密。对戒断3年未复吸的人员，不再实行动态管控。","Score":5,"Options":[{"Sign":"A","Content":"正确"},{"Sign":"B","Content":"错误"}]},{"QuestionID":332,"QuestionType":"禁毒知识","Content":"（）是指直接作用于中枢神经系统，使之兴奋或抑制，连续使用能产生依赖性的药品。","Score":5,"Options":[{"Sign":"A","Content":"麻醉药品"},{"Sign":"B","Content":"精神药品"},{"Sign":"C","Content":"新精神活性物质"}]},{"QuestionID":250,"QuestionType":"禁毒知识","Content":"我国《禁毒法》明确了“打击为主”的禁毒方针。","Score":5,"Options":[{"Sign":"A","Content":"正确"},{"Sign":"B","Content":"错误"}]},{"QuestionID":407,"QuestionType":"禁毒知识","Content":"长久以来，有人认为若只是偶尔吸食毒品，对于吸食者是不会成瘾。其实这个说法是错误的。","Score":5,"Options":[{"Sign":"A","Content":"正确"},{"Sign":"B","Content":"错误"}]}]}