{"RandomPaperID":5,"Questions":[{"QuestionID":313,"QuestionType":"禁毒知识","Content":"下列选项中属于毒品的是（  ）。","Score":5,"Options":[{"Sign":"A","Content":"瘦肉精"},{"Sign":"B","Content":"老鼠药"},{"Sign":"C","Content":"砒霜"},{"Sign":"D","Content":"K粉"}]},{"QuestionID":338,"QuestionType":"禁毒知识","Content":"鸦片、合成大麻、海洛因、可卡因是传统毒品。","Score":5,"Options":[{"Sign":"A","Content":"正确"},{"Sign":"B","Content":"错误"}]},{"QuestionID":95,"QuestionType":"禁毒知识","Content":"国家鼓励公民、组织开展公益性的禁毒宣传活动。","Score":5,"Options":[{"Sign":"A","Content":"正确"},{"Sign":"B","Content":"错误"}]},{"QuestionID":166,"QuestionType":"禁毒知识","Content":"属于（  ）种情形的，处以15年有期徒刑、无期徒刑或者死刑，并处没收财产。","Score":5,"Options":[{"Sign":"A","Content":"走私、贩卖、运输、制造鸦片200克以上不满1000克"},{"Sign":"B","Content":"走私、贩卖、运输、制造海洛因或者甲基苯丙胺10克以上"},{"Sign":"C","Content":"走私、贩卖、运输、制造海洛因或者甲基苯丙胺50克以上"},{"Sign":"D","Content":"走私、贩卖、运输、制造鸦片140克以上不满200克"}]},{"QuestionID":171,"QuestionType":"禁毒知识","Content":"我国《禁毒法》明确了（　），综合治理，禁种、禁制、禁贩、禁吸的禁毒方针？","Score":5,"Options":[{"Sign":"A","Content":"预防为本"},{"Sign":"B","Content":"预防为主"},{"Sign":"C","Content":"打击为主"},{"Sign":"D","Content":"打防并举"}]},{"QuestionID":302,"QuestionType":"禁毒知识","Content":"下列不属于合成毒品的是（　） 。","Score":5,"Options":[{"Sign":"A","Content":"海洛因"},{"Sign":"B","Content":"摇头丸"},{"Sign":"C","Content":"冰毒"},{"Sign":"D","Content":"K粉"}]},{"QuestionID":256,"QuestionType":"禁毒知识","Content":"我国近代史中的第一次“鸦片战争”是哪国发起的？","Score":5,"Options":[{"Sign":"A","Content":"美国"},{"Sign":"B","Content":"德国"},{"Sign":"C","Content":"英国"},{"Sign":"D","Content":"日本"}]},{"QuestionID":348,"QuestionType":"禁毒知识","Content":"要构筑拒毒心理防线，我们需要做到（　）。","Score":5,"Options":[{"Sign":"A","Content":"正确把握好奇心"},{"Sign":"B","Content":"抵制不良诱惑"},{"Sign":"C","Content":"养成良好的健康心理"},{"Sign":"D","Content":"以上A、B、C表述均正确"}]},{"QuestionID":1,"QuestionType":"禁毒知识","Content":"杜冷丁，又称哌替啶，为白色结晶性粉末，无臭或几乎无臭。医疗多用于针剂，滥用会成瘾，严重危害人体健康和生命安全。","Score":5,"Options":[{"Sign":"A","Content":"正确"},{"Sign":"B","Content":"错误"}]},{"QuestionID":51,"QuestionType":"禁毒知识","Content":"毒品的心理依赖是指人在多次用药后所产生的在心理上、精神上对所用药物的（　）或强制性觅药的心理倾向。","Score":5,"Options":[{"Sign":"A","Content":"被动渴求"},{"Sign":"B","Content":"客观渴求"},{"Sign":"C","Content":"主观渴求"},{"Sign":"D","Content":"B和C"}]},{"QuestionID":196,"QuestionType":"禁毒知识","Content":"下列那种表述符合毒品可卡因的危害？（  ）","Score":5,"Options":[{"Sign":"A","Content":"皮下虫行蚁走感，奇痒难忍,造成严重抓伤甚至断肢自残,情绪不稳定,容易引发暴力或攻击行为"},{"Sign":"B","Content":"情感冲动、性欲亢进、嗜舞"},{"Sign":"C","Content":"偏执、妄想、自我约束力下降"},{"Sign":"D","Content":"嗜睡，精神萎靡"}]},{"QuestionID":83,"QuestionType":"禁毒知识","Content":"根据我国《禁毒法》之规定，目前我国的禁毒模式共有自愿戒毒、社区戒毒、强制隔离戒毒三种。","Score":5,"Options":[{"Sign":"A","Content":"正确"},{"Sign":"B","Content":"错误"}]},{"QuestionID":359,"QuestionType":"禁毒知识","Content":"以下几种毒品，成瘾性和毒副作用最强的是（　）。","Score":5,"Options":[{"Sign":"A","Content":"古柯叶"},{"Sign":"B","Content":"海洛因"},{"Sign":"C","Content":"鸦片"},{"Sign":"D","Content":"大麻"}]},{"QuestionID":119,"QuestionType":"禁毒知识","Content":"禁毒志愿者在志愿服务中过程中造成服务对象或者其他相关人损害，由组织志愿服务的禁毒青年志愿者组织依法承担民事责任。","Score":5,"Options":[{"Sign":"A","Content":"正确"},{"Sign":"B","Content":"错误"}]},{"QuestionID":39,"QuestionType":"禁毒知识","Content":"从毒品对人的中枢神经的作用看，可分为抑制剂、致幻剂和兴奋剂等，其中属于抑制剂的毒品种类是（  ）。","Score":5,"Options":[{"Sign":"A","Content":"巴比妥类"},{"Sign":"B","Content":"苯丙胺类"},{"Sign":"C","Content":"麦司卡林"},{"Sign":"D","Content":"LSD"}]},{"QuestionID":29,"QuestionType":"禁毒知识","Content":"《中华人民共和国刑法》规定，走私、贩卖、运输、制造鸦片不满二百克、海洛因或者甲基苯丙胺不满（  ）克或者其他少量毒品的，处三年以下有期徒刑、拘役或者管制，并处罚金；情节严重的，处三年以上七年以下有期徒刑，并处罚金。","Score":5,"Options":[{"Sign":"A","Content":"十"},{"Sign":"B","Content":"二十"},{"Sign":"C","Content":"三十"},{"Sign":"D","Content":"四十"}]},{"QuestionID":292,"QuestionType":"禁毒知识","Content":"吸食、注射毒品严重破坏人体的生理机能和免疫机能，引起各种并发症，最终导致（ ）。","Score":5,"Options":[{"Sign":"A","Content":"昏睡"},{"Sign":"B","Content":"毒瘾发作"},{"Sign":"C","Content":"吸毒死亡"}]},{"QuestionID":433,"QuestionType":"禁毒知识","Content":"《全国青少年毒品预防教育规划（2016—2018）》要求，毒情严重地区每个学校至少配备一名校外(  )。","Score":5,"Options":[{"Sign":"A","Content":"法制副校长"},{"Sign":"B","Content":"禁毒辅导员"},{"Sign":"C","Content":"禁毒副校长"}]},{"QuestionID":109,"QuestionType":"禁毒知识","Content":"教育部门应编写禁毒教材，各级各类学校必须专门开设禁毒教育课，将禁毒教育列为学校教育的内容。","Score":5,"Options":[{"Sign":"A","Content":"正确"},{"Sign":"B","Content":"错误"}]},{"QuestionID":33,"QuestionType":"禁毒知识","Content":"安纳咖，外观常为针剂，也有本色粉末状，长期使用会产生药物耐受性但不需要不断加大用药剂量。","Score":5,"Options":[{"Sign":"A","Content":"正确"},{"Sign":"B","Content":"错误"}]}]}