{"RandomPaperID":501,"Questions":[{"QuestionID":81,"QuestionType":"禁毒知识","Content":"根据市场需求与大众要求，依法可以生产、经营、使用、储存、运输麻醉药品和精神药品。","Score":5,"Options":[{"Sign":"A","Content":"正确"},{"Sign":"B","Content":"错误"}]},{"QuestionID":86,"QuestionType":"禁毒知识","Content":"公安机关对吸毒成瘾人员决定予以强制隔离戒毒的，应当制作强制隔离戒毒决定书，在执行强制隔离戒毒前送达被决定人，并在送达后（　）以内通知被决定人的家属、所在单位和户籍所在地公安派出所。","Score":5,"Options":[{"Sign":"A","Content":"48小时"},{"Sign":"B","Content":"24小时"},{"Sign":"C","Content":"三天"},{"Sign":"D","Content":"一周"}]},{"QuestionID":214,"QuestionType":"禁毒知识","Content":"娱乐场所应当建立（ ）制度，发现娱乐场所内有毒品违法犯罪活动的，应当立即向公安机关报告。","Score":5,"Options":[{"Sign":"A","Content":"查验"},{"Sign":"B","Content":"监测"},{"Sign":"C","Content":"巡查"},{"Sign":"D","Content":"抽查"}]},{"QuestionID":55,"QuestionType":"禁毒知识","Content":"毒品与药品，往往具有双重属性，只要为人解除痛苦的就是药品。","Score":5,"Options":[{"Sign":"A","Content":"正确"},{"Sign":"B","Content":"错误"}]},{"QuestionID":247,"QuestionType":"禁毒知识","Content":"“虎门销烟”是哪一天开始的（）。","Score":5,"Options":[{"Sign":"A","Content":"1839年6月3日"},{"Sign":"B","Content":"1840年6月9日"},{"Sign":"C","Content":"1841年7月17日"},{"Sign":"D","Content":"1842年10月10日"}]},{"QuestionID":283,"QuestionType":"禁毒知识","Content":"吸毒如果仅仅偶尔吸一两次，一般都不会上瘾。这种说法（  ）","Score":5,"Options":[{"Sign":"A","Content":"正确"},{"Sign":"B","Content":"错误"}]},{"QuestionID":205,"QuestionType":"禁毒知识","Content":"以下哪个法令中第一次明确了保护青少年不受毒品危害的规定。（  ）","Score":5,"Options":[{"Sign":"A","Content":"《刑法》"},{"Sign":"B","Content":"《预防未成年人犯罪法》"},{"Sign":"C","Content":"《未成年人保护法》"},{"Sign":"D","Content":"《危险毒品条例》"}]},{"QuestionID":291,"QuestionType":"禁毒知识","Content":"吸毒者在今后的人生道路上应该选择的正确生活态度是（　）。","Score":5,"Options":[{"Sign":"A","Content":"最后吸一次，以后再也不吸了"},{"Sign":"B","Content":"及时行乐，吸毒无害"},{"Sign":"C","Content":"时而坚定，时而动摇"},{"Sign":"D","Content":"戒除毒瘾，回归社会"}]},{"QuestionID":95,"QuestionType":"禁毒知识","Content":"国家鼓励公民、组织开展公益性的禁毒宣传活动。","Score":5,"Options":[{"Sign":"A","Content":"正确"},{"Sign":"B","Content":"错误"}]},{"QuestionID":385,"QuestionType":"禁毒知识","Content":"有人说大麻成瘾性小，偶尔吸食一两次没关系；但实际上大麻危害极大，吸食会造成“致畸、致癌、致突变”。","Score":5,"Options":[{"Sign":"A","Content":"正确"},{"Sign":"B","Content":"错误"}]},{"QuestionID":202,"QuestionType":"禁毒知识","Content":"要构筑良好的拒毒心理防线只需做到正确把握好奇心，抵制不良诱惑即可。","Score":5,"Options":[{"Sign":"A","Content":"正确"},{"Sign":"B","Content":"错误"}]},{"QuestionID":25,"QuestionType":"禁毒知识","Content":"《禁毒法》规定的禁毒工作机制是（　）。","Score":5,"Options":[{"Sign":"A","Content":"党委统一领导，政府各部门各司其责，全社会广泛参与"},{"Sign":"B","Content":"政府统一领导，有关部门各负其责，社会广泛参与"},{"Sign":"C","Content":"党委政府统一领导，各有关部门各司其责，社会广泛参与"},{"Sign":"D","Content":"党委政府领导，各有关部门各负其责，全社会广泛参与"}]},{"QuestionID":159,"QuestionType":"禁毒知识","Content":"如果有人在我们周围大量生产制造冰毒，很容易产生大量刺鼻的刺激性气味。这种说法正确吗？","Score":5,"Options":[{"Sign":"A","Content":"正确"},{"Sign":"B","Content":"错误"}]},{"QuestionID":352,"QuestionType":"禁毒知识","Content":"要想真正远离毒品，我们首先就必须要了解人们选择吸食毒品之原因。","Score":5,"Options":[{"Sign":"A","Content":"正确"},{"Sign":"B","Content":"错误"}]},{"QuestionID":13,"QuestionType":"禁毒知识","Content":"（  ）俗称K粉，属于合成类新型毒品。","Score":5,"Options":[{"Sign":"A","Content":"氯胺酮"},{"Sign":"B","Content":"海洛因"},{"Sign":"C","Content":"大麻"},{"Sign":"D","Content":"美沙酮"}]},{"QuestionID":415,"QuestionType":"禁毒知识","Content":"只要处于观赏的目的，种植大麻、古柯或罂粟就是合法的。以上说法正确吗?","Score":5,"Options":[{"Sign":"A","Content":"正确"},{"Sign":"B","Content":"错误"}]},{"QuestionID":222,"QuestionType":"禁毒知识","Content":"长期吸食以后，情绪激昂冲动。就算是停止复吸，戒断很久以后，都容易出现幻听、幻觉、被害妄想等精神病稽延症状。这是（　）类毒品的精神病态特征。","Score":5,"Options":[{"Sign":"A","Content":"麻醉类"},{"Sign":"B","Content":"海洛因"},{"Sign":"C","Content":"苯丙胺(冰毒)"},{"Sign":"D","Content":"杜冷丁"}]},{"QuestionID":51,"QuestionType":"禁毒知识","Content":"毒品的心理依赖是指人在多次用药后所产生的在心理上、精神上对所用药物的（　）或强制性觅药的心理倾向。","Score":5,"Options":[{"Sign":"A","Content":"被动渴求"},{"Sign":"B","Content":"客观渴求"},{"Sign":"C","Content":"主观渴求"},{"Sign":"D","Content":"B和C"}]},{"QuestionID":274,"QuestionType":"禁毒知识","Content":"尿检呈现阳性，说明被检测者有吸毒行为（   ）","Score":5,"Options":[{"Sign":"A","Content":"正确"},{"Sign":"B","Content":"错误"}]},{"QuestionID":264,"QuestionType":"禁毒知识","Content":"我们在网络上和陌生人交流和交友的时候，应该保持警惕心，不能轻易泄露自己的个人信息。（  ）","Score":5,"Options":[{"Sign":"A","Content":"正确"},{"Sign":"B","Content":"错误"}]}]}