{"RandomPaperID":502,"Questions":[{"QuestionID":235,"QuestionType":"禁毒知识","Content":"世界上生产的鸦片类毒品最多的国家是（　） ?","Score":5,"Options":[{"Sign":"A","Content":"缅甸"},{"Sign":"B","Content":"阿富汗"},{"Sign":"C","Content":"哥伦比亚"},{"Sign":"D","Content":"墨西哥"}]},{"QuestionID":365,"QuestionType":"禁毒知识","Content":"以下属于古柯类毒品的是（　）。","Score":5,"Options":[{"Sign":"A","Content":"吗啡"},{"Sign":"B","Content":"快克"},{"Sign":"C","Content":"安眠酮"},{"Sign":"D","Content":"咖啡因"}]},{"QuestionID":421,"QuestionType":"禁毒知识","Content":"制定《禁毒法》的必要性是（  ）","Score":5,"Options":[{"Sign":"A","Content":"应对严峻的毒品违法犯罪形势的需要"},{"Sign":"B","Content":"进一步完善我国预防和惩治毒品违法犯罪法律体系的需要"},{"Sign":"C","Content":"履行国际禁毒公约的需要"},{"Sign":"D","Content":"A.B和C"}]},{"QuestionID":426,"QuestionType":"禁毒知识","Content":"中学生应该怎样做才能远离毒品、拒绝毒品？（  ）","Score":5,"Options":[{"Sign":"A","Content":"了解毒品的特征"},{"Sign":"B","Content":"认识到毒品的危害"},{"Sign":"C","Content":"能够辨别毒品"},{"Sign":"D","Content":"以上选项都是"}]},{"QuestionID":425,"QuestionType":"禁毒知识","Content":"中宣部、中央网信办、公安部等14个部门联合制定的《全国青少年毒品预防教育工作规划（2016——2018）》规定，要力争用3年时间，使18岁以下未成年人涉毒违法犯罪人数占涉毒违法犯罪总人数比例不高于：","Score":5,"Options":[{"Sign":"A","Content":"0.3%"},{"Sign":"B","Content":"0.4%"},{"Sign":"C","Content":"0.5%"},{"Sign":"D","Content":"0.6%"}]},{"QuestionID":432,"QuestionType":"禁毒知识","Content":"学校是毒品预防教育的主阵地，课堂是主渠道","Score":5,"Options":[{"Sign":"A","Content":"正确"},{"Sign":"B","Content":"错误"}]},{"QuestionID":222,"QuestionType":"禁毒知识","Content":"长期吸食以后，情绪激昂冲动。就算是停止复吸，戒断很久以后，都容易出现幻听、幻觉、被害妄想等精神病稽延症状。这是（　）类毒品的精神病态特征。","Score":5,"Options":[{"Sign":"A","Content":"麻醉类"},{"Sign":"B","Content":"海洛因"},{"Sign":"C","Content":"苯丙胺(冰毒)"},{"Sign":"D","Content":"杜冷丁"}]},{"QuestionID":60,"QuestionType":"禁毒知识","Content":"对严重违反社区戒毒协议或者在社区戒毒期间又吸食、注射毒品的，参与社区戒毒的工作人员应当（ ）。","Score":5,"Options":[{"Sign":"A","Content":"进行劝导"},{"Sign":"B","Content":"进行批评、教育"},{"Sign":"C","Content":"及时向公安机关报告"},{"Sign":"D","Content":"对其执行强制隔离戒毒"}]},{"QuestionID":353,"QuestionType":"禁毒知识","Content":"要养成良好的生活习惯、行为习惯，不吸烟，不饮酒，不涉足青少年不宜进入的场所，包括歌舞厅、游戏厅、酒吧等地方，以（  ）。","Score":5,"Options":[{"Sign":"A","Content":"远离毒品"},{"Sign":"B","Content":"亲近毒品"}]},{"QuestionID":151,"QuestionType":"禁毒知识","Content":"青少年如何防止吸毒?（  ）","Score":5,"Options":[{"Sign":"A","Content":"接受毒品基本知识和禁毒法律法规教育"},{"Sign":"B","Content":"树立正确的人生观，不盲目追求享受"},{"Sign":"C","Content":"不听信毒品能治病，毒品能解脱烦恼和痛苦"},{"Sign":"D","Content":"以上选项都是"}]},{"QuestionID":54,"QuestionType":"禁毒知识","Content":"毒品是使用后能够产生（　）的物质。","Score":5,"Options":[{"Sign":"A","Content":"危害性"},{"Sign":"B","Content":"依赖性"},{"Sign":"C","Content":"兴奋性"},{"Sign":"D","Content":"抑制性"}]},{"QuestionID":383,"QuestionType":"禁毒知识","Content":"有关单位及其工作人员在入学、就业、享受社会保障等方面歧视戒毒人员的，由教育行政部门、劳动行政部门责令改正；给当事人造成损失的，依法承担赔偿责任。以上说法正确吗？（  ）","Score":5,"Options":[{"Sign":"A","Content":"正确"},{"Sign":"B","Content":"错误"}]},{"QuestionID":39,"QuestionType":"禁毒知识","Content":"从毒品对人的中枢神经的作用看，可分为抑制剂、致幻剂和兴奋剂等，其中属于抑制剂的毒品种类是（  ）。","Score":5,"Options":[{"Sign":"A","Content":"巴比妥类"},{"Sign":"B","Content":"苯丙胺类"},{"Sign":"C","Content":"麦司卡林"},{"Sign":"D","Content":"LSD"}]},{"QuestionID":134,"QuestionType":"禁毒知识","Content":"吗啡一般是从（   ）中提炼出来的？","Score":5,"Options":[{"Sign":"A","Content":"海洛因"},{"Sign":"B","Content":"鸦片"},{"Sign":"C","Content":"古柯叶"},{"Sign":"D","Content":"大麻"}]},{"QuestionID":260,"QuestionType":"禁毒知识","Content":"我国目前吸毒人员主要以吸食海洛因为主，大约占70%以上。","Score":5,"Options":[{"Sign":"A","Content":"正确"},{"Sign":"B","Content":"错误"}]},{"QuestionID":388,"QuestionType":"禁毒知识","Content":"预防吸毒的有效措施有（　） 。","Score":5,"Options":[{"Sign":"A","Content":"远离特殊人群、特殊场所、特殊嗜好"},{"Sign":"B","Content":"毒品知识的教育，认清毒品的危害"},{"Sign":"C","Content":"不结交社会上的吸毒朋友"},{"Sign":"D","Content":"以上选项都是"}]},{"QuestionID":233,"QuestionType":"禁毒知识","Content":"世界上第一个国际禁毒公约是（　） 。","Score":5,"Options":[{"Sign":"A","Content":"《1971年精神药物公约》"},{"Sign":"B","Content":"《海牙禁烟公约》"},{"Sign":"C","Content":"《61公约》"},{"Sign":"D","Content":"《88公约》"}]},{"QuestionID":124,"QuestionType":"禁毒知识","Content":"咖啡因是由化学合成或从茶叶、咖啡果中提炼出来的一种生物碱，是毒品；头疼粉中含有定量的咖啡因，所以人们服用服食头疼粉的行为是吸毒。","Score":5,"Options":[{"Sign":"A","Content":"正确"},{"Sign":"B","Content":"错误"}]},{"QuestionID":50,"QuestionType":"禁毒知识","Content":"第一次将毒品犯罪规定为国际犯罪的公约是（　） 。","Score":5,"Options":[{"Sign":"A","Content":"《禁止非法贩运麻醉药品和精神药物公约》"},{"Sign":"B","Content":"《海牙鸦片公约》"},{"Sign":"C","Content":"《日内瓦禁毒公约》"},{"Sign":"D","Content":"《麻醉药品单一公约》"}]},{"QuestionID":244,"QuestionType":"禁毒知识","Content":"为了安全起见，我们应该拒绝陌生人给的糖果、点心或任何饮料。（  ）","Score":5,"Options":[{"Sign":"A","Content":"正确"},{"Sign":"B","Content":"错误"}]}]}