{"RandomPaperID":506,"Questions":[{"QuestionID":216,"QuestionType":"禁毒知识","Content":"在迪厅、酒吧、KTV等娱乐场所，如果你看到了一种红色药丸（或药片）状的东西，那你可能就是看到了（　），千万小心不要沾染。（  ）","Score":5,"Options":[{"Sign":"A","Content":"跳跳糖"},{"Sign":"B","Content":"彩球糖"},{"Sign":"C","Content":"摇头丸或麻古"},{"Sign":"D","Content":"山楂丸"}]},{"QuestionID":366,"QuestionType":"禁毒知识","Content":"以下属于青少年所面临的毒品陷阱是（　）  。","Score":5,"Options":[{"Sign":"A","Content":"吸毒朋友的影响"},{"Sign":"B","Content":"毒贩子的毒招"},{"Sign":"C","Content":"明星和“榜样”的效应"},{"Sign":"D","Content":"以上A.B.C三项均是"}]},{"QuestionID":431,"QuestionType":"禁毒知识","Content":"《全国青少年毒品预防教育规划（2016—2018）》要求，2017年年底前，全国300万人口以上大城市各建(  )所禁毒教育基地","Score":5,"Options":[{"Sign":"A","Content":"1"},{"Sign":"B","Content":"2"},{"Sign":"C","Content":"3"}]},{"QuestionID":302,"QuestionType":"禁毒知识","Content":"下列不属于合成毒品的是（　） 。","Score":5,"Options":[{"Sign":"A","Content":"海洛因"},{"Sign":"B","Content":"摇头丸"},{"Sign":"C","Content":"冰毒"},{"Sign":"D","Content":"K粉"}]},{"QuestionID":172,"QuestionType":"禁毒知识","Content":"我国《刑法》对毒品犯罪的刑事责任年龄的规定，对已满14周岁不满16周岁的人，犯贩卖毒品罪的，应当（  ）。","Score":5,"Options":[{"Sign":"A","Content":"负刑事责任"},{"Sign":"B","Content":"从轻或减轻处罚"},{"Sign":"C","Content":"不予刑事处罚"},{"Sign":"D","Content":"责令其家长或者监护人加以管教，必要时，也可以由政府收容教养"}]},{"QuestionID":159,"QuestionType":"禁毒知识","Content":"如果有人在我们周围大量生产制造冰毒，很容易产生大量刺鼻的刺激性气味。这种说法正确吗？","Score":5,"Options":[{"Sign":"A","Content":"正确"},{"Sign":"B","Content":"错误"}]},{"QuestionID":26,"QuestionType":"禁毒知识","Content":"《刑法》规定非法种植罂粟（　） 株以上构成犯罪。","Score":5,"Options":[{"Sign":"A","Content":"1000"},{"Sign":"B","Content":"500"},{"Sign":"C","Content":"5000"},{"Sign":"D","Content":"8000"}]},{"QuestionID":85,"QuestionType":"禁毒知识","Content":"根据我国现行法律法规，对夫妻一方在从事赌博、吸毒等违法犯罪活动中所负债务，另一方仍需承担责任。","Score":5,"Options":[{"Sign":"A","Content":"正确"},{"Sign":"B","Content":"错误"}]},{"QuestionID":138,"QuestionType":"禁毒知识","Content":"蘑菇是一种蔬菜。郊外雨后的草地上长出了漂亮的新鲜蘑菇，所以我们可以把这些漂亮的野蘑菇随便采回家里做菜吃。（  ）","Score":5,"Options":[{"Sign":"A","Content":"正确"},{"Sign":"B","Content":"错误"}]},{"QuestionID":121,"QuestionType":"禁毒知识","Content":"精神药品的原料和制剂，按国家计划调拨，生产单位不得自行销售。","Score":5,"Options":[{"Sign":"A","Content":"正确"},{"Sign":"B","Content":"错误"}]},{"QuestionID":283,"QuestionType":"禁毒知识","Content":"吸毒如果仅仅偶尔吸一两次，一般都不会上瘾。这种说法（  ）","Score":5,"Options":[{"Sign":"A","Content":"正确"},{"Sign":"B","Content":"错误"}]},{"QuestionID":46,"QuestionType":"禁毒知识","Content":"到民国时期，（　）已经取代英国成为向中国输入毒品最多的国家。","Score":5,"Options":[{"Sign":"A","Content":"美国"},{"Sign":"B","Content":"荷兰"},{"Sign":"C","Content":"日本"},{"Sign":"D","Content":"意大利"}]},{"QuestionID":279,"QuestionType":"禁毒知识","Content":"吸毒人群中青少年所占比例较高，吸毒群体趋于低龄化。","Score":5,"Options":[{"Sign":"A","Content":"正确"},{"Sign":"B","Content":"错误"}]},{"QuestionID":147,"QuestionType":"禁毒知识","Content":"强制隔离戒毒期满前，经诊断评估，对于需要延长戒毒期限的戒毒人员，由强制隔离戒毒场所提出延长戒毒期限的意见，报强制隔离戒毒的决定机关批准。强制隔离戒毒的最长延长期限不得超过半年。","Score":5,"Options":[{"Sign":"A","Content":"正确"},{"Sign":"B","Content":"错误"}]},{"QuestionID":75,"QuestionType":"禁毒知识","Content":"复吸的一律强制隔离戒毒。","Score":5,"Options":[{"Sign":"A","Content":"正确"},{"Sign":"B","Content":"错误"}]},{"QuestionID":197,"QuestionType":"禁毒知识","Content":"下列那种属于兴奋剂？","Score":5,"Options":[{"Sign":"A","Content":"摇头丸"},{"Sign":"B","Content":"二甲基色胺"},{"Sign":"C","Content":"巴比妥"},{"Sign":"D","Content":"吗啡"}]},{"QuestionID":193,"QuestionType":"禁毒知识","Content":"吸食可卡因可能导致心律不齐，血压升高，心肺与肝功能损害，丧失判断能力，产生幻觉出现自杀等。这种说法正确吗？","Score":5,"Options":[{"Sign":"A","Content":"正确"},{"Sign":"B","Content":"错误"}]},{"QuestionID":16,"QuestionType":"禁毒知识","Content":"（ ）俗名“可可精”，是从古柯叶中分离出来的一种最主要的生物碱，属中枢神经兴奋剂，呈白色晶体状，无气味，味略苦而麻，兴奋作用强。","Score":5,"Options":[{"Sign":"A","Content":"海洛因"},{"Sign":"B","Content":"可卡因"},{"Sign":"C","Content":"大麻"},{"Sign":"D","Content":"鸦片"}]},{"QuestionID":59,"QuestionType":"禁毒知识","Content":"对吸毒成瘾人员，公安机关可以责令其接受（  ），期限为三年，同时通知吸毒人员户籍所在地或者现居住地的城市街道办事处、乡镇人民政府。","Score":5,"Options":[{"Sign":"A","Content":"社区戒毒"},{"Sign":"B","Content":"强制隔离戒毒"},{"Sign":"C","Content":"限期戒毒"},{"Sign":"D","Content":"社区康复"}]},{"QuestionID":66,"QuestionType":"禁毒知识","Content":"发现吸贩毒情况，想向公安机关举报应拨打电话号码（  ）。","Score":5,"Options":[{"Sign":"A","Content":"114"},{"Sign":"B","Content":"119"},{"Sign":"C","Content":"110"},{"Sign":"D","Content":"120"}]}]}