{"RandomPaperID":508,"Questions":[{"QuestionID":295,"QuestionType":"禁毒知识","Content":"吸食毒品等于自我毁灭。","Score":5,"Options":[{"Sign":"A","Content":"正确"},{"Sign":"B","Content":"错误"}]},{"QuestionID":407,"QuestionType":"禁毒知识","Content":"长久以来，有人认为若只是偶尔吸食毒品，对于吸食者是不会成瘾。其实这个说法是错误的。","Score":5,"Options":[{"Sign":"A","Content":"正确"},{"Sign":"B","Content":"错误"}]},{"QuestionID":168,"QuestionType":"禁毒知识","Content":"王某在自己开垦的山地里种植罂粟，收获前他学习了《禁毒法》，将所有罂粟铲除，对于王某应该（　） 。","Score":5,"Options":[{"Sign":"A","Content":"拘留"},{"Sign":"B","Content":"罚款"},{"Sign":"C","Content":"不予处罚"},{"Sign":"D","Content":"判刑"}]},{"QuestionID":163,"QuestionType":"禁毒知识","Content":"社区戒毒的期限为（ ）。","Score":5,"Options":[{"Sign":"A","Content":"1年"},{"Sign":"B","Content":"2年"},{"Sign":"C","Content":"3年"}]},{"QuestionID":14,"QuestionType":"禁毒知识","Content":"（ ） 化学名称叫二乙酰吗啡,呈灰白色粉末状,也就是人们所说的“白粉”、“白面”。","Score":5,"Options":[{"Sign":"A","Content":"冰毒"},{"Sign":"B","Content":"可卡因"},{"Sign":"C","Content":"海洛因"},{"Sign":"D","Content":"美沙酮"}]},{"QuestionID":392,"QuestionType":"禁毒知识","Content":"孕妇涉毒犯罪有可能免除刑责。","Score":5,"Options":[{"Sign":"A","Content":"正确"},{"Sign":"B","Content":"错误"}]},{"QuestionID":37,"QuestionType":"禁毒知识","Content":"成瘾是由于(  )某种有依赖性药物或物质引起的一种慢性中毒状态。","Score":5,"Options":[{"Sign":"A","Content":"反复使用"},{"Sign":"B","Content":"一次使用"},{"Sign":"C","Content":"偶尔使用"},{"Sign":"D","Content":"曾经使用"}]},{"QuestionID":388,"QuestionType":"禁毒知识","Content":"预防吸毒的有效措施有（　） 。","Score":5,"Options":[{"Sign":"A","Content":"远离特殊人群、特殊场所、特殊嗜好"},{"Sign":"B","Content":"毒品知识的教育，认清毒品的危害"},{"Sign":"C","Content":"不结交社会上的吸毒朋友"},{"Sign":"D","Content":"以上选项都是"}]},{"QuestionID":431,"QuestionType":"禁毒知识","Content":"《全国青少年毒品预防教育规划（2016—2018）》要求，2017年年底前，全国300万人口以上大城市各建(  )所禁毒教育基地","Score":5,"Options":[{"Sign":"A","Content":"1"},{"Sign":"B","Content":"2"},{"Sign":"C","Content":"3"}]},{"QuestionID":215,"QuestionType":"禁毒知识","Content":"远离毒品的自我保护方法有（　） 。","Score":5,"Options":[{"Sign":"A","Content":"养成良好习惯"},{"Sign":"B","Content":"不在危险地方逗留"},{"Sign":"C","Content":"不接受他人的食物"},{"Sign":"D","Content":"ABC都是"}]},{"QuestionID":93,"QuestionType":"禁毒知识","Content":"国家对麻醉药品药用原植物种植实行管制。禁止非法种植罂粟、古柯植物、大麻植物以及国家规定管制的可以用于提炼加工毒品的其他原植物。","Score":5,"Options":[{"Sign":"A","Content":"正确"},{"Sign":"B","Content":"错误"}]},{"QuestionID":174,"QuestionType":"禁毒知识","Content":"我国对毒品违法犯罪尚不够成犯罪的行为予以处罚，处罚的形式有警告、罚款、行政拘留和吊销公安机关发放的许可证。","Score":5,"Options":[{"Sign":"A","Content":"正确"},{"Sign":"B","Content":"错误"}]},{"QuestionID":354,"QuestionType":"禁毒知识","Content":"一位“朋友”以“参加朋友聚会”为由将你带至他的家中，然后提出玩点“小刺激”，引诱你使用某种物品，你应该选择的拒绝方式是（  ）","Score":5,"Options":[{"Sign":"A","Content":"直接说不"},{"Sign":"B","Content":"寻找借口离开"},{"Sign":"C","Content":"提出新建议"},{"Sign":"D","Content":"ABC都是"}]},{"QuestionID":355,"QuestionType":"禁毒知识","Content":"医务人员可为自己开处方使用麻醉药品。","Score":5,"Options":[{"Sign":"A","Content":"正确"},{"Sign":"B","Content":"错误"}]},{"QuestionID":233,"QuestionType":"禁毒知识","Content":"世界上第一个国际禁毒公约是（　） 。","Score":5,"Options":[{"Sign":"A","Content":"《1971年精神药物公约》"},{"Sign":"B","Content":"《海牙禁烟公约》"},{"Sign":"C","Content":"《61公约》"},{"Sign":"D","Content":"《88公约》"}]},{"QuestionID":159,"QuestionType":"禁毒知识","Content":"如果有人在我们周围大量生产制造冰毒，很容易产生大量刺鼻的刺激性气味。这种说法正确吗？","Score":5,"Options":[{"Sign":"A","Content":"正确"},{"Sign":"B","Content":"错误"}]},{"QuestionID":260,"QuestionType":"禁毒知识","Content":"我国目前吸毒人员主要以吸食海洛因为主，大约占70%以上。","Score":5,"Options":[{"Sign":"A","Content":"正确"},{"Sign":"B","Content":"错误"}]},{"QuestionID":263,"QuestionType":"禁毒知识","Content":"我们的爸爸、妈妈、爷爷、奶奶都可以喝酒，所以我们也可以喝酒。（  ）","Score":5,"Options":[{"Sign":"A","Content":"正确"},{"Sign":"B","Content":"错误"}]},{"QuestionID":312,"QuestionType":"禁毒知识","Content":"下列物品中不属于毒品的是（　）。","Score":5,"Options":[{"Sign":"A","Content":"鸦片"},{"Sign":"B","Content":"海洛因"},{"Sign":"C","Content":"酒精"},{"Sign":"D","Content":"杜冷丁"}]},{"QuestionID":397,"QuestionType":"禁毒知识","Content":"根据毒品对于人的大脑中枢神经作用，将毒品分为合成类毒品与天然类毒品。","Score":5,"Options":[{"Sign":"A","Content":"正确"},{"Sign":"B","Content":"错误"}]}]}