{"RandomPaperID":510,"Questions":[{"QuestionID":352,"QuestionType":"禁毒知识","Content":"要想真正远离毒品，我们首先就必须要了解人们选择吸食毒品之原因。","Score":5,"Options":[{"Sign":"A","Content":"正确"},{"Sign":"B","Content":"错误"}]},{"QuestionID":262,"QuestionType":"禁毒知识","Content":"我国云南、新疆紧邻哪两大毒品产地？（  ）","Score":5,"Options":[{"Sign":"A","Content":"金三角和金新月"},{"Sign":"B","Content":"金新月和银三角"},{"Sign":"C","Content":"金三角和银三角"}]},{"QuestionID":214,"QuestionType":"禁毒知识","Content":"娱乐场所应当建立（ ）制度，发现娱乐场所内有毒品违法犯罪活动的，应当立即向公安机关报告。","Score":5,"Options":[{"Sign":"A","Content":"查验"},{"Sign":"B","Content":"监测"},{"Sign":"C","Content":"巡查"},{"Sign":"D","Content":"抽查"}]},{"QuestionID":406,"QuestionType":"禁毒知识","Content":"张某在甲市吸毒，被当地公安机关依法处理。到乙市后，当地公安机关发现其曾在甲市吸毒，乙市公安机关( )对同一行为作出处理决定。","Score":5,"Options":[{"Sign":"A","Content":"可以"},{"Sign":"B","Content":"应当"},{"Sign":"C","Content":"不得"}]},{"QuestionID":117,"QuestionType":"禁毒知识","Content":"戒毒治疗不得以营利为目的。","Score":5,"Options":[{"Sign":"A","Content":"正确"},{"Sign":"B","Content":"错误"}]},{"QuestionID":52,"QuestionType":"禁毒知识","Content":"毒品起源于（　） 。","Score":5,"Options":[{"Sign":"A","Content":"矿物"},{"Sign":"B","Content":"动物"},{"Sign":"C","Content":"植物"},{"Sign":"D","Content":"毒物"}]},{"QuestionID":336,"QuestionType":"禁毒知识","Content":"鸦片，俗称大烟、福寿膏、阿芙蓉等，医学名阿片。其滥用方式为口吸，是一种传统麻醉品，具有保健作用。","Score":5,"Options":[{"Sign":"A","Content":"正确"},{"Sign":"B","Content":"错误"}]},{"QuestionID":416,"QuestionType":"禁毒知识","Content":"只要坚决不接触毒品，不交毒友，时刻保持警惕，就不会沾染毒品。","Score":5,"Options":[{"Sign":"A","Content":"正确"},{"Sign":"B","Content":"错误"}]},{"QuestionID":356,"QuestionType":"禁毒知识","Content":"已满14周岁不满16周岁的人对涉及“毒品”的犯罪，仅对“贩卖”毒品行为负刑事责任，对其他涉毒罪行不负刑事责任。","Score":5,"Options":[{"Sign":"A","Content":"正确"},{"Sign":"B","Content":"错误"}]},{"QuestionID":57,"QuestionType":"禁毒知识","Content":"对毒品犯罪的处罚包括生命刑，即死刑。","Score":5,"Options":[{"Sign":"A","Content":"正确"},{"Sign":"B","Content":"错误"}]},{"QuestionID":173,"QuestionType":"禁毒知识","Content":"我国的吸毒现象已遍及社会各阶层、各年龄段。","Score":5,"Options":[{"Sign":"A","Content":"正确"},{"Sign":"B","Content":"错误"}]},{"QuestionID":161,"QuestionType":"禁毒知识","Content":"如果自己一个人在家，遇到有不明的快递物品送到家里，我们应该先电话向父母问核实情况，才能开门接受快递员送的东西。这种说法正确吗？","Score":5,"Options":[{"Sign":"A","Content":"正确"},{"Sign":"B","Content":"错误"}]},{"QuestionID":369,"QuestionType":"禁毒知识","Content":"以下说法正确的是 。（  ）","Score":5,"Options":[{"Sign":"A","Content":"合成毒品麻古的主要成份是甲基苯丙胺和咖啡因"},{"Sign":"B","Content":"合成毒品麻古的主要成份是甲基苯丙胺和大麻"},{"Sign":"C","Content":"合成毒品麻古的主要成份是甲基苯丙胺和可卡因"}]},{"QuestionID":123,"QuestionType":"禁毒知识","Content":"据我国《禁毒法》之有关规定，以下不属于我国目前禁毒模式的是（　）。","Score":5,"Options":[{"Sign":"A","Content":"家庭戒毒"},{"Sign":"B","Content":"自愿戒毒"},{"Sign":"C","Content":"强制隔离戒毒"},{"Sign":"D","Content":"社区戒毒"}]},{"QuestionID":311,"QuestionType":"禁毒知识","Content":"下列说法正确的是 。（  ）","Score":5,"Options":[{"Sign":"A","Content":"吸毒成瘾是一种脑病"},{"Sign":"B","Content":"少量吸毒对身体没有损害"},{"Sign":"C","Content":"只吸几次毒不会上瘾"},{"Sign":"D","Content":"吸食合成毒品危害比较传统毒品要小"}]},{"QuestionID":354,"QuestionType":"禁毒知识","Content":"一位“朋友”以“参加朋友聚会”为由将你带至他的家中，然后提出玩点“小刺激”，引诱你使用某种物品，你应该选择的拒绝方式是（  ）","Score":5,"Options":[{"Sign":"A","Content":"直接说不"},{"Sign":"B","Content":"寻找借口离开"},{"Sign":"C","Content":"提出新建议"},{"Sign":"D","Content":"ABC都是"}]},{"QuestionID":24,"QuestionType":"禁毒知识","Content":"《禁毒法》规定，娱乐场所应当建立（  ）制度，发现娱乐场所内有毒品违法犯罪活动的，应当立即向公安机关报告。","Score":5,"Options":[{"Sign":"A","Content":"巡查"},{"Sign":"B","Content":"巡逻"},{"Sign":"C","Content":"检查"},{"Sign":"D","Content":"清查"}]},{"QuestionID":4,"QuestionType":"禁毒知识","Content":"“金三角”是指泰国、缅甸、（ ）。","Score":5,"Options":[{"Sign":"A","Content":"老挝"},{"Sign":"B","Content":"越南"},{"Sign":"C","Content":"柬埔寨"},{"Sign":"D","Content":"印度"}]},{"QuestionID":85,"QuestionType":"禁毒知识","Content":"根据我国现行法律法规，对夫妻一方在从事赌博、吸毒等违法犯罪活动中所负债务，另一方仍需承担责任。","Score":5,"Options":[{"Sign":"A","Content":"正确"},{"Sign":"B","Content":"错误"}]},{"QuestionID":25,"QuestionType":"禁毒知识","Content":"《禁毒法》规定的禁毒工作机制是（　）。","Score":5,"Options":[{"Sign":"A","Content":"党委统一领导，政府各部门各司其责，全社会广泛参与"},{"Sign":"B","Content":"政府统一领导，有关部门各负其责，社会广泛参与"},{"Sign":"C","Content":"党委政府统一领导，各有关部门各司其责，社会广泛参与"},{"Sign":"D","Content":"党委政府领导，各有关部门各负其责，全社会广泛参与"}]}]}